customerID,gender,SeniorCitizen,Partner,Dependents,tenure,PhoneService,MultipleLines,InternetService,OnlineSecurity,OnlineBackup,DeviceProtection,TechSupport,StreamingTV,StreamingMovies,Contract,PaperlessBilling,PaymentMethod,MonthlyCharges,TotalCharges,Churn
CUST_00001,Male,0,No,Yes,62,Yes,Yes,DSL,No,Yes,No,No,Yes,No,Month-to-month,No,Electronic check,96.23,5991.19,Yes
CUST_00002,Female,0,No,No,69,Yes,Yes,DSL,No,No,No,No,Yes,No,One year,No,Electronic check,55.25,3832.64,No
CUST_00003,Male,0,No,No,63,No,No phone service,DSL,No,Yes,No,No,Yes,Yes,One year,No,Electronic check,79.68,5044.19,No
CUST_00004,Male,1,Yes,No,2,Yes,Yes,Fiber optic,No,Yes,No,Yes,Yes,Yes,One year,No,Electronic check,114.51,229.84,No
CUST_00005,Male,0,Yes,Yes,54,Yes,No phone service,DSL,No,Yes,Yes,No,Yes,No,Month-to-month,No,Credit card (automatic),91.81,4998.57,No
CUST_00006,Female,0,Yes,No,16,Yes,Yes,DSL,No,No,Yes,No,Yes,No,Two year,Yes,Credit card (automatic),64.25,1044.65,No
CUST_00007,Male,1,Yes,No,55,Yes,No phone service,Fiber optic,No,Yes,Yes,No,Yes,No,Month-to-month,Yes,Mailed check,55.42,3084.42,Yes
CUST_00008,Male,0,No,Yes,43,Yes,No phone service,Fiber optic,No,Yes,Yes,Yes,Yes,No,One year,No,Electronic check,37.43,1612.9,No
CUST_00009,Male,0,No,Yes,61,Yes,No phone service,DSL,No,Yes,Yes,Yes,Yes,Yes,Month-to-month,Yes,Mailed check,95.13,5828.89,No
CUST_00010,Female,1,No,Yes,38,Yes,Yes,Fiber optic,Yes,Yes,Yes,Yes,No,No,Month-to-month,Yes,Electronic check,29.47,1165.2,Yes
CUST_00011,Male,0,No,Yes,45,Yes,No phone service,No,No internet service,No internet service,No internet service,No internet service,No internet service,No internet service,Month-to-month,Yes,Credit card (automatic),24.26,1111.71,No
CUST_00012,Male,1,Yes,No,51,Yes,Yes,No,No internet service,No internet service,No internet service,No internet service,No internet service,No internet service,Two year,No,Mailed check,28.69,1473.18,No
CUST_00013,Male,0,No,Yes,42,Yes,No,DSL,Yes,No,No,No,Yes,Yes,One year,No,Bank transfer (automatic),42.78,1801.56,Yes
CUST_00014,Male,0,Yes,No,24,Yes,Yes,No,No internet service,No internet service,No internet service,No internet service,No internet service,No internet service,One year,Yes,Mailed check,81.97,2010.15,No
CUST_00015,Female,0,No,Yes,30,Yes,Yes,Fiber optic,No,No,No,Yes,No,No,Two year,Yes,Bank transfer (automatic),105.86,3187.61,No
CUST_00016,Male,1,No,Yes,37,Yes,No phone service,No,No internet service,No internet service,No internet service,No internet service,No internet service,No internet service,Month-to-month,Yes,Mailed check,119.25,4460.91,Yes
CUST_00017,Female,0,No,No,53,Yes,Yes,Fiber optic,No,Yes,Yes,Yes,Yes,No,One year,Yes,Credit card (automatic),92.61,4920.79,No
CUST_00018,Female,0,Yes,No,63,No,No phone service,Fiber optic,No,Yes,No,No,Yes,No,Month-to-month,No,Bank transfer (automatic),32.89,2096.1,No
CUST_00019,Female,0,Yes,No,11,Yes,No phone service,Fiber optic,No,Yes,Yes,Yes,Yes,No,One year,Yes,Credit card (automatic),46.33,532.48,No
CUST_00020,Male,0,No,Yes,23,Yes,Yes,Fiber optic,Yes,Yes,Yes,Yes,No,Yes,Month-to-month,No,Mailed check,31.46,726.74,No
CUST_00021,Female,0,No,Yes,50,Yes,Yes,Fiber optic,Yes,No,Yes,Yes,No,No,Two year,Yes,Credit card (automatic),29.79,1515.91,Yes
CUST_00022,Male,0,No,No,55,Yes,No phone service,DSL,No,No,Yes,Yes,Yes,Yes,One year,No,Electronic check,75.91,4208.61,No
CUST_00023,Female,0,Yes,No,55,Yes,No phone service,DSL,Yes,Yes,Yes,Yes,No,No,Month-to-month,No,Bank transfer (automatic),110.49,6113.82,No
CUST_00024,Female,0,Yes,Yes,4,Yes,Yes,Fiber optic,Yes,Yes,No,Yes,No,Yes,Month-to-month,No,Electronic check,87.8,377.33,No
CUST_00025,Female,0,Yes,No,54,Yes,Yes,No,No internet service,No internet service,No internet service,No internet service,No internet service,No internet service,Month-to-month,No,Bank transfer (automatic),99.67,5422.61,Yes
CUST_00026,Female,0,No,No,61,Yes,No phone service,Fiber optic,Yes,No,Yes,No,No,No,Two year,No,Credit card (automatic),69.83,4296.98,No
CUST_00027,Female,0,Yes,Yes,5,Yes,No phone service,Fiber optic,Yes,No,Yes,No,Yes,Yes,Month-to-month,No,Credit card (automatic),66.48,342.11,No
CUST_00028,Female,1,No,No,18,Yes,No,Fiber optic,Yes,No,Yes,No,No,Yes,Month-to-month,No,Electronic check,113.62,2065.3,Yes
CUST_00029,Female,0,Yes,Yes,44,Yes,No,DSL,No,Yes,No,Yes,No,Yes,Month-to-month,Yes,Electronic check,91.64,4039.31,Yes
CUST_00030,Female,1,No,Yes,31,Yes,No,DSL,Yes,Yes,Yes,No,Yes,No,Two year,No,Mailed check,64.85,2017.11,No
CUST_00031,Male,0,No,Yes,21,Yes,No phone service,Fiber optic,Yes,Yes,Yes,Yes,Yes,Yes,One year,Yes,Electronic check,51.92,1126.0,No
CUST_00032,Male,0,Yes,No,47,No,No phone service,No,No internet service,No internet service,No internet service,No internet service,No internet service,No internet service,Month-to-month,Yes,Bank transfer (automatic),27.5,1318.98,No
CUST_00033,Female,0,No,No,30,Yes,No phone service,DSL,Yes,No,Yes,Yes,Yes,Yes,One year,Yes,Bank transfer (automatic),101.74,3082.26,No
CUST_00034,Female,0,No,No,55,No,No phone service,Fiber optic,No,No,No,No,No,Yes,Two year,Yes,Bank transfer (automatic),35.27,1976.52,Yes
CUST_00035,Female,0,No,No,68,Yes,No phone service,DSL,Yes,Yes,No,Yes,Yes,No,One year,Yes,Mailed check,70.53,4810.01,No
CUST_00036,Male,0,Yes,Yes,69,Yes,Yes,DSL,No,No,Yes,Yes,No,Yes,Month-to-month,Yes,Mailed check,83.0,5747.24,Yes
CUST_00037,Female,0,No,Yes,41,Yes,No phone service,DSL,Yes,Yes,No,Yes,Yes,Yes,Month-to-month,Yes,Bank transfer (automatic),93.9,3880.07,Yes
CUST_00038,Male,0,Yes,No,45,Yes,No phone service,Fiber optic,No,Yes,Yes,Yes,No,No,Month-to-month,No,Electronic check,26.5,1197.38,No
CUST_00039,Male,0,Yes,No,30,Yes,Yes,DSL,Yes,Yes,No,No,Yes,No,Month-to-month,Yes,Credit card (automatic),19.09,614.35,No
CUST_00040,Male,0,No,No,45,No,No phone service,DSL,Yes,No,Yes,Yes,Yes,No,One year,Yes,Mailed check,90.01,4067.75,Yes
CUST_00041,Male,0,Yes,No,45,Yes,No phone service,Fiber optic,Yes,No,No,No,No,Yes,Two year,Yes,Electronic check,64.35,2928.59,No
CUST_00042,Male,0,No,Yes,45,Yes,No phone service,No,No internet service,No internet service,No internet service,No internet service,No internet service,No internet service,Two year,Yes,Mailed check,36.48,1691.19,No
CUST_00043,Female,0,Yes,No,55,Yes,No,DSL,No,No,Yes,No,Yes,Yes,Two year,Yes,Mailed check,118.17,6522.94,No
CUST_00044,Female,0,No,Yes,59,Yes,No phone service,Fiber optic,No,No,Yes,No,Yes,Yes,Month-to-month,Yes,Credit card (automatic),98.72,5835.12,No
CUST_00045,Female,0,Yes,No,5,Yes,Yes,DSL,No,No,Yes,No,Yes,Yes,Two year,No,Mailed check,77.01,395.86,Yes
CUST_00046,Female,0,No,No,32,Yes,Yes,No,No internet service,No internet service,No internet service,No internet service,No internet service,No internet service,One year,Yes,Mailed check,89.61,2870.7,No
CUST_00047,Female,0,No,No,6,Yes,Yes,Fiber optic,Yes,No,No,No,Yes,Yes,Month-to-month,Yes,Credit card (automatic),33.81,241.23,Yes
CUST_00048,Male,0,No,Yes,26,Yes,No phone service,No,No internet service,No internet service,No internet service,No internet service,No internet service,No internet service,One year,Yes,Bank transfer (automatic),116.15,3034.49,Yes
CUST_00049,Female,0,No,No,37,Yes,Yes,DSL,Yes,Yes,No,No,Yes,Yes,Month-to-month,Yes,Mailed check,119.63,4434.93,No
CUST_00050,Female,0,Yes,Yes,13,Yes,No,Fiber optic,Yes,No,Yes,Yes,Yes,Yes,Month-to-month,Yes,Mailed check,84.14,1129.52,No
CUST_00051,Male,0,Yes,Yes,69,Yes,Yes,Fiber optic,Yes,No,No,Yes,Yes,Yes,One year,No,Bank transfer (automatic),86.17,5961.04,No
CUST_00052,Female,0,No,No,25,Yes,No phone service,DSL,No,Yes,No,No,No,Yes,Month-to-month,Yes,Bank transfer (automatic),89.85,2276.39,No
CUST_00053,Male,0,Yes,Yes,13,Yes,No,DSL,No,No,No,No,No,No,One year,Yes,Bank transfer (automatic),85.91,1137.72,No
CUST_00054,Female,1,No,Yes,20,Yes,Yes,Fiber optic,Yes,Yes,No,No,No,No,Month-to-month,No,Bank transfer (automatic),62.73,1271.33,Yes
CUST_00055,Male,0,No,Yes,72,Yes,No,Fiber optic,No,Yes,Yes,Yes,No,No,Two year,Yes,Electronic check,73.15,5291.2,No
CUST_00056,Female,1,Yes,No,60,Yes,Yes,DSL,No,Yes,Yes,Yes,Yes,No,Two year,No,Bank transfer (automatic),46.84,2825.97,No
CUST_00057,Female,0,Yes,Yes,21,Yes,No phone service,Fiber optic,No,No,No,Yes,No,No,Two year,No,Bank transfer (automatic),63.58,1378.68,No
CUST_00058,Male,0,No,Yes,61,Yes,No,DSL,No,Yes,No,No,Yes,No,Two year,No,Bank transfer (automatic),62.48,3815.09,No
CUST_00059,Male,0,Yes,No,26,Yes,Yes,DSL,Yes,No,Yes,No,Yes,Yes,Two year,Yes,Electronic check,47.39,1233.66,No
CUST_00060,Male,0,No,No,54,Yes,Yes,Fiber optic,No,Yes,Yes,No,No,Yes,One year,Yes,Credit card (automatic),98.24,5325.49,Yes
CUST_00061,Male,0,Yes,Yes,42,No,No phone service,DSL,No,No,No,Yes,Yes,No,Two year,No,Bank transfer (automatic),59.79,2519.68,No
CUST_00062,Male,0,Yes,Yes,11,Yes,No,Fiber optic,Yes,Yes,No,No,No,No,One year,No,Electronic check,74.27,854.21,Yes
CUST_00063,Male,0,Yes,Yes,37,Yes,No,DSL,No,No,No,No,No,Yes,Two year,Yes,Mailed check,33.92,1272.76,No
CUST_00064,Male,0,Yes,Yes,11,Yes,No,Fiber optic,Yes,No,No,No,No,Yes,Month-to-month,Yes,Credit card (automatic),66.45,743.98,No
CUST_00065,Male,0,Yes,No,27,Yes,Yes,Fiber optic,Yes,No,Yes,Yes,No,No,One year,No,Electronic check,95.67,2601.02,No
CUST_00066,Female,0,No,No,34,Yes,Yes,No,No internet service,No internet service,No internet service,No internet service,No internet service,No internet service,Two year,No,Bank transfer (automatic),63.34,2164.59,Yes
CUST_00067,Female,0,Yes,Yes,38,Yes,Yes,DSL,Yes,No,Yes,No,No,No,One year,Yes,Credit card (automatic),74.89,2860.79,No
CUST_00068,Male,0,Yes,No,61,Yes,No phone service,Fiber optic,Yes,No,Yes,Yes,No,Yes,Month-to-month,No,Electronic check,89.57,5492.42,No
CUST_00069,Female,0,No,Yes,53,Yes,No,DSL,No,No,Yes,Yes,Yes,No,One year,No,Electronic check,57.68,3100.0,No
CUST_00070,Female,1,No,No,65,Yes,Yes,Fiber optic,No,No,Yes,Yes,No,No,One year,No,Electronic check,54.03,3530.81,Yes
CUST_00071,Female,0,No,No,3,Yes,No,Fiber optic,No,No,No,Yes,Yes,No,Two year,No,Electronic check,26.75,96.27,No
CUST_00072,Female,1,Yes,Yes,67,Yes,No,DSL,Yes,Yes,Yes,No,No,No,One year,No,Electronic check,77.39,5224.34,No
CUST_00073,Male,0,Yes,Yes,28,Yes,Yes,Fiber optic,Yes,Yes,No,No,No,Yes,Month-to-month,Yes,Electronic check,90.11,2524.19,Yes
CUST_00074,Female,0,No,Yes,14,Yes,No,DSL,Yes,Yes,Yes,No,Yes,No,Two year,Yes,Electronic check,77.29,1097.13,No
CUST_00075,Male,0,No,Yes,52,Yes,No,DSL,Yes,Yes,No,Yes,Yes,Yes,Two year,Yes,Electronic check,46.92,2462.43,No
CUST_00076,Female,0,No,No,30,Yes,No,DSL,Yes,Yes,Yes,Yes,Yes,Yes,Month-to-month,Yes,Mailed check,44.76,1372.78,No
CUST_00077,Female,1,No,No,58,Yes,No,Fiber optic,Yes,No,Yes,Yes,No,No,Two year,No,Mailed check,34.27,1995.33,Yes
CUST_00078,Female,0,Yes,Yes,54,Yes,No,Fiber optic,No,Yes,No,Yes,No,No,Month-to-month,Yes,Bank transfer (automatic),22.79,1252.47,No
CUST_00079,Male,0,Yes,No,69,Yes,Yes,DSL,Yes,Yes,No,No,No,Yes,Month-to-month,No,Bank transfer (automatic),61.54,4274.68,Yes
CUST_00080,Female,0,Yes,No,15,Yes,Yes,Fiber optic,Yes,Yes,No,No,Yes,Yes,Two year,Yes,Bank transfer (automatic),34.37,541.11,No
CUST_00081,Male,0,Yes,Yes,38,Yes,No,DSL,No,Yes,No,Yes,Yes,Yes,Two year,No,Bank transfer (automatic),88.46,3390.26,No
CUST_00082,Female,1,Yes,Yes,14,Yes,No,DSL,Yes,No,Yes,No,No,Yes,Month-to-month,No,Bank transfer (automatic),116.1,1658.47,No
CUST_00083,Male,0,No,No,57,Yes,No,Fiber optic,Yes,No,Yes,No,Yes,Yes,Month-to-month,Yes,Bank transfer (automatic),25.5,1472.19,Yes
CUST_00084,Female,0,Yes,Yes,59,Yes,No phone service,Fiber optic,Yes,Yes,Yes,Yes,No,No,Month-to-month,No,Mailed check,109.08,6438.99,No
CUST_00085,Male,0,No,Yes,8,Yes,No,DSL,No,Yes,Yes,No,No,No,Two year,No,Mailed check,85.09,683.47,No
CUST_00086,Male,0,No,No,72,Yes,No phone service,DSL,No,Yes,Yes,No,Yes,No,Two year,Yes,Mailed check,105.75,7656.82,No
CUST_00087,Female,0,No,No,19,Yes,No phone service,No,No internet service,No internet service,No internet service,No internet service,No internet service,No internet service,Month-to-month,Yes,Electronic check,33.81,676.18,No
CUST_00088,Male,0,Yes,Yes,32,No,No phone service,DSL,No,No,Yes,Yes,No,Yes,Month-to-month,No,Electronic check,110.46,3572.97,Yes
CUST_00089,Female,0,No,No,29,Yes,Yes,DSL,Yes,No,Yes,Yes,Yes,Yes,Month-to-month,Yes,Bank transfer (automatic),115.7,3401.83,Yes
CUST_00090,Female,0,Yes,Yes,41,Yes,No phone service,Fiber optic,Yes,No,No,Yes,No,Yes,Two year,No,Credit card (automatic),110.48,4567.41,No
CUST_00091,Female,0,No,Yes,45,Yes,No,Fiber optic,No,Yes,Yes,Yes,Yes,No,Month-to-month,Yes,Mailed check,98.12,4450.06,No
CUST_00092,Female,0,Yes,No,13,Yes,No,Fiber optic,Yes,No,No,No,Yes,No,One year,No,Credit card (automatic),27.21,386.53,No
CUST_00093,Female,0,No,No,27,Yes,Yes,No,No internet service,No internet service,No internet service,No internet service,No internet service,No internet service,One year,Yes,Bank transfer (automatic),40.51,1106.82,Yes
CUST_00094,Female,0,Yes,Yes,19,Yes,Yes,DSL,Yes,No,Yes,No,No,Yes,Month-to-month,Yes,Mailed check,111.14,2159.52,No
CUST_00095,Female,0,No,Yes,26,Yes,No,Fiber optic,No,No,Yes,No,No,No,Month-to-month,Yes,Credit card (automatic),41.4,1103.54,No
CUST_00096,Female,0,No,Yes,53,Yes,Yes,DSL,Yes,Yes,No,Yes,No,No,Month-to-month,No,Mailed check,53.47,2844.85,No
CUST_00097,Female,0,No,No,51,Yes,Yes,Fiber optic,No,No,No,Yes,No,No,One year,Yes,Credit card (automatic),23.15,1191.07,No
CUST_00098,Female,0,No,Yes,37,Yes,No phone service,No,No internet service,No internet service,No internet service,No internet service,No internet service,No internet service,Two year,Yes,Bank transfer (automatic),82.07,3077.19,No
CUST_00099,Female,0,Yes,No,9,Yes,No phone service,Fiber optic,Yes,Yes,Yes,Yes,Yes,No,One year,No,Bank transfer (automatic),75.46,691.62,No
CUST_00100,Male,0,Yes,Yes,52,Yes,Yes,Fiber optic,No,No,No,No,No,Yes,Month-to-month,Yes,Electronic check,116.1,6039.31,No
CUST_00101,Male,0,Yes,No,54,Yes,No,No,No internet service,No internet service,No internet service,No internet service,No internet service,No internet service,Month-to-month,No,Credit card (automatic),109.02,5908.45,Yes
CUST_00102,Female,0,No,Yes,3,Yes,No phone service,DSL,Yes,Yes,Yes,No,No,No,Month-to-month,Yes,Mailed check,69.61,249.69,No
CUST_00103,Female,0,No,No,69,Yes,No,Fiber optic,No,No,No,Yes,Yes,No,Month-to-month,Yes,Credit card (automatic),80.15,5551.24,No
CUST_00104,Female,0,No,Yes,8,No,No phone service,No,No internet service,No internet service,No internet service,No internet service,No internet service,No internet service,One year,Yes,Electronic check,60.15,521.35,Yes
CUST_00105,Female,0,No,Yes,14,Yes,No,Fiber optic,Yes,Yes,No,Yes,Yes,Yes,Two year,No,Electronic check,31.51,482.51,No
CUST_00106,Female,0,No,Yes,3,Yes,No,DSL,No,Yes,Yes,Yes,No,No,Two year,Yes,Electronic check,106.51,362.43,Yes
CUST_00107,Female,0,No,Yes,24,Yes,No,DSL,No,Yes,No,No,No,Yes,Two year,No,Electronic check,74.05,1806.72,No
CUST_00108,Female,0,Yes,No,13,Yes,No,DSL,No,Yes,Yes,Yes,Yes,No,One year,Yes,Mailed check,61.39,833.04,No
CUST_00109,Female,0,Yes,No,43,Yes,Yes,DSL,No,Yes,Yes,No,No,Yes,Two year,Yes,Mailed check,24.98,1087.38,No
CUST_00110,Male,0,Yes,No,29,Yes,Yes,Fiber optic,No,Yes,No,No,No,No,Two year,No,Electronic check,85.87,2495.19,Yes
CUST_00111,Female,0,Yes,No,72,Yes,No phone service,DSL,No,Yes,Yes,No,Yes,Yes,One year,No,Mailed check,58.77,4257.78,No
CUST_00112,Male,0,Yes,No,51,Yes,No phone service,DSL,Yes,Yes,No,Yes,No,Yes,Month-to-month,Yes,Electronic check,43.88,2238.25,No
CUST_00113,Female,0,Yes,Yes,42,Yes,No phone service,Fiber optic,No,Yes,Yes,Yes,Yes,No,Month-to-month,No,Bank transfer (automatic),107.43,4535.3,Yes
CUST_00114,Female,0,Yes,No,31,Yes,No phone service,Fiber optic,No,Yes,Yes,No,No,No,Month-to-month,No,Electronic check,36.73,1143.75,No
CUST_00115,Male,0,Yes,No,63,Yes,No,Fiber optic,Yes,Yes,Yes,Yes,No,Yes,Two year,Yes,Bank transfer (automatic),70.53,4448.94,No
CUST_00116,Female,0,No,No,26,Yes,No phone service,Fiber optic,No,Yes,No,Yes,No,No,One year,No,Electronic check,99.17,2621.88,Yes
CUST_00117,Male,0,No,No,18,Yes,No phone service,DSL,No,No,Yes,Yes,Yes,No,Month-to-month,No,Electronic check,104.61,1914.93,Yes
CUST_00118,Female,0,No,Yes,57,Yes,No,DSL,Yes,Yes,Yes,No,Yes,No,One year,Yes,Mailed check,101.51,5818.21,No
CUST_00119,Female,0,No,Yes,7,Yes,Yes,DSL,Yes,Yes,Yes,No,No,No,Month-to-month,Yes,Bank transfer (automatic),109.46,786.42,Yes
CUST_00120,Male,0,No,Yes,48,Yes,No phone service,Fiber optic,No,Yes,No,No,No,Yes,Two year,No,Mailed check,32.52,1581.64,No
CUST_00121,Female,0,No,Yes,60,Yes,Yes,DSL,No,No,Yes,No,Yes,No,Month-to-month,No,Electronic check,113.93,6850.76,No
CUST_00122,Male,1,No,No,33,Yes,No phone service,Fiber optic,Yes,Yes,Yes,No,No,Yes,One year,No,Bank transfer (automatic),19.1,652.08,No
CUST_00123,Female,0,Yes,No,3,Yes,Yes,DSL,No,No,No,Yes,No,Yes,One year,Yes,Electronic check,44.1,161.66,No
CUST_00124,Male,1,Yes,Yes,4,Yes,No phone service,No,No internet service,No internet service,No internet service,No internet service,No internet service,No internet service,Two year,No,Bank transfer (automatic),26.57,115.62,No
CUST_00125,Male,0,No,Yes,4,Yes,Yes,Fiber optic,Yes,No,No,No,No,Yes,One year,Yes,Credit card (automatic),114.44,470.86,Yes
CUST_00126,Female,1,Yes,No,42,Yes,Yes,Fiber optic,Yes,No,No,No,No,No,Two year,Yes,Bank transfer (automatic),61.24,2596.88,No
CUST_00127,Female,0,Yes,No,9,Yes,No phone service,Fiber optic,Yes,No,No,No,No,Yes,Month-to-month,No,Credit card (automatic),50.16,470.66,No
CUST_00128,Male,0,Yes,Yes,51,Yes,Yes,Fiber optic,No,No,Yes,No,No,No,Month-to-month,No,Electronic check,35.04,1828.16,No
CUST_00129,Female,0,Yes,Yes,17,Yes,No phone service,Fiber optic,Yes,No,Yes,Yes,Yes,No,Month-to-month,No,Electronic check,33.89,617.27,No
CUST_00130,Female,0,Yes,Yes,17,Yes,No phone service,No,No internet service,No internet service,No internet service,No internet service,No internet service,No internet service,One year,No,Mailed check,80.62,1387.36,Yes
CUST_00131,Female,0,No,Yes,20,Yes,No,Fiber optic,Yes,Yes,Yes,Yes,Yes,No,Month-to-month,No,Credit card (automatic),22.8,478.59,Yes
CUST_00132,Male,0,Yes,No,14,Yes,No phone service,No,No internet service,No internet service,No internet service,No internet service,No internet service,No internet service,Month-to-month,Yes,Mailed check,78.62,1149.53,No
CUST_00133,Male,0,No,No,22,Yes,No phone service,DSL,No,No,Yes,Yes,Yes,No,One year,No,Credit card (automatic),97.01,2175.69,No
CUST_00134,Male,0,No,No,52,Yes,No phone service,No,No internet service,No internet service,No internet service,No internet service,No internet service,No internet service,One year,No,Electronic check,79.3,4134.57,No
CUST_00135,Male,0,No,Yes,27,Yes,No phone service,DSL,No,No,No,Yes,No,No,One year,Yes,Mailed check,102.31,2776.41,No
CUST_00136,Male,0,Yes,No,43,Yes,No,DSL,No,No,No,No,No,Yes,Month-to-month,Yes,Credit card (automatic),45.06,1941.6,Yes
CUST_00137,Male,1,No,No,3,Yes,No,Fiber optic,No,Yes,Yes,No,Yes,Yes,Two year,Yes,Mailed check,25.87,111.51,No
CUST_00138,Male,0,No,Yes,8,Yes,No,DSL,No,No,No,No,No,Yes,One year,Yes,Electronic check,91.54,748.17,Yes
CUST_00139,Male,1,No,Yes,10,Yes,No,DSL,No,Yes,No,No,No,No,Month-to-month,Yes,Credit card (automatic),102.47,1051.52,Yes
CUST_00140,Male,0,No,Yes,29,Yes,Yes,DSL,Yes,No,Yes,Yes,No,Yes,One year,No,Bank transfer (automatic),69.17,2044.37,No
CUST_00141,Female,0,Yes,Yes,40,Yes,No phone service,Fiber optic,Yes,No,Yes,No,Yes,No,Month-to-month,Yes,Credit card (automatic),101.7,4109.92,Yes
CUST_00142,Male,0,No,Yes,65,Yes,No,No,No internet service,No internet service,No internet service,No internet service,No internet service,No internet service,One year,Yes,Electronic check,64.71,4222.27,No
CUST_00143,Female,0,No,Yes,21,No,No phone service,Fiber optic,No,No,No,No,Yes,No,Month-to-month,Yes,Credit card (automatic),38.25,815.11,Yes
CUST_00144,Female,0,No,No,24,Yes,No,No,No internet service,No internet service,No internet service,No internet service,No internet service,No internet service,Two year,No,Mailed check,66.39,1635.74,No
CUST_00145,Female,0,No,No,60,Yes,No phone service,Fiber optic,No,Yes,No,No,No,Yes,Two year,Yes,Electronic check,40.03,2420.68,No
CUST_00146,Male,0,Yes,No,26,Yes,Yes,DSL,Yes,No,No,Yes,No,Yes,Month-to-month,No,Electronic check,66.15,1760.93,No
CUST_00147,Male,1,No,No,9,Yes,No,DSL,Yes,Yes,Yes,Yes,Yes,No,Month-to-month,No,Bank transfer (automatic),33.05,304.94,Yes
CUST_00148,Male,0,No,No,20,Yes,Yes,Fiber optic,Yes,Yes,No,Yes,Yes,No,Month-to-month,No,Bank transfer (automatic),36.93,784.14,No
CUST_00149,Male,0,No,No,56,No,No phone service,DSL,Yes,No,Yes,No,Yes,No,One year,No,Mailed check,108.06,6075.35,No
CUST_00150,Female,0,No,Yes,36,Yes,No phone service,DSL,Yes,No,Yes,No,Yes,Yes,Month-to-month,No,Mailed check,29.82,1081.94,No
CUST_00151,Male,0,No,Yes,36,Yes,No,Fiber optic,Yes,No,No,Yes,No,No,Two year,Yes,Credit card (automatic),40.88,1498.29,No
CUST_00152,Male,0,No,Yes,22,Yes,Yes,Fiber optic,No,No,No,No,No,Yes,Month-to-month,No,Mailed check,119.54,2673.45,No
CUST_00153,Male,0,Yes,No,1,Yes,No phone service,DSL,Yes,No,Yes,Yes,Yes,Yes,One year,No,Mailed check,76.75,96.22,Yes
CUST_00154,Male,0,No,No,69,Yes,No phone service,No,No internet service,No internet service,No internet service,No internet service,No internet service,No internet service,Month-to-month,Yes,Mailed check,77.75,5373.9,No
CUST_00155,Male,0,Yes,Yes,37,No,No phone service,Fiber optic,No,Yes,No,Yes,Yes,No,Two year,Yes,Credit card (automatic),104.19,3883.75,No
CUST_00156,Female,0,Yes,Yes,72,Yes,Yes,Fiber optic,No,Yes,Yes,Yes,No,Yes,Month-to-month,No,Electronic check,71.48,5188.33,No
CUST_00157,Male,0,No,Yes,13,Yes,No phone service,No,No internet service,No internet service,No internet service,No internet service,No internet service,No internet service,One year,Yes,Electronic check,40.62,534.15,No
CUST_00158,Female,1,Yes,Yes,43,No,No phone service,DSL,No,No,No,No,Yes,Yes,One year,No,Credit card (automatic),61.09,2629.01,No
CUST_00159,Male,0,No,Yes,37,Yes,No phone service,Fiber optic,No,Yes,Yes,No,Yes,Yes,One year,Yes,Mailed check,95.01,3518.19,No
CUST_00160,Female,0,Yes,No,25,Yes,Yes,No,No internet service,No internet service,No internet service,No internet service,No internet service,No internet service,Month-to-month,No,Bank transfer (automatic),106.99,2686.27,Yes
CUST_00161,Male,0,No,No,21,Yes,No phone service,Fiber optic,No,Yes,No,No,Yes,No,Month-to-month,No,Credit card (automatic),45.87,963.57,No
CUST_00162,Male,1,Yes,No,41,Yes,Yes,Fiber optic,No,No,Yes,Yes,Yes,No,One year,No,Bank transfer (automatic),44.72,1855.01,No
CUST_00163,Female,0,Yes,Yes,42,Yes,No phone service,Fiber optic,No,Yes,No,Yes,Yes,Yes,Two year,Yes,Mailed check,51.42,2194.36,No
CUST_00164,Female,0,No,No,42,Yes,Yes,Fiber optic,Yes,No,Yes,Yes,Yes,No,Month-to-month,Yes,Electronic check,78.81,3345.69,Yes
CUST_00165,Female,0,Yes,Yes,2,Yes,Yes,DSL,No,No,Yes,Yes,No,Yes,Month-to-month,Yes,Bank transfer (automatic),46.41,124.65,Yes
CUST_00166,Male,0,Yes,No,68,Yes,No,No,No internet service,No internet service,No internet service,No internet service,No internet service,No internet service,Month-to-month,Yes,Bank transfer (automatic),109.1,7433.61,Yes
CUST_00167,Female,0,Yes,Yes,8,Yes,No,No,No internet service,No internet service,No internet service,No internet service,No internet service,No internet service,One year,No,Bank transfer (automatic),117.76,978.85,No
CUST_00168,Male,0,Yes,Yes,61,Yes,No,No,No internet service,No internet service,No internet service,No internet service,No internet service,No internet service,Two year,Yes,Bank transfer (automatic),87.27,5352.31,No
CUST_00169,Male,0,Yes,No,14,Yes,Yes,Fiber optic,Yes,No,No,Yes,No,Yes,One year,Yes,Electronic check,116.97,1680.65,No
CUST_00170,Female,0,No,No,21,Yes,No phone service,DSL,Yes,No,No,No,Yes,No,Month-to-month,No,Electronic check,47.36,1018.48,No
CUST_00171,Female,0,Yes,No,24,Yes,No phone service,DSL,No,Yes,No,Yes,No,No,Month-to-month,No,Bank transfer (automatic),101.15,2436.54,Yes
CUST_00172,Male,0,Yes,No,50,Yes,Yes,No,No internet service,No internet service,No internet service,No internet service,No internet service,No internet service,Two year,Yes,Credit card (automatic),87.2,4391.8,No
CUST_00173,Male,0,No,No,45,No,No phone service,DSL,No,Yes,Yes,Yes,No,Yes,Month-to-month,No,Electronic check,44.85,2025.59,No
CUST_00174,Female,0,No,Yes,64,Yes,Yes,DSL,No,No,Yes,No,No,Yes,Month-to-month,Yes,Electronic check,50.48,3278.72,Yes
CUST_00175,Female,1,No,No,64,Yes,No phone service,Fiber optic,No,Yes,Yes,No,Yes,No,One year,Yes,Mailed check,67.84,4376.91,No
CUST_00176,Female,0,Yes,No,26,Yes,Yes,Fiber optic,Yes,No,No,Yes,No,Yes,Month-to-month,Yes,Mailed check,98.75,2605.25,No
CUST_00177,Male,0,Yes,Yes,32,Yes,No,Fiber optic,Yes,Yes,Yes,No,No,No,Two year,No,Credit card (automatic),106.97,3456.9,No
CUST_00178,Male,0,Yes,No,57,Yes,No,Fiber optic,Yes,No,No,No,No,Yes,Month-to-month,No,Credit card (automatic),82.66,4716.65,Yes
CUST_00179,Male,0,Yes,Yes,53,Yes,No phone service,Fiber optic,Yes,No,No,Yes,No,Yes,Month-to-month,No,Mailed check,91.6,4878.11,No
CUST_00180,Male,0,No,No,33,Yes,No phone service,No,No internet service,No internet service,No internet service,No internet service,No internet service,No internet service,Month-to-month,No,Mailed check,44.91,1514.69,Yes
CUST_00181,Male,0,No,No,52,Yes,No phone service,DSL,No,Yes,Yes,No,Yes,No,One year,No,Bank transfer (automatic),93.59,4878.11,No
CUST_00182,Male,0,Yes,Yes,18,No,No phone service,DSL,No,No,Yes,Yes,Yes,No,One year,Yes,Mailed check,79.71,1468.72,No
CUST_00183,Female,0,Yes,No,35,Yes,No,Fiber optic,No,No,No,Yes,Yes,No,Two year,Yes,Credit card (automatic),40.74,1466.82,No
CUST_00184,Male,0,Yes,No,12,Yes,No,No,No internet service,No internet service,No internet service,No internet service,No internet service,No internet service,Month-to-month,No,Credit card (automatic),114.92,1392.78,No
CUST_00185,Male,0,Yes,No,51,Yes,Yes,DSL,Yes,Yes,No,Yes,No,Yes,Month-to-month,Yes,Mailed check,70.31,3595.88,No
CUST_00186,Male,0,No,No,10,Yes,No phone service,DSL,Yes,No,No,No,Yes,No,Month-to-month,Yes,Credit card (automatic),99.04,1034.51,Yes
CUST_00187,Female,0,No,Yes,52,Yes,No,Fiber optic,No,No,Yes,Yes,Yes,No,Two year,No,Electronic check,71.61,3724.11,No
CUST_00188,Male,0,Yes,Yes,34,Yes,Yes,Fiber optic,No,Yes,Yes,No,Yes,Yes,Month-to-month,No,Credit card (automatic),113.16,3860.21,No
CUST_00189,Male,0,No,No,67,Yes,Yes,No,No internet service,No internet service,No internet service,No internet service,No internet service,No internet service,One year,No,Bank transfer (automatic),32.41,2191.84,No
CUST_00190,Female,0,Yes,No,39,Yes,Yes,No,No internet service,No internet service,No internet service,No internet service,No internet service,No internet service,Two year,Yes,Electronic check,73.71,2908.22,No
CUST_00191,Male,0,Yes,Yes,8,Yes,No,Fiber optic,Yes,Yes,No,No,Yes,Yes,Month-to-month,No,Electronic check,20.57,214.38,Yes
CUST_00192,Male,0,No,Yes,29,Yes,Yes,Fiber optic,No,Yes,No,No,No,Yes,One year,Yes,Electronic check,38.13,1124.43,No
CUST_00193,Male,0,Yes,No,22,Yes,No phone service,DSL,Yes,Yes,No,No,No,Yes,Month-to-month,No,Mailed check,46.66,1074.06,Yes
CUST_00194,Male,0,No,Yes,70,Yes,Yes,Fiber optic,Yes,No,No,No,Yes,No,Month-to-month,No,Bank transfer (automatic),66.21,4652.77,Yes
CUST_00195,Male,1,Yes,Yes,61,Yes,Yes,Fiber optic,No,No,Yes,No,Yes,Yes,Month-to-month,No,Mailed check,101.66,6235.89,Yes
CUST_00196,Female,0,No,Yes,43,Yes,No,DSL,No,Yes,No,No,Yes,No,Two year,No,Bank transfer (automatic),65.6,2829.01,No
CUST_00197,Female,0,Yes,Yes,49,Yes,Yes,DSL,Yes,Yes,Yes,No,No,Yes,Month-to-month,No,Credit card (automatic),75.24,3709.83,No
CUST_00198,Female,0,No,No,29,Yes,No,No,No internet service,No internet service,No internet service,No internet service,No internet service,No internet service,Month-to-month,Yes,Credit card (automatic),112.25,3298.92,Yes
CUST_00199,Male,0,Yes,Yes,31,Yes,No,Fiber optic,No,Yes,No,No,No,No,Month-to-month,Yes,Credit card (automatic),95.17,2966.16,No
CUST_00200,Male,0,Yes,No,53,Yes,No phone service,Fiber optic,No,No,Yes,Yes,No,Yes,Month-to-month,No,Electronic check,23.12,1230.66,Yes
CUST_00201,Male,0,No,No,34,Yes,Yes,DSL,Yes,Yes,Yes,Yes,Yes,No,Two year,No,Credit card (automatic),36.0,1250.11,No
CUST_00202,Female,1,Yes,Yes,38,Yes,No phone service,Fiber optic,No,Yes,Yes,No,No,No,Month-to-month,Yes,Bank transfer (automatic),21.9,854.11,No
CUST_00203,Male,0,No,No,57,Yes,No phone service,No,No internet service,No internet service,No internet service,No internet service,No internet service,No internet service,Two year,No,Electronic check,25.04,1438.97,No
CUST_00204,Male,0,No,No,4,Yes,Yes,DSL,No,No,No,Yes,Yes,Yes,Two year,No,Mailed check,52.56,255.53,No
CUST_00205,Female,0,Yes,Yes,2,Yes,Yes,Fiber optic,No,Yes,Yes,Yes,No,No,Two year,Yes,Electronic check,92.24,214.57,No
CUST_00206,Male,0,Yes,Yes,12,Yes,No,DSL,Yes,No,Yes,Yes,No,No,Month-to-month,Yes,Mailed check,42.92,532.45,No
CUST_00207,Female,0,Yes,Yes,35,Yes,Yes,Fiber optic,Yes,No,No,Yes,Yes,Yes,Month-to-month,Yes,Mailed check,58.01,2080.27,No
CUST_00208,Female,0,Yes,No,70,Yes,No,No,No internet service,No internet service,No internet service,No internet service,No internet service,No internet service,One year,Yes,Mailed check,58.18,4079.14,No
CUST_00209,Female,0,No,No,72,Yes,No phone service,Fiber optic,No,No,Yes,No,No,No,Month-to-month,Yes,Electronic check,78.21,5673.61,No
CUST_00210,Male,0,Yes,No,21,Yes,No phone service,No,No internet service,No internet service,No internet service,No internet service,No internet service,No internet service,One year,No,Credit card (automatic),109.08,2302.16,No
CUST_00211,Male,0,Yes,No,61,Yes,No,No,No internet service,No internet service,No internet service,No internet service,No internet service,No internet service,Month-to-month,Yes,Mailed check,118.29,7227.62,No
CUST_00212,Male,0,Yes,Yes,35,Yes,Yes,No,No internet service,No internet service,No internet service,No internet service,No internet service,No internet service,Two year,Yes,Bank transfer (automatic),79.67,2813.37,No
CUST_00213,Male,0,No,No,48,Yes,Yes,No,No internet service,No internet service,No internet service,No internet service,No internet service,No internet service,Month-to-month,Yes,Bank transfer (automatic),69.52,3369.92,No
CUST_00214,Male,0,Yes,Yes,15,No,No phone service,DSL,No,Yes,No,Yes,No,Yes,Month-to-month,Yes,Bank transfer (automatic),87.55,1347.79,No
CUST_00215,Male,0,No,Yes,71,Yes,No phone service,No,No internet service,No internet service,No internet service,No internet service,No internet service,No internet service,One year,Yes,Bank transfer (automatic),86.14,6116.99,No
CUST_00216,Male,0,Yes,Yes,15,Yes,No,DSL,No,Yes,Yes,No,Yes,No,Month-to-month,No,Mailed check,71.44,1085.98,No
CUST_00217,Female,0,No,Yes,6,Yes,Yes,DSL,Yes,Yes,No,No,Yes,Yes,Month-to-month,No,Bank transfer (automatic),93.17,592.05,Yes
CUST_00218,Male,1,Yes,No,68,Yes,Yes,DSL,No,No,Yes,No,Yes,No,Month-to-month,Yes,Electronic check,68.11,4675.95,Yes
CUST_00219,Female,0,Yes,Yes,22,Yes,No,DSL,No,No,No,Yes,No,No,Month-to-month,No,Bank transfer (automatic),119.64,2665.55,No
CUST_00220,Male,0,No,No,32,Yes,Yes,Fiber optic,No,No,No,No,No,No,Month-to-month,No,Bank transfer (automatic),23.0,749.22,Yes
CUST_00221,Male,1,Yes,Yes,22,Yes,No phone service,Fiber optic,Yes,Yes,No,No,No,Yes,Month-to-month,No,Credit card (automatic),63.21,1415.96,Yes
CUST_00222,Male,0,Yes,Yes,27,Yes,No,DSL,No,Yes,No,Yes,No,Yes,Month-to-month,No,Electronic check,58.5,1611.78,Yes
CUST_00223,Female,0,Yes,Yes,15,Yes,No phone service,Fiber optic,Yes,Yes,Yes,No,No,Yes,Month-to-month,No,Electronic check,96.57,1455.33,No
CUST_00224,Female,0,No,No,44,Yes,No phone service,Fiber optic,Yes,No,No,No,Yes,No,Month-to-month,Yes,Credit card (automatic),37.46,1675.67,No
CUST_00225,Female,0,Yes,Yes,9,Yes,No,Fiber optic,No,No,No,No,No,Yes,One year,No,Bank transfer (automatic),62.28,584.06,No
CUST_00226,Female,0,No,Yes,34,No,No phone service,DSL,No,No,No,No,Yes,No,Month-to-month,Yes,Mailed check,89.19,3049.3,No
CUST_00227,Male,0,No,Yes,15,Yes,Yes,DSL,No,Yes,Yes,Yes,No,Yes,Month-to-month,Yes,Electronic check,79.53,1224.06,Yes
CUST_00228,Female,0,No,Yes,62,Yes,Yes,DSL,No,Yes,No,Yes,Yes,Yes,Two year,No,Mailed check,73.6,4595.16,Yes
CUST_00229,Male,0,Yes,No,45,Yes,No,DSL,Yes,No,No,Yes,No,Yes,One year,Yes,Mailed check,62.37,2855.02,No
CUST_00230,Male,0,No,No,72,Yes,No,Fiber optic,No,No,Yes,Yes,Yes,Yes,Month-to-month,Yes,Bank transfer (automatic),94.7,6840.17,No
CUST_00231,Female,0,No,Yes,58,Yes,Yes,Fiber optic,No,No,No,Yes,No,No,Two year,No,Mailed check,83.94,4894.81,No
CUST_00232,Female,0,Yes,Yes,19,No,No phone service,DSL,Yes,Yes,Yes,Yes,Yes,Yes,One year,Yes,Mailed check,107.22,2045.07,No
CUST_00233,Female,0,No,No,16,Yes,Yes,DSL,Yes,Yes,Yes,No,No,No,Month-to-month,No,Mailed check,92.77,1511.67,No
CUST_00234,Female,1,No,No,8,Yes,No,DSL,No,No,No,Yes,Yes,Yes,Two year,No,Credit card (automatic),32.32,260.38,Yes
CUST_00235,Female,1,Yes,No,33,No,No phone service,No,No internet service,No internet service,No internet service,No internet service,No internet service,No internet service,Month-to-month,Yes,Credit card (automatic),81.19,2686.86,No
CUST_00236,Female,0,Yes,Yes,18,Yes,Yes,DSL,No,Yes,Yes,No,Yes,No,Two year,No,Bank transfer (automatic),22.54,414.33,No
CUST_00237,Female,1,No,No,35,Yes,No phone service,No,No internet service,No internet service,No internet service,No internet service,No internet service,No internet service,Month-to-month,No,Electronic check,57.51,2044.55,No
CUST_00238,Female,0,Yes,Yes,43,Yes,No phone service,Fiber optic,No,No,No,Yes,No,No,Month-to-month,No,Bank transfer (automatic),60.02,2609.12,Yes
CUST_00239,Male,1,Yes,No,50,Yes,Yes,DSL,Yes,Yes,Yes,No,Yes,No,One year,No,Electronic check,105.2,5299.8,Yes
CUST_00240,Female,0,Yes,No,3,Yes,No,No,No internet service,No internet service,No internet service,No internet service,No internet service,No internet service,Month-to-month,No,Mailed check,36.4,132.41,Yes
CUST_00241,Female,0,No,Yes,59,No,No phone service,Fiber optic,Yes,No,No,Yes,Yes,Yes,Month-to-month,No,Electronic check,83.64,4958.58,Yes
CUST_00242,Male,0,No,No,28,Yes,No phone service,Fiber optic,No,No,No,No,Yes,Yes,Two year,No,Electronic check,37.62,1061.54,No
CUST_00243,Female,0,Yes,Yes,46,Yes,Yes,Fiber optic,No,Yes,No,No,No,No,Month-to-month,Yes,Electronic check,114.76,5316.3,Yes
CUST_00244,Male,0,No,No,64,Yes,No phone service,Fiber optic,No,No,No,Yes,Yes,Yes,Two year,No,Electronic check,72.01,4608.74,No
CUST_00245,Male,0,Yes,Yes,70,Yes,No phone service,DSL,No,No,Yes,Yes,Yes,Yes,Month-to-month,No,Credit card (automatic),90.24,6337.89,Yes
CUST_00246,Female,0,Yes,No,47,Yes,Yes,DSL,Yes,Yes,No,No,Yes,No,Two year,No,Mailed check,83.95,3954.95,No
CUST_00247,Male,0,Yes,No,14,Yes,No phone service,No,No internet service,No internet service,No internet service,No internet service,No internet service,No internet service,Month-to-month,Yes,Electronic check,48.97,724.15,No
CUST_00248,Male,0,Yes,Yes,7,Yes,No,No,No internet service,No internet service,No internet service,No internet service,No internet service,No internet service,One year,Yes,Electronic check,109.92,803.12,No
CUST_00249,Male,0,Yes,Yes,31,Yes,No phone service,DSL,No,Yes,Yes,Yes,Yes,No,Month-to-month,No,Mailed check,81.98,2576.7,Yes
CUST_00250,Male,0,No,Yes,51,Yes,Yes,Fiber optic,No,No,Yes,No,No,Yes,One year,No,Electronic check,70.05,3580.1,No
CUST_00251,Female,0,No,Yes,29,Yes,No,Fiber optic,Yes,No,No,No,No,No,Month-to-month,No,Bank transfer (automatic),71.89,2118.33,Yes
CUST_00252,Male,0,No,No,15,Yes,No,DSL,Yes,No,Yes,Yes,No,Yes,Month-to-month,Yes,Electronic check,108.85,1667.3,Yes
CUST_00253,Female,0,No,No,25,Yes,No phone service,Fiber optic,No,Yes,Yes,Yes,Yes,No,Month-to-month,Yes,Bank transfer (automatic),24.03,600.89,No
CUST_00254,Male,0,Yes,No,61,No,No phone service,Fiber optic,No,No,No,Yes,No,No,Month-to-month,No,Bank transfer (automatic),57.68,3534.62,No
CUST_00255,Male,1,Yes,No,41,Yes,Yes,Fiber optic,Yes,Yes,Yes,No,Yes,Yes,Month-to-month,Yes,Bank transfer (automatic),103.85,4262.05,Yes
CUST_00256,Male,0,No,No,69,Yes,No phone service,No,No internet service,No internet service,No internet service,No internet service,No internet service,No internet service,One year,No,Credit card (automatic),21.83,1540.1,No
CUST_00257,Male,0,No,No,4,Yes,No,DSL,Yes,Yes,No,Yes,Yes,No,Month-to-month,No,Credit card (automatic),83.2,343.39,Yes
CUST_00258,Female,1,Yes,Yes,57,Yes,Yes,Fiber optic,No,Yes,Yes,Yes,Yes,No,Month-to-month,No,Mailed check,59.13,3383.81,No
CUST_00259,Female,0,Yes,No,31,Yes,No phone service,Fiber optic,Yes,Yes,Yes,No,Yes,No,Two year,Yes,Bank transfer (automatic),38.87,1208.81,Yes
CUST_00260,Male,0,Yes,No,3,Yes,Yes,Fiber optic,No,Yes,No,No,Yes,Yes,One year,Yes,Credit card (automatic),80.36,265.28,No
CUST_00261,Male,0,No,Yes,67,Yes,No,DSL,Yes,Yes,No,No,No,No,Two year,Yes,Bank transfer (automatic),102.77,6887.12,Yes
CUST_00262,Female,0,Yes,No,50,Yes,No phone service,Fiber optic,Yes,No,Yes,Yes,No,No,Two year,No,Credit card (automatic),65.67,3325.71,No
CUST_00263,Male,0,Yes,No,17,No,No phone service,No,No internet service,No internet service,No internet service,No internet service,No internet service,No internet service,Month-to-month,No,Mailed check,32.97,561.76,No
CUST_00264,Male,0,No,No,60,Yes,No,DSL,Yes,Yes,No,Yes,No,Yes,Two year,Yes,Mailed check,49.23,2956.73,No
CUST_00265,Male,0,No,Yes,66,Yes,Yes,Fiber optic,No,No,Yes,Yes,No,No,Month-to-month,No,Credit card (automatic),118.1,7826.49,No
CUST_00266,Female,1,No,Yes,24,Yes,No,No,No internet service,No internet service,No internet service,No internet service,No internet service,No internet service,Two year,Yes,Credit card (automatic),29.33,749.8,No
CUST_00267,Female,0,Yes,No,32,Yes,No phone service,DSL,No,No,No,No,Yes,No,One year,Yes,Bank transfer (automatic),34.39,1145.18,No
CUST_00268,Female,0,Yes,Yes,19,Yes,No phone service,No,No internet service,No internet service,No internet service,No internet service,No internet service,No internet service,One year,No,Mailed check,119.0,2265.15,Yes
CUST_00269,Male,0,No,No,66,Yes,No,DSL,Yes,No,No,Yes,No,Yes,One year,Yes,Electronic check,107.97,7140.73,Yes
CUST_00270,Male,0,Yes,No,60,Yes,Yes,DSL,No,Yes,Yes,Yes,No,No,Two year,No,Bank transfer (automatic),90.13,5433.68,No
CUST_00271,Female,0,Yes,No,66,Yes,No,DSL,No,Yes,Yes,Yes,Yes,Yes,One year,No,Credit card (automatic),33.4,2205.75,No
CUST_00272,Female,0,Yes,Yes,15,Yes,Yes,DSL,No,No,Yes,Yes,Yes,Yes,Month-to-month,No,Bank transfer (automatic),42.54,664.47,Yes
CUST_00273,Female,0,No,No,35,Yes,Yes,DSL,No,Yes,No,No,Yes,Yes,Month-to-month,Yes,Electronic check,36.38,1295.64,Yes
CUST_00274,Female,0,No,No,69,Yes,No phone service,Fiber optic,Yes,Yes,Yes,Yes,No,Yes,Two year,Yes,Mailed check,82.36,5712.08,Yes
CUST_00275,Male,0,Yes,No,27,Yes,Yes,DSL,Yes,Yes,Yes,No,Yes,Yes,Month-to-month,Yes,Electronic check,58.68,1630.5,Yes
CUST_00276,Female,0,Yes,No,7,No,No phone service,No,No internet service,No internet service,No internet service,No internet service,No internet service,No internet service,One year,Yes,Credit card (automatic),22.87,173.85,No
CUST_00277,Male,0,Yes,No,6,Yes,Yes,Fiber optic,Yes,No,Yes,Yes,No,No,One year,No,Credit card (automatic),47.71,318.23,No
CUST_00278,Female,0,Yes,Yes,33,Yes,Yes,Fiber optic,No,No,No,No,Yes,No,Month-to-month,Yes,Credit card (automatic),105.79,3512.45,No
CUST_00279,Male,0,No,No,58,Yes,No phone service,Fiber optic,No,Yes,No,No,No,Yes,One year,Yes,Credit card (automatic),99.2,5775.14,No
CUST_00280,Female,0,No,Yes,49,Yes,Yes,Fiber optic,No,No,No,Yes,No,No,Two year,No,Credit card (automatic),83.59,4128.14,Yes
CUST_00281,Female,0,Yes,No,17,Yes,No,Fiber optic,Yes,No,No,Yes,Yes,No,Two year,No,Electronic check,26.73,501.9,No
CUST_00282,Female,0,Yes,Yes,42,Yes,Yes,DSL,No,No,No,Yes,Yes,No,Month-to-month,No,Mailed check,108.04,4581.03,Yes
CUST_00283,Female,1,No,No,72,Yes,No phone service,No,No internet service,No internet service,No internet service,No internet service,No internet service,No internet service,Two year,No,Mailed check,72.52,5253.47,No
CUST_00284,Male,0,Yes,No,40,Yes,No phone service,Fiber optic,Yes,Yes,No,No,No,Yes,Two year,Yes,Bank transfer (automatic),68.45,2760.95,No
CUST_00285,Female,1,No,Yes,46,Yes,No,DSL,No,No,No,Yes,No,No,Two year,No,Bank transfer (automatic),113.27,5231.83,No
CUST_00286,Male,0,Yes,Yes,71,Yes,Yes,Fiber optic,Yes,Yes,No,No,No,No,Two year,Yes,Bank transfer (automatic),18.9,1381.41,Yes
CUST_00287,Male,1,No,No,70,Yes,No,Fiber optic,Yes,No,No,No,No,No,One year,Yes,Credit card (automatic),74.7,5240.02,No
CUST_00288,Male,0,Yes,Yes,68,Yes,Yes,DSL,Yes,No,Yes,No,No,No,Month-to-month,Yes,Mailed check,98.71,6741.45,Yes
CUST_00289,Male,1,Yes,Yes,1,Yes,No,No,No internet service,No internet service,No internet service,No internet service,No internet service,No internet service,One year,No,Credit card (automatic),24.5,49.74,No
CUST_00290,Female,1,No,No,52,Yes,No phone service,Fiber optic,No,Yes,Yes,No,No,No,One year,No,Bank transfer (automatic),54.43,2862.91,No
CUST_00291,Male,0,No,No,35,Yes,No phone service,Fiber optic,No,Yes,Yes,No,No,Yes,Two year,Yes,Credit card (automatic),117.7,4128.99,No
CUST_00292,Male,1,Yes,No,69,Yes,No,Fiber optic,No,Yes,No,Yes,Yes,No,One year,Yes,Electronic check,39.6,2767.34,No
CUST_00293,Male,0,Yes,No,5,Yes,Yes,No,No internet service,No internet service,No internet service,No internet service,No internet service,No internet service,Two year,No,Bank transfer (automatic),72.18,392.25,No
CUST_00294,Female,0,No,No,17,Yes,Yes,DSL,No,Yes,No,No,Yes,No,One year,No,Mailed check,94.1,1608.69,No
CUST_00295,Female,0,No,Yes,53,Yes,No phone service,Fiber optic,No,No,Yes,Yes,No,No,Month-to-month,Yes,Mailed check,57.82,3086.84,No
CUST_00296,Female,0,Yes,No,52,No,No phone service,DSL,No,No,No,No,Yes,No,Month-to-month,Yes,Bank transfer (automatic),59.6,3133.29,No
CUST_00297,Female,0,Yes,Yes,14,Yes,No,Fiber optic,No,Yes,Yes,No,Yes,Yes,Two year,No,Mailed check,24.45,387.43,Yes
CUST_00298,Male,0,No,No,29,Yes,No,DSL,No,Yes,No,No,No,Yes,Month-to-month,No,Mailed check,37.39,1090.4,Yes
CUST_00299,Male,1,No,No,8,Yes,Yes,DSL,No,No,No,Yes,Yes,No,Month-to-month,Yes,Bank transfer (automatic),107.82,863.01,Yes
CUST_00300,Female,0,No,Yes,1,Yes,No phone service,No,No internet service,No internet service,No internet service,No internet service,No internet service,No internet service,One year,No,Bank transfer (automatic),101.47,109.73,No
CUST_00301,Male,0,No,No,29,Yes,No phone service,Fiber optic,Yes,Yes,No,Yes,Yes,Yes,Two year,No,Credit card (automatic),49.07,1472.58,No
CUST_00302,Male,1,No,Yes,36,Yes,No phone service,DSL,Yes,Yes,No,Yes,Yes,Yes,One year,No,Credit card (automatic),56.93,2088.06,No
CUST_00303,Male,1,Yes,Yes,51,Yes,No phone service,Fiber optic,No,No,No,Yes,No,No,Two year,Yes,Electronic check,62.92,3239.73,No
CUST_00304,Female,1,Yes,Yes,37,Yes,No phone service,Fiber optic,No,No,No,No,Yes,No,Month-to-month,No,Mailed check,53.29,1978.24,Yes
CUST_00305,Female,0,No,No,69,Yes,No,DSL,Yes,No,No,No,No,No,Month-to-month,No,Bank transfer (automatic),84.7,5865.03,Yes
CUST_00306,Male,1,Yes,No,53,Yes,Yes,DSL,Yes,No,Yes,No,Yes,Yes,One year,No,Electronic check,19.31,1059.11,No
CUST_00307,Female,0,Yes,No,52,Yes,No,No,No internet service,No internet service,No internet service,No internet service,No internet service,No internet service,Two year,No,Mailed check,107.78,5649.21,No
CUST_00308,Female,0,No,No,12,Yes,No phone service,Fiber optic,No,Yes,No,Yes,No,No,One year,No,Mailed check,48.67,603.09,No
CUST_00309,Female,0,Yes,No,52,Yes,No phone service,DSL,No,No,Yes,No,Yes,No,Month-to-month,No,Electronic check,106.98,5613.05,Yes
CUST_00310,Female,0,Yes,No,1,Yes,Yes,No,No internet service,No internet service,No internet service,No internet service,No internet service,No internet service,One year,No,Mailed check,64.35,71.33,Yes
CUST_00311,Female,0,Yes,Yes,7,Yes,Yes,Fiber optic,No,No,No,Yes,No,No,Two year,No,Bank transfer (automatic),97.19,699.65,Yes
CUST_00312,Male,0,No,No,17,Yes,Yes,DSL,Yes,Yes,No,No,No,No,Month-to-month,Yes,Electronic check,102.23,1781.67,Yes
CUST_00313,Female,0,No,No,43,Yes,No,DSL,No,No,No,Yes,Yes,No,Month-to-month,Yes,Electronic check,48.73,2127.95,Yes
CUST_00314,Male,0,Yes,No,71,Yes,Yes,DSL,Yes,Yes,No,Yes,Yes,No,One year,No,Credit card (automatic),83.31,5955.78,No
CUST_00315,Male,0,Yes,No,17,Yes,No,No,No internet service,No internet service,No internet service,No internet service,No internet service,No internet service,Month-to-month,Yes,Bank transfer (automatic),79.96,1404.65,Yes
CUST_00316,Female,0,Yes,Yes,59,Yes,No phone service,DSL,No,Yes,Yes,Yes,No,No,Month-to-month,No,Credit card (automatic),66.55,3952.02,No
CUST_00317,Male,0,Yes,Yes,3,Yes,No,DSL,No,No,Yes,No,Yes,No,Month-to-month,No,Electronic check,65.9,209.43,Yes
CUST_00318,Male,0,Yes,Yes,29,No,No phone service,No,No internet service,No internet service,No internet service,No internet service,No internet service,No internet service,Month-to-month,Yes,Bank transfer (automatic),49.13,1459.48,No
CUST_00319,Male,0,Yes,Yes,22,Yes,No,DSL,No,Yes,No,Yes,No,Yes,Month-to-month,Yes,Bank transfer (automatic),49.64,1120.24,No
CUST_00320,Female,0,No,Yes,38,No,No phone service,Fiber optic,Yes,Yes,No,No,Yes,No,Month-to-month,No,Credit card (automatic),73.91,2847.27,Yes
CUST_00321,Female,1,Yes,No,54,Yes,No,DSL,Yes,Yes,No,Yes,No,No,Month-to-month,No,Mailed check,21.29,1175.33,No
CUST_00322,Male,0,Yes,Yes,50,Yes,Yes,Fiber optic,No,No,No,Yes,Yes,Yes,Two year,No,Mailed check,113.23,5702.24,No
CUST_00323,Female,0,No,Yes,69,Yes,No,DSL,No,No,Yes,No,No,No,Month-to-month,Yes,Mailed check,84.3,5861.66,Yes
CUST_00324,Female,0,Yes,No,30,Yes,Yes,DSL,No,Yes,No,Yes,Yes,Yes,One year,Yes,Credit card (automatic),63.23,1934.42,Yes
CUST_00325,Female,0,Yes,No,23,Yes,No,Fiber optic,Yes,No,Yes,No,Yes,No,Two year,No,Mailed check,24.3,596.18,No
CUST_00326,Female,0,Yes,Yes,47,Yes,No,Fiber optic,Yes,Yes,No,No,Yes,No,Month-to-month,No,Credit card (automatic),82.26,3895.64,No
CUST_00327,Male,0,Yes,No,21,Yes,No,Fiber optic,Yes,No,Yes,Yes,Yes,No,Month-to-month,No,Credit card (automatic),19.81,439.59,No
CUST_00328,Male,0,No,No,20,Yes,Yes,Fiber optic,No,No,Yes,No,No,No,One year,Yes,Mailed check,87.35,1795.56,No
CUST_00329,Female,0,Yes,Yes,23,Yes,Yes,Fiber optic,Yes,Yes,Yes,Yes,Yes,No,Month-to-month,No,Credit card (automatic),25.4,616.4,No
CUST_00330,Female,0,No,No,68,Yes,Yes,Fiber optic,No,No,Yes,No,No,No,Month-to-month,No,Credit card (automatic),84.92,5816.74,Yes
CUST_00331,Male,0,Yes,Yes,21,Yes,No phone service,Fiber optic,No,Yes,No,No,No,Yes,Two year,No,Bank transfer (automatic),59.4,1272.68,No
CUST_00332,Male,0,Yes,Yes,21,Yes,Yes,Fiber optic,Yes,No,No,Yes,No,Yes,Month-to-month,Yes,Electronic check,85.59,1825.09,No
CUST_00333,Female,0,No,No,1,Yes,No,Fiber optic,No,No,No,Yes,Yes,No,One year,No,Credit card (automatic),32.13,65.27,No
CUST_00334,Male,0,Yes,Yes,15,Yes,No phone service,Fiber optic,Yes,No,No,No,No,Yes,Two year,No,Electronic check,29.97,486.02,No
CUST_00335,Female,0,No,Yes,17,Yes,Yes,DSL,No,Yes,No,Yes,No,Yes,Month-to-month,Yes,Mailed check,43.24,757.45,Yes
CUST_00336,Female,1,No,No,51,Yes,Yes,DSL,No,No,Yes,Yes,No,Yes,Month-to-month,Yes,Bank transfer (automatic),59.97,3076.5,Yes
CUST_00337,Male,1,No,No,63,Yes,No phone service,DSL,Yes,Yes,No,Yes,No,No,One year,Yes,Bank transfer (automatic),43.81,2771.95,No
CUST_00338,Male,0,Yes,No,14,Yes,No phone service,No,No internet service,No internet service,No internet service,No internet service,No internet service,No internet service,Two year,Yes,Credit card (automatic),26.37,390.3,No
CUST_00339,Female,0,Yes,No,59,Yes,Yes,Fiber optic,Yes,No,No,Yes,Yes,Yes,Month-to-month,No,Bank transfer (automatic),51.15,3028.58,No
CUST_00340,Female,0,Yes,Yes,50,Yes,No phone service,Fiber optic,No,Yes,Yes,No,Yes,Yes,Month-to-month,Yes,Electronic check,89.99,4520.22,Yes
CUST_00341,Male,0,Yes,No,34,Yes,No,DSL,Yes,No,No,No,Yes,No,Month-to-month,Yes,Credit card (automatic),77.47,2677.88,Yes
CUST_00342,Female,0,No,No,6,Yes,No,DSL,Yes,Yes,Yes,No,Yes,No,Month-to-month,No,Bank transfer (automatic),116.26,746.41,No
CUST_00343,Male,1,Yes,Yes,49,Yes,No,No,No internet service,No internet service,No internet service,No internet service,No internet service,No internet service,Month-to-month,Yes,Mailed check,62.46,3089.59,No
CUST_00344,Female,1,Yes,Yes,6,Yes,Yes,No,No internet service,No internet service,No internet service,No internet service,No internet service,No internet service,Month-to-month,Yes,Credit card (automatic),51.95,318.98,Yes
CUST_00345,Male,0,No,Yes,69,Yes,No,DSL,Yes,Yes,Yes,Yes,No,No,One year,No,Bank transfer (automatic),88.76,6145.49,Yes
CUST_00346,Male,0,No,Yes,7,Yes,No phone service,Fiber optic,Yes,Yes,Yes,Yes,No,No,Two year,No,Credit card (automatic),60.02,450.24,No
CUST_00347,Male,0,Yes,No,51,Yes,No,Fiber optic,Yes,Yes,No,Yes,No,No,Two year,No,Mailed check,81.07,4152.98,No
CUST_00348,Female,0,No,No,1,Yes,No phone service,DSL,Yes,No,Yes,Yes,Yes,Yes,Two year,No,Credit card (automatic),114.52,124.78,No
CUST_00349,Female,0,No,Yes,13,Yes,No,Fiber optic,No,No,Yes,No,No,No,Month-to-month,Yes,Electronic check,68.92,907.27,No
CUST_00350,Male,0,No,Yes,43,Yes,No phone service,Fiber optic,No,Yes,No,No,No,Yes,Month-to-month,No,Electronic check,68.81,2982.69,No
CUST_00351,Female,0,No,Yes,27,Yes,No,Fiber optic,No,Yes,Yes,Yes,Yes,Yes,One year,No,Bank transfer (automatic),97.07,2631.63,Yes
CUST_00352,Male,0,No,Yes,71,Yes,No,DSL,No,Yes,Yes,No,Yes,No,One year,No,Electronic check,95.12,6765.98,Yes
CUST_00353,Male,0,Yes,No,3,Yes,No,DSL,No,Yes,Yes,No,Yes,No,One year,Yes,Electronic check,70.66,255.62,No
CUST_00354,Female,1,Yes,Yes,58,Yes,No phone service,DSL,Yes,No,Yes,No,Yes,No,Month-to-month,No,Credit card (automatic),24.6,1465.84,Yes
CUST_00355,Female,0,Yes,No,17,Yes,No phone service,DSL,Yes,No,No,Yes,Yes,Yes,Month-to-month,Yes,Credit card (automatic),118.04,2009.45,Yes
CUST_00356,Male,0,Yes,Yes,45,Yes,No,Fiber optic,No,No,No,No,No,No,Month-to-month,Yes,Bank transfer (automatic),56.49,2557.91,Yes
CUST_00357,Female,0,Yes,No,58,Yes,No phone service,DSL,No,Yes,No,No,No,No,Month-to-month,No,Electronic check,50.3,2944.23,No
CUST_00358,Female,0,Yes,No,56,Yes,No phone service,Fiber optic,Yes,No,No,No,Yes,No,Month-to-month,Yes,Mailed check,118.12,6617.63,No
CUST_00359,Male,0,Yes,No,54,Yes,Yes,DSL,No,No,No,Yes,Yes,Yes,Two year,No,Bank transfer (automatic),106.96,5809.88,No
CUST_00360,Male,0,No,No,29,No,No phone service,Fiber optic,No,Yes,No,No,Yes,No,Month-to-month,Yes,Mailed check,51.68,1518.0,Yes
CUST_00361,Female,1,Yes,Yes,54,Yes,No phone service,Fiber optic,Yes,No,Yes,Yes,Yes,Yes,Two year,No,Electronic check,49.45,2690.03,No
CUST_00362,Male,0,Yes,No,27,Yes,No phone service,Fiber optic,No,Yes,Yes,Yes,Yes,No,Two year,No,Bank transfer (automatic),91.54,2484.77,Yes
CUST_00363,Male,1,Yes,Yes,45,Yes,No phone service,DSL,No,Yes,Yes,Yes,No,No,Two year,No,Mailed check,52.1,2361.21,No
CUST_00364,Female,0,No,No,31,Yes,No phone service,DSL,No,Yes,No,Yes,No,No,Two year,Yes,Bank transfer (automatic),43.65,1396.11,No
CUST_00365,Male,0,Yes,No,36,Yes,Yes,DSL,No,Yes,No,No,Yes,No,Month-to-month,No,Credit card (automatic),117.93,4284.78,Yes
CUST_00366,Male,0,Yes,Yes,61,Yes,No phone service,DSL,Yes,Yes,Yes,No,Yes,Yes,One year,Yes,Credit card (automatic),75.7,4664.64,No
CUST_00367,Female,0,No,Yes,37,Yes,No phone service,DSL,No,Yes,Yes,No,Yes,Yes,Two year,Yes,Mailed check,95.77,3578.62,No
CUST_00368,Female,0,Yes,No,67,Yes,Yes,DSL,No,Yes,No,No,Yes,Yes,Month-to-month,No,Credit card (automatic),90.73,6107.91,Yes
CUST_00369,Male,0,Yes,No,36,No,No phone service,Fiber optic,Yes,No,Yes,No,No,Yes,One year,Yes,Credit card (automatic),95.06,3435.25,No
CUST_00370,Male,0,No,Yes,5,Yes,No,No,No internet service,No internet service,No internet service,No internet service,No internet service,No internet service,Month-to-month,Yes,Mailed check,110.15,584.07,Yes
CUST_00371,Female,1,Yes,No,46,Yes,Yes,DSL,Yes,Yes,Yes,No,Yes,Yes,Month-to-month,No,Bank transfer (automatic),69.08,3222.91,No
CUST_00372,Female,1,No,Yes,52,Yes,No,No,No internet service,No internet service,No internet service,No internet service,No internet service,No internet service,Two year,Yes,Mailed check,94.84,4935.38,Yes
CUST_00373,Female,1,Yes,Yes,49,Yes,No,DSL,Yes,No,Yes,Yes,No,Yes,One year,Yes,Credit card (automatic),99.28,4886.63,No
CUST_00374,Female,0,Yes,Yes,6,Yes,Yes,Fiber optic,Yes,No,No,Yes,No,Yes,Month-to-month,No,Bank transfer (automatic),114.53,694.66,Yes
CUST_00375,Male,0,Yes,No,10,Yes,No phone service,Fiber optic,No,Yes,Yes,No,Yes,No,Two year,No,Credit card (automatic),90.74,947.89,Yes
CUST_00376,Female,0,No,No,23,Yes,Yes,No,No internet service,No internet service,No internet service,No internet service,No internet service,No internet service,Month-to-month,No,Electronic check,109.05,2538.78,Yes
CUST_00377,Female,0,No,Yes,17,Yes,Yes,DSL,No,Yes,Yes,Yes,No,No,Two year,No,Mailed check,27.69,514.78,No
CUST_00378,Male,0,No,Yes,44,Yes,Yes,DSL,No,Yes,Yes,Yes,Yes,Yes,Two year,Yes,Mailed check,30.86,1361.08,No
CUST_00379,Female,0,Yes,Yes,41,Yes,Yes,DSL,No,Yes,Yes,No,No,Yes,Two year,Yes,Mailed check,34.15,1445.49,No
CUST_00380,Male,0,Yes,Yes,15,No,No phone service,Fiber optic,Yes,Yes,No,Yes,Yes,No,One year,No,Mailed check,32.77,494.92,No
CUST_00381,Female,0,No,No,44,Yes,No phone service,No,No internet service,No internet service,No internet service,No internet service,No internet service,No internet service,One year,Yes,Electronic check,26.93,1199.16,No
CUST_00382,Female,1,No,Yes,58,Yes,No,Fiber optic,Yes,Yes,Yes,No,No,No,One year,No,Bank transfer (automatic),30.5,1776.95,No
CUST_00383,Female,0,Yes,No,50,Yes,Yes,Fiber optic,Yes,Yes,No,No,Yes,No,Month-to-month,No,Bank transfer (automatic),119.58,5986.41,No
CUST_00384,Male,0,Yes,Yes,52,Yes,No phone service,Fiber optic,No,No,Yes,No,Yes,No,Month-to-month,Yes,Bank transfer (automatic),45.76,2388.25,No
CUST_00385,Male,0,Yes,No,70,Yes,Yes,No,No internet service,No internet service,No internet service,No internet service,No internet service,No internet service,Month-to-month,No,Electronic check,66.76,4697.27,Yes
CUST_00386,Female,1,Yes,No,68,Yes,No phone service,Fiber optic,Yes,Yes,Yes,Yes,Yes,No,One year,Yes,Electronic check,101.8,6961.94,No
CUST_00387,Male,0,No,No,63,Yes,No,DSL,No,No,Yes,No,Yes,No,One year,Yes,Bank transfer (automatic),30.07,1939.14,No
CUST_00388,Male,0,Yes,No,58,Yes,No phone service,No,No internet service,No internet service,No internet service,No internet service,No internet service,No internet service,One year,Yes,Bank transfer (automatic),50.37,2949.88,No
CUST_00389,Male,0,Yes,No,23,Yes,No phone service,DSL,Yes,Yes,Yes,No,Yes,Yes,One year,No,Electronic check,34.25,795.57,No
CUST_00390,Male,0,Yes,Yes,44,Yes,No,DSL,Yes,No,Yes,No,No,Yes,Two year,Yes,Credit card (automatic),24.38,1076.71,No
CUST_00391,Male,0,Yes,Yes,44,Yes,No,DSL,Yes,Yes,No,No,No,No,One year,Yes,Electronic check,116.0,5128.57,No
CUST_00392,Male,0,Yes,No,52,Yes,No phone service,Fiber optic,Yes,No,Yes,Yes,No,Yes,Month-to-month,Yes,Mailed check,105.55,5527.0,No
CUST_00393,Female,0,Yes,Yes,67,Yes,Yes,Fiber optic,Yes,Yes,No,No,Yes,Yes,Month-to-month,No,Bank transfer (automatic),107.69,7246.13,No
CUST_00394,Female,0,Yes,Yes,28,Yes,Yes,DSL,No,Yes,Yes,Yes,Yes,Yes,Month-to-month,Yes,Credit card (automatic),106.61,3014.09,No
CUST_00395,Male,0,No,Yes,67,Yes,No,Fiber optic,Yes,No,No,No,Yes,Yes,One year,No,Bank transfer (automatic),33.77,2264.72,No
CUST_00396,Female,1,No,Yes,18,Yes,Yes,Fiber optic,Yes,Yes,No,Yes,Yes,Yes,Month-to-month,Yes,Credit card (automatic),98.07,1785.83,Yes
CUST_00397,Female,0,No,Yes,27,Yes,No,No,No internet service,No internet service,No internet service,No internet service,No internet service,No internet service,Two year,Yes,Bank transfer (automatic),92.24,2518.08,No
CUST_00398,Female,0,Yes,Yes,51,Yes,No phone service,Fiber optic,No,Yes,No,No,Yes,Yes,Month-to-month,Yes,Bank transfer (automatic),112.39,5761.93,No
CUST_00399,Female,0,No,Yes,60,Yes,No phone service,Fiber optic,Yes,Yes,Yes,Yes,No,No,Month-to-month,No,Bank transfer (automatic),40.37,2422.49,No
CUST_00400,Male,0,Yes,No,49,Yes,Yes,Fiber optic,Yes,No,No,Yes,Yes,Yes,Two year,No,Mailed check,60.23,2961.37,No
CUST_00401,Female,0,Yes,Yes,15,Yes,No,DSL,Yes,No,No,No,No,No,Month-to-month,No,Electronic check,48.08,768.73,No
CUST_00402,Female,0,Yes,Yes,68,Yes,Yes,DSL,No,No,No,Yes,Yes,No,One year,Yes,Credit card (automatic),44.31,3038.35,No
CUST_00403,Male,0,Yes,Yes,15,No,No phone service,Fiber optic,Yes,Yes,No,Yes,No,Yes,Two year,Yes,Mailed check,84.54,1303.33,No
CUST_00404,Male,0,No,No,51,Yes,No phone service,DSL,Yes,No,Yes,Yes,Yes,No,One year,Yes,Mailed check,34.72,1786.24,No
CUST_00405,Female,0,Yes,No,48,Yes,Yes,DSL,No,Yes,Yes,No,No,No,One year,No,Bank transfer (automatic),65.41,3168.96,No
CUST_00406,Female,0,Yes,Yes,72,Yes,No phone service,Fiber optic,No,No,No,No,Yes,No,Two year,No,Credit card (automatic),83.96,6062.75,Yes
CUST_00407,Female,1,No,No,1,Yes,No,DSL,No,No,No,Yes,Yes,No,Month-to-month,No,Credit card (automatic),31.29,46.14,No
CUST_00408,Female,0,No,No,7,Yes,Yes,DSL,Yes,No,Yes,Yes,Yes,Yes,One year,Yes,Credit card (automatic),44.21,330.05,No
CUST_00409,Female,0,No,Yes,53,Yes,No phone service,Fiber optic,No,No,No,No,Yes,Yes,Month-to-month,No,Credit card (automatic),116.67,6206.57,Yes
CUST_00410,Female,0,Yes,No,31,Yes,Yes,Fiber optic,Yes,No,No,No,No,No,Month-to-month,Yes,Credit card (automatic),99.13,3089.7,No
CUST_00411,Male,0,No,Yes,18,Yes,No,No,No internet service,No internet service,No internet service,No internet service,No internet service,No internet service,Month-to-month,Yes,Mailed check,87.05,1579.79,No
CUST_00412,Female,0,Yes,No,12,Yes,Yes,Fiber optic,No,Yes,No,Yes,No,No,One year,Yes,Credit card (automatic),105.31,1294.9,No
CUST_00413,Female,0,Yes,Yes,48,Yes,Yes,Fiber optic,Yes,No,No,Yes,Yes,Yes,Two year,Yes,Mailed check,19.42,951.43,No
CUST_00414,Male,1,No,No,30,Yes,No phone service,DSL,Yes,No,No,No,Yes,No,Two year,Yes,Credit card (automatic),18.62,568.68,No
CUST_00415,Male,0,No,Yes,7,Yes,No,DSL,No,No,Yes,Yes,Yes,Yes,Month-to-month,No,Bank transfer (automatic),33.7,273.85,No
CUST_00416,Male,0,No,Yes,3,Yes,No,DSL,Yes,Yes,No,Yes,Yes,Yes,Month-to-month,No,Mailed check,68.52,241.74,Yes
CUST_00417,Male,0,Yes,No,63,No,No phone service,Fiber optic,Yes,Yes,No,Yes,No,No,One year,Yes,Mailed check,76.14,4840.99,Yes
CUST_00418,Female,0,Yes,Yes,6,Yes,Yes,Fiber optic,No,No,Yes,No,No,No,Two year,No,Credit card (automatic),29.6,205.33,No
CUST_00419,Female,0,Yes,Yes,15,Yes,No phone service,Fiber optic,Yes,Yes,Yes,Yes,No,Yes,Month-to-month,Yes,Credit card (automatic),25.37,394.57,Yes
CUST_00420,Female,0,Yes,No,71,Yes,Yes,Fiber optic,Yes,Yes,Yes,Yes,No,No,Month-to-month,Yes,Electronic check,102.49,7319.98,No
CUST_00421,Female,0,Yes,Yes,43,Yes,Yes,DSL,No,No,Yes,Yes,No,No,One year,No,Bank transfer (automatic),65.38,2825.17,No
CUST_00422,Female,0,Yes,Yes,18,Yes,Yes,Fiber optic,Yes,Yes,Yes,No,Yes,No,Month-to-month,Yes,Bank transfer (automatic),119.23,2179.0,No
CUST_00423,Female,0,No,No,22,Yes,No,Fiber optic,Yes,Yes,No,Yes,No,Yes,One year,No,Mailed check,41.39,920.17,No
CUST_00424,Male,0,Yes,Yes,61,Yes,No phone service,Fiber optic,Yes,Yes,No,Yes,No,No,One year,Yes,Bank transfer (automatic),84.01,5156.34,No
CUST_00425,Female,0,No,No,61,Yes,No,Fiber optic,No,Yes,No,No,No,Yes,Month-to-month,No,Electronic check,100.05,6144.95,No
CUST_00426,Male,1,No,Yes,53,Yes,Yes,No,No internet service,No internet service,No internet service,No internet service,No internet service,No internet service,Month-to-month,Yes,Credit card (automatic),107.01,5698.48,No
CUST_00427,Male,0,No,No,26,Yes,Yes,No,No internet service,No internet service,No internet service,No internet service,No internet service,No internet service,Two year,Yes,Credit card (automatic),49.24,1303.9,No
CUST_00428,Female,1,No,No,40,Yes,No phone service,No,No internet service,No internet service,No internet service,No internet service,No internet service,No internet service,Month-to-month,No,Credit card (automatic),37.71,1558.26,Yes
CUST_00429,Male,0,No,Yes,8,Yes,No,DSL,Yes,Yes,Yes,No,Yes,No,Month-to-month,Yes,Mailed check,41.06,329.62,No
CUST_00430,Female,0,Yes,No,21,Yes,Yes,DSL,Yes,No,Yes,No,No,Yes,One year,Yes,Electronic check,86.01,1822.75,No
CUST_00431,Male,0,Yes,Yes,43,Yes,Yes,DSL,No,No,Yes,No,No,No,One year,No,Mailed check,71.28,3110.87,No
CUST_00432,Female,0,Yes,Yes,21,Yes,No phone service,DSL,Yes,No,No,No,No,No,One year,No,Mailed check,79.1,1693.17,No
CUST_00433,Male,0,Yes,No,3,Yes,Yes,Fiber optic,No,No,Yes,Yes,Yes,No,One year,No,Bank transfer (automatic),20.09,87.39,No
CUST_00434,Female,0,No,Yes,31,Yes,No,Fiber optic,Yes,No,No,No,Yes,No,Two year,Yes,Bank transfer (automatic),57.88,1826.14,No
CUST_00435,Female,0,No,Yes,27,Yes,No,Fiber optic,No,No,No,Yes,Yes,No,Month-to-month,Yes,Mailed check,49.64,1356.25,No
CUST_00436,Female,0,No,No,27,Yes,Yes,No,No internet service,No internet service,No internet service,No internet service,No internet service,No internet service,One year,No,Electronic check,106.11,2868.41,No
CUST_00437,Female,0,Yes,Yes,57,Yes,Yes,No,No internet service,No internet service,No internet service,No internet service,No internet service,No internet service,One year,Yes,Mailed check,97.18,5552.93,No
CUST_00438,Female,0,Yes,Yes,33,Yes,Yes,DSL,Yes,Yes,Yes,Yes,Yes,Yes,Month-to-month,No,Mailed check,61.82,2056.76,No
CUST_00439,Male,1,Yes,No,44,Yes,No phone service,No,No internet service,No internet service,No internet service,No internet service,No internet service,No internet service,Month-to-month,No,Mailed check,82.31,3645.81,Yes
CUST_00440,Male,0,Yes,Yes,43,Yes,No phone service,Fiber optic,Yes,Yes,Yes,Yes,No,Yes,Two year,Yes,Credit card (automatic),22.86,1002.82,No
CUST_00441,Male,0,No,Yes,31,Yes,No,Fiber optic,Yes,No,Yes,Yes,No,No,Month-to-month,Yes,Credit card (automatic),83.0,2599.04,Yes
CUST_00442,Female,0,No,No,65,Yes,No,Fiber optic,No,Yes,Yes,No,Yes,No,Two year,Yes,Electronic check,27.91,1824.27,No
CUST_00443,Male,0,Yes,Yes,17,Yes,Yes,DSL,Yes,Yes,No,Yes,Yes,Yes,One year,No,Bank transfer (automatic),90.83,1553.31,Yes
CUST_00444,Female,0,Yes,Yes,15,Yes,Yes,No,No internet service,No internet service,No internet service,No internet service,No internet service,No internet service,Two year,Yes,Bank transfer (automatic),76.53,1165.56,No
CUST_00445,Female,0,No,No,34,Yes,Yes,Fiber optic,Yes,Yes,No,No,Yes,No,Two year,Yes,Electronic check,48.65,1677.8,Yes
CUST_00446,Male,0,No,Yes,4,Yes,No phone service,No,No internet service,No internet service,No internet service,No internet service,No internet service,No internet service,One year,No,Bank transfer (automatic),55.83,240.39,No
CUST_00447,Male,0,No,Yes,72,Yes,No phone service,No,No internet service,No internet service,No internet service,No internet service,No internet service,No internet service,One year,Yes,Mailed check,27.19,1986.46,No
CUST_00448,Female,0,No,No,28,Yes,Yes,Fiber optic,Yes,Yes,No,No,Yes,No,One year,No,Credit card (automatic),50.92,1441.38,No
CUST_00449,Male,0,Yes,No,2,Yes,Yes,DSL,Yes,Yes,No,Yes,Yes,Yes,One year,Yes,Credit card (automatic),116.62,242.09,Yes
CUST_00450,Female,1,No,Yes,17,Yes,No,DSL,Yes,No,Yes,Yes,Yes,Yes,One year,No,Bank transfer (automatic),67.59,1192.19,No
CUST_00451,Female,0,No,Yes,58,Yes,No phone service,DSL,Yes,Yes,Yes,No,Yes,No,Month-to-month,Yes,Bank transfer (automatic),66.37,3859.64,No
CUST_00452,Female,0,No,No,9,Yes,Yes,DSL,No,No,No,Yes,Yes,Yes,Two year,Yes,Electronic check,82.18,787.96,No
CUST_00453,Female,0,No,Yes,31,Yes,No phone service,No,No internet service,No internet service,No internet service,No internet service,No internet service,No internet service,Month-to-month,No,Electronic check,67.41,2139.18,Yes
CUST_00454,Female,0,Yes,Yes,66,Yes,Yes,DSL,No,Yes,No,No,No,Yes,One year,Yes,Mailed check,54.26,3616.13,No
CUST_00455,Male,1,Yes,Yes,62,Yes,Yes,No,No internet service,No internet service,No internet service,No internet service,No internet service,No internet service,Month-to-month,Yes,Mailed check,32.23,2023.43,No
CUST_00456,Male,0,Yes,No,19,Yes,No,Fiber optic,No,No,Yes,Yes,Yes,No,One year,Yes,Bank transfer (automatic),82.29,1603.32,No
CUST_00457,Female,0,Yes,Yes,55,Yes,No,DSL,No,No,No,No,Yes,No,Two year,No,Electronic check,94.39,5235.11,Yes
CUST_00458,Female,1,Yes,Yes,28,Yes,No,Fiber optic,Yes,Yes,No,No,No,No,Two year,Yes,Credit card (automatic),112.16,3175.86,Yes
CUST_00459,Male,0,Yes,No,50,Yes,Yes,Fiber optic,Yes,Yes,No,No,Yes,Yes,One year,No,Electronic check,18.31,920.47,Yes
CUST_00460,Male,0,No,No,65,Yes,No,Fiber optic,Yes,No,Yes,No,No,Yes,One year,Yes,Mailed check,24.8,1612.11,No
CUST_00461,Female,0,No,No,3,Yes,Yes,Fiber optic,Yes,No,Yes,Yes,Yes,No,Month-to-month,No,Bank transfer (automatic),109.74,338.81,No
CUST_00462,Male,0,No,Yes,52,Yes,No phone service,DSL,No,No,No,No,No,No,Month-to-month,No,Bank transfer (automatic),82.38,4293.08,No
CUST_00463,Female,0,No,Yes,10,Yes,No phone service,Fiber optic,No,No,Yes,Yes,No,No,Month-to-month,Yes,Electronic check,115.71,1166.19,No
CUST_00464,Male,1,Yes,No,21,Yes,Yes,Fiber optic,No,Yes,Yes,Yes,Yes,No,Month-to-month,No,Electronic check,61.95,1326.36,Yes
CUST_00465,Female,1,No,Yes,37,Yes,No,Fiber optic,No,No,Yes,Yes,Yes,Yes,Two year,No,Electronic check,60.5,2264.58,No
CUST_00466,Male,0,Yes,Yes,15,Yes,No,No,No internet service,No internet service,No internet service,No internet service,No internet service,No internet service,Month-to-month,No,Electronic check,53.11,832.88,No
CUST_00467,Female,0,No,Yes,9,Yes,No phone service,DSL,Yes,No,Yes,Yes,No,No,One year,Yes,Mailed check,32.57,303.18,No
CUST_00468,Male,0,No,Yes,44,Yes,Yes,DSL,No,No,No,Yes,No,No,Two year,No,Mailed check,56.62,2495.94,No
CUST_00469,Male,1,No,No,39,Yes,Yes,Fiber optic,Yes,Yes,Yes,Yes,Yes,Yes,One year,No,Electronic check,19.49,793.58,No
CUST_00470,Female,0,Yes,No,5,Yes,Yes,No,No internet service,No internet service,No internet service,No internet service,No internet service,No internet service,Month-to-month,Yes,Bank transfer (automatic),69.95,373.95,Yes
CUST_00471,Male,0,No,Yes,25,Yes,No phone service,Fiber optic,No,Yes,No,No,No,No,Month-to-month,No,Credit card (automatic),104.42,2643.7,No
CUST_00472,Female,0,Yes,No,56,Yes,No phone service,DSL,No,No,No,Yes,No,Yes,Month-to-month,Yes,Credit card (automatic),50.76,2861.71,No
CUST_00473,Male,0,Yes,Yes,64,Yes,No,DSL,Yes,No,Yes,Yes,Yes,Yes,One year,No,Mailed check,27.65,1807.35,No
CUST_00474,Female,0,No,Yes,72,Yes,Yes,DSL,No,Yes,Yes,Yes,No,No,Month-to-month,Yes,Electronic check,117.32,8481.43,No
CUST_00475,Male,0,Yes,No,52,Yes,Yes,DSL,No,Yes,No,No,Yes,No,One year,Yes,Electronic check,31.16,1652.61,No
CUST_00476,Female,0,Yes,No,9,Yes,Yes,Fiber optic,No,No,Yes,Yes,Yes,Yes,Two year,No,Credit card (automatic),71.93,648.72,No
CUST_00477,Male,0,No,Yes,10,Yes,Yes,Fiber optic,Yes,No,No,Yes,No,No,Month-to-month,No,Bank transfer (automatic),100.54,1048.28,Yes
CUST_00478,Female,0,No,Yes,10,Yes,No phone service,DSL,Yes,Yes,No,Yes,No,Yes,Month-to-month,No,Credit card (automatic),43.74,456.22,Yes
CUST_00479,Male,0,No,Yes,62,Yes,No,DSL,No,No,No,Yes,Yes,Yes,One year,Yes,Bank transfer (automatic),103.83,6444.36,Yes
CUST_00480,Female,1,No,Yes,60,Yes,No phone service,DSL,Yes,Yes,Yes,No,No,Yes,Month-to-month,Yes,Credit card (automatic),74.82,4526.77,No
CUST_00481,Female,0,No,No,19,Yes,No,No,No internet service,No internet service,No internet service,No internet service,No internet service,No internet service,One year,Yes,Electronic check,51.86,1009.62,No
CUST_00482,Female,0,No,No,38,Yes,Yes,Fiber optic,Yes,Yes,No,Yes,Yes,No,One year,Yes,Mailed check,106.3,4041.01,No
CUST_00483,Male,0,Yes,Yes,6,Yes,Yes,No,No internet service,No internet service,No internet service,No internet service,No internet service,No internet service,Month-to-month,No,Mailed check,81.44,527.76,No
CUST_00484,Female,0,No,Yes,15,Yes,Yes,Fiber optic,No,No,No,No,No,No,Two year,Yes,Bank transfer (automatic),80.77,1233.29,No
CUST_00485,Male,0,No,No,47,Yes,Yes,DSL,No,No,Yes,No,No,No,Month-to-month,Yes,Mailed check,69.41,3299.97,No
CUST_00486,Female,1,Yes,Yes,45,Yes,Yes,DSL,No,Yes,Yes,No,Yes,Yes,Month-to-month,No,Mailed check,46.02,2108.82,No
CUST_00487,Male,0,No,No,5,Yes,No phone service,Fiber optic,No,No,Yes,No,No,Yes,Two year,Yes,Mailed check,49.1,250.48,No
CUST_00488,Female,0,Yes,Yes,53,Yes,No,Fiber optic,Yes,No,Yes,No,Yes,Yes,Month-to-month,No,Credit card (automatic),26.98,1460.82,Yes
CUST_00489,Male,0,No,No,66,Yes,No phone service,Fiber optic,No,No,No,No,Yes,Yes,Month-to-month,No,Electronic check,42.86,2846.75,Yes
CUST_00490,Male,1,No,Yes,62,Yes,Yes,Fiber optic,Yes,Yes,Yes,Yes,Yes,No,Two year,No,Credit card (automatic),46.34,2900.29,No
CUST_00491,Female,0,Yes,Yes,23,Yes,No,Fiber optic,No,No,No,Yes,Yes,Yes,Month-to-month,No,Electronic check,23.99,556.14,No
CUST_00492,Male,0,No,Yes,44,No,No phone service,DSL,No,Yes,Yes,No,Yes,Yes,Month-to-month,Yes,Mailed check,29.25,1316.5,No
CUST_00493,Male,0,Yes,No,52,Yes,Yes,No,No internet service,No internet service,No internet service,No internet service,No internet service,No internet service,One year,No,Credit card (automatic),45.57,2408.3,No
CUST_00494,Female,0,No,No,46,Yes,No,Fiber optic,No,Yes,Yes,No,No,No,Month-to-month,No,Electronic check,87.08,4055.01,No
CUST_00495,Male,0,No,Yes,19,Yes,No phone service,DSL,Yes,Yes,No,Yes,Yes,Yes,One year,Yes,Credit card (automatic),36.79,715.06,No
CUST_00496,Male,1,Yes,Yes,47,Yes,No phone service,Fiber optic,No,No,Yes,No,Yes,Yes,Month-to-month,Yes,Bank transfer (automatic),71.23,3355.5,Yes
CUST_00497,Male,0,No,Yes,52,Yes,No phone service,Fiber optic,No,Yes,No,Yes,Yes,No,One year,Yes,Credit card (automatic),69.81,3648.21,Yes
CUST_00498,Female,0,No,Yes,24,Yes,No phone service,DSL,Yes,No,Yes,Yes,Yes,No,Month-to-month,Yes,Mailed check,103.07,2474.69,No
CUST_00499,Male,0,Yes,No,17,Yes,No,Fiber optic,No,No,Yes,No,Yes,No,Two year,No,Credit card (automatic),80.13,1382.73,No
CUST_00500,Female,1,No,No,46,Yes,No phone service,DSL,Yes,No,Yes,No,Yes,Yes,Month-to-month,Yes,Mailed check,111.53,5176.29,No
CUST_00501,Male,0,Yes,No,64,Yes,No,DSL,Yes,No,No,Yes,No,Yes,One year,Yes,Bank transfer (automatic),82.07,5261.96,No
CUST_00502,Male,0,No,Yes,28,Yes,Yes,DSL,No,Yes,No,Yes,Yes,Yes,Two year,No,Mailed check,20.6,600.76,No
CUST_00503,Male,0,Yes,Yes,50,Yes,No phone service,DSL,No,Yes,Yes,Yes,Yes,No,Month-to-month,No,Mailed check,56.91,2874.24,Yes
CUST_00504,Female,0,No,No,64,Yes,Yes,DSL,Yes,Yes,No,No,No,No,Month-to-month,No,Mailed check,89.3,5724.38,No
CUST_00505,Male,0,Yes,Yes,28,Yes,No phone service,DSL,No,Yes,Yes,No,No,No,Month-to-month,Yes,Credit card (automatic),66.46,1877.45,No
CUST_00506,Male,0,Yes,No,56,Yes,Yes,No,No internet service,No internet service,No internet service,No internet service,No internet service,No internet service,Two year,Yes,Bank transfer (automatic),60.78,3449.17,No
CUST_00507,Female,1,No,No,59,Yes,Yes,DSL,Yes,No,Yes,Yes,Yes,Yes,Two year,No,Credit card (automatic),86.5,5118.15,No
CUST_00508,Male,0,No,No,5,Yes,Yes,Fiber optic,Yes,No,No,No,Yes,No,Two year,Yes,Electronic check,47.14,267.49,No
CUST_00509,Female,0,Yes,No,54,No,No phone service,DSL,No,Yes,No,No,Yes,No,One year,Yes,Credit card (automatic),110.72,5985.5,No
CUST_00510,Female,0,No,Yes,44,Yes,Yes,Fiber optic,Yes,Yes,Yes,No,Yes,No,Month-to-month,Yes,Electronic check,60.14,2679.68,No
CUST_00511,Male,0,Yes,No,42,Yes,No,DSL,No,No,No,Yes,Yes,Yes,Month-to-month,No,Mailed check,82.38,3474.09,No
CUST_00512,Female,0,No,Yes,72,Yes,No,DSL,No,Yes,No,No,No,Yes,Two year,Yes,Electronic check,118.2,8521.82,No
CUST_00513,Male,0,No,No,57,Yes,No phone service,DSL,No,Yes,Yes,No,Yes,No,Month-to-month,Yes,Mailed check,98.12,5598.99,No
CUST_00514,Female,0,Yes,No,47,Yes,No,No,No internet service,No internet service,No internet service,No internet service,No internet service,No internet service,Month-to-month,No,Bank transfer (automatic),72.23,3396.94,Yes
CUST_00515,Female,0,Yes,No,25,Yes,Yes,Fiber optic,Yes,Yes,No,No,No,Yes,One year,Yes,Bank transfer (automatic),105.66,2689.83,No
CUST_00516,Male,0,No,No,44,Yes,No,DSL,No,No,Yes,No,Yes,No,Month-to-month,No,Mailed check,75.16,3327.94,No
CUST_00517,Female,0,No,Yes,15,Yes,No,DSL,Yes,No,Yes,Yes,No,No,Month-to-month,No,Mailed check,63.05,984.61,Yes
CUST_00518,Female,0,No,Yes,51,Yes,Yes,DSL,Yes,Yes,No,Yes,No,No,One year,Yes,Mailed check,107.09,5507.71,No
CUST_00519,Female,0,No,Yes,53,Yes,No,DSL,Yes,No,No,Yes,No,Yes,Month-to-month,Yes,Electronic check,20.77,1111.0,No
CUST_00520,Female,0,No,Yes,34,Yes,Yes,Fiber optic,Yes,Yes,No,Yes,Yes,Yes,Month-to-month,Yes,Bank transfer (automatic),59.56,2068.58,No
CUST_00521,Female,0,Yes,No,8,Yes,No,Fiber optic,Yes,No,Yes,Yes,No,Yes,One year,Yes,Mailed check,52.99,459.28,Yes
CUST_00522,Male,0,No,Yes,70,Yes,Yes,Fiber optic,No,Yes,Yes,No,No,Yes,One year,Yes,Electronic check,90.84,6387.48,No
CUST_00523,Female,0,No,Yes,21,Yes,No phone service,DSL,Yes,No,No,Yes,Yes,Yes,Month-to-month,Yes,Mailed check,19.28,445.41,Yes
CUST_00524,Male,0,Yes,No,7,Yes,No,Fiber optic,Yes,No,No,Yes,No,Yes,Month-to-month,No,Bank transfer (automatic),85.41,603.38,Yes
CUST_00525,Female,0,Yes,Yes,56,No,No phone service,DSL,Yes,No,Yes,No,No,Yes,Two year,Yes,Credit card (automatic),53.33,2999.6,No
CUST_00526,Male,0,Yes,Yes,49,Yes,Yes,DSL,No,Yes,No,Yes,No,No,Month-to-month,Yes,Bank transfer (automatic),27.99,1377.82,No
CUST_00527,Male,1,No,Yes,42,Yes,Yes,Fiber optic,No,No,No,Yes,Yes,No,Month-to-month,No,Credit card (automatic),117.99,5000.54,Yes
CUST_00528,Female,0,Yes,Yes,23,Yes,No phone service,DSL,Yes,No,Yes,Yes,No,Yes,Month-to-month,Yes,Bank transfer (automatic),39.65,916.83,No
CUST_00529,Female,0,Yes,No,52,Yes,Yes,Fiber optic,No,Yes,Yes,Yes,No,No,Month-to-month,No,Mailed check,53.61,2836.78,No
CUST_00530,Female,0,Yes,No,53,No,No phone service,No,No internet service,No internet service,No internet service,No internet service,No internet service,No internet service,One year,Yes,Bank transfer (automatic),39.12,2078.79,Yes
CUST_00531,Male,0,Yes,Yes,16,Yes,Yes,DSL,No,Yes,No,No,No,Yes,Two year,No,Mailed check,85.52,1401.46,Yes
CUST_00532,Female,0,No,No,37,Yes,Yes,No,No internet service,No internet service,No internet service,No internet service,No internet service,No internet service,Month-to-month,Yes,Electronic check,97.82,3652.24,Yes
CUST_00533,Male,0,No,Yes,18,Yes,Yes,DSL,Yes,Yes,Yes,Yes,No,No,Two year,Yes,Credit card (automatic),105.79,1950.7,No
CUST_00534,Male,0,No,Yes,20,Yes,Yes,DSL,No,No,Yes,No,Yes,Yes,Two year,Yes,Credit card (automatic),49.72,1010.59,No
CUST_00535,Male,0,Yes,Yes,46,Yes,Yes,Fiber optic,Yes,Yes,Yes,Yes,Yes,No,Month-to-month,No,Electronic check,71.5,3305.81,Yes
CUST_00536,Female,0,Yes,No,2,Yes,Yes,Fiber optic,Yes,Yes,No,No,No,Yes,Month-to-month,No,Credit card (automatic),85.65,213.62,Yes
CUST_00537,Female,0,Yes,No,63,Yes,No phone service,DSL,No,No,Yes,No,No,No,One year,No,Electronic check,82.21,5228.23,No
CUST_00538,Male,1,Yes,No,3,Yes,No,Fiber optic,No,Yes,Yes,Yes,Yes,Yes,Month-to-month,No,Mailed check,91.03,274.61,Yes
CUST_00539,Male,0,Yes,No,46,Yes,Yes,No,No internet service,No internet service,No internet service,No internet service,No internet service,No internet service,One year,No,Bank transfer (automatic),96.51,4471.33,No
CUST_00540,Female,0,Yes,No,49,Yes,No phone service,DSL,Yes,No,No,Yes,Yes,Yes,One year,Yes,Credit card (automatic),27.94,1381.35,No
CUST_00541,Male,0,No,No,1,Yes,Yes,No,No internet service,No internet service,No internet service,No internet service,No internet service,No internet service,Month-to-month,No,Bank transfer (automatic),35.17,71.57,Yes
CUST_00542,Female,1,No,Yes,22,Yes,No,Fiber optic,Yes,Yes,Yes,Yes,No,No,Month-to-month,Yes,Mailed check,92.9,2082.45,Yes
CUST_00543,Male,0,Yes,No,14,Yes,Yes,No,No internet service,No internet service,No internet service,No internet service,No internet service,No internet service,Month-to-month,No,Credit card (automatic),66.62,970.82,No
CUST_00544,Female,0,No,Yes,45,Yes,No phone service,DSL,No,No,Yes,Yes,No,Yes,Month-to-month,Yes,Electronic check,61.56,2791.86,No
CUST_00545,Male,0,Yes,Yes,6,Yes,No phone service,Fiber optic,No,Yes,Yes,Yes,No,No,Month-to-month,No,Electronic check,64.45,394.62,No
CUST_00546,Female,0,Yes,No,65,Yes,No,DSL,No,No,No,Yes,No,Yes,Two year,Yes,Credit card (automatic),55.95,3665.77,No
CUST_00547,Male,0,No,Yes,21,No,No phone service,No,No internet service,No internet service,No internet service,No internet service,No internet service,No internet service,Month-to-month,Yes,Mailed check,78.29,1683.52,Yes
CUST_00548,Female,0,Yes,Yes,4,Yes,No phone service,Fiber optic,No,No,No,No,Yes,No,One year,No,Bank transfer (automatic),50.98,249.53,No
CUST_00549,Female,0,No,Yes,3,No,No phone service,DSL,Yes,Yes,No,Yes,Yes,No,Month-to-month,Yes,Bank transfer (automatic),82.96,271.5,Yes
CUST_00550,Male,0,Yes,No,30,Yes,No,DSL,Yes,Yes,Yes,Yes,Yes,No,Two year,No,Bank transfer (automatic),38.67,1172.35,No
CUST_00551,Male,0,Yes,No,31,Yes,Yes,No,No internet service,No internet service,No internet service,No internet service,No internet service,No internet service,Two year,Yes,Credit card (automatic),95.28,2959.75,No
CUST_00552,Female,0,No,Yes,34,Yes,No phone service,Fiber optic,No,No,Yes,No,No,Yes,Two year,Yes,Bank transfer (automatic),97.72,3362.47,Yes
CUST_00553,Male,0,Yes,No,20,Yes,Yes,DSL,No,Yes,No,Yes,Yes,No,Month-to-month,No,Electronic check,77.01,1566.95,No
CUST_00554,Female,0,Yes,Yes,54,Yes,Yes,Fiber optic,No,Yes,No,No,Yes,No,Month-to-month,Yes,Bank transfer (automatic),55.67,3039.94,Yes
CUST_00555,Male,0,Yes,No,25,Yes,Yes,No,No internet service,No internet service,No internet service,No internet service,No internet service,No internet service,Month-to-month,Yes,Mailed check,19.47,494.67,No
CUST_00556,Female,1,No,Yes,15,Yes,No phone service,DSL,No,Yes,Yes,No,No,No,Month-to-month,No,Bank transfer (automatic),30.4,456.27,No
CUST_00557,Female,0,Yes,Yes,38,Yes,No,DSL,No,Yes,No,No,No,Yes,Two year,No,Electronic check,26.13,1041.25,No
CUST_00558,Female,0,Yes,No,23,No,No phone service,No,No internet service,No internet service,No internet service,No internet service,No internet service,No internet service,One year,No,Bank transfer (automatic),19.04,478.49,No
CUST_00559,Female,0,Yes,No,52,Yes,Yes,DSL,No,No,No,Yes,No,No,One year,No,Bank transfer (automatic),91.67,4786.65,No
CUST_00560,Female,1,No,No,66,No,No phone service,DSL,No,No,Yes,No,No,No,Two year,Yes,Credit card (automatic),115.52,7647.1,No
CUST_00561,Female,0,No,No,57,Yes,Yes,DSL,No,Yes,Yes,No,Yes,No,One year,No,Mailed check,19.14,1137.39,Yes
CUST_00562,Male,0,No,No,57,Yes,No,No,No internet service,No internet service,No internet service,No internet service,No internet service,No internet service,One year,No,Bank transfer (automatic),29.49,1691.57,No
CUST_00563,Male,0,No,Yes,52,Yes,Yes,DSL,No,Yes,No,No,Yes,No,Month-to-month,No,Bank transfer (automatic),105.79,5541.17,No
CUST_00564,Male,0,No,Yes,35,Yes,No,Fiber optic,No,No,No,No,No,Yes,Month-to-month,Yes,Credit card (automatic),88.23,3088.85,No
CUST_00565,Female,0,Yes,Yes,14,Yes,Yes,No,No internet service,No internet service,No internet service,No internet service,No internet service,No internet service,One year,No,Mailed check,59.28,873.71,No
CUST_00566,Female,0,No,No,14,Yes,Yes,DSL,Yes,Yes,Yes,Yes,No,No,Two year,Yes,Mailed check,119.27,1699.18,No
CUST_00567,Female,0,No,No,33,Yes,Yes,No,No internet service,No internet service,No internet service,No internet service,No internet service,No internet service,Month-to-month,No,Credit card (automatic),76.51,2548.69,Yes
CUST_00568,Female,1,Yes,Yes,52,Yes,No,Fiber optic,Yes,No,No,Yes,Yes,No,One year,Yes,Mailed check,86.3,4522.88,No
CUST_00569,Male,0,No,Yes,1,Yes,Yes,Fiber optic,No,Yes,No,No,No,No,Month-to-month,Yes,Mailed check,84.62,88.01,Yes
CUST_00570,Male,0,Yes,Yes,34,Yes,Yes,DSL,Yes,No,Yes,No,No,No,Month-to-month,Yes,Electronic check,40.72,1394.11,No
CUST_00571,Female,0,No,Yes,19,Yes,Yes,Fiber optic,No,Yes,Yes,No,Yes,Yes,Month-to-month,No,Bank transfer (automatic),67.79,1308.33,Yes
CUST_00572,Male,0,Yes,No,24,Yes,No,DSL,No,No,Yes,Yes,No,Yes,Two year,No,Bank transfer (automatic),40.07,992.67,No
CUST_00573,Male,0,Yes,Yes,4,Yes,Yes,DSL,Yes,No,Yes,No,No,No,Month-to-month,No,Electronic check,69.97,287.09,No
CUST_00574,Female,0,No,No,36,Yes,No phone service,No,No internet service,No internet service,No internet service,No internet service,No internet service,No internet service,One year,Yes,Mailed check,21.14,780.0,No
CUST_00575,Male,0,No,Yes,58,Yes,No,DSL,No,Yes,No,No,No,Yes,Month-to-month,No,Bank transfer (automatic),56.96,3316.72,No
CUST_00576,Female,1,Yes,No,32,No,No phone service,No,No internet service,No internet service,No internet service,No internet service,No internet service,No internet service,One year,Yes,Mailed check,55.97,1823.17,No
CUST_00577,Male,1,Yes,No,9,Yes,Yes,DSL,No,No,Yes,No,No,No,Month-to-month,No,Mailed check,47.75,475.68,No
CUST_00578,Female,0,Yes,No,67,Yes,No,DSL,Yes,Yes,Yes,No,Yes,Yes,Month-to-month,No,Credit card (automatic),26.08,1755.75,Yes
CUST_00579,Female,0,Yes,No,20,Yes,No,No,No internet service,No internet service,No internet service,No internet service,No internet service,No internet service,Month-to-month,No,Electronic check,96.64,1942.24,Yes
CUST_00580,Female,1,Yes,Yes,62,Yes,Yes,DSL,Yes,No,Yes,Yes,Yes,Yes,Month-to-month,No,Credit card (automatic),60.89,3804.98,No
CUST_00581,Female,0,Yes,Yes,58,Yes,No phone service,No,No internet service,No internet service,No internet service,No internet service,No internet service,No internet service,Month-to-month,No,Electronic check,101.03,5882.14,No
CUST_00582,Male,1,Yes,Yes,22,Yes,No,Fiber optic,No,Yes,No,No,No,No,Two year,Yes,Mailed check,103.24,2307.28,No
CUST_00583,Female,0,No,No,67,Yes,No,DSL,Yes,No,Yes,Yes,Yes,No,Month-to-month,Yes,Bank transfer (automatic),39.79,2680.12,Yes
CUST_00584,Female,0,Yes,Yes,48,Yes,No,Fiber optic,No,Yes,Yes,No,Yes,Yes,One year,No,Mailed check,60.98,2954.07,No
CUST_00585,Female,0,No,Yes,8,Yes,No,DSL,No,Yes,No,No,Yes,Yes,One year,Yes,Bank transfer (automatic),91.54,751.66,No
CUST_00586,Male,0,No,Yes,15,Yes,No,DSL,Yes,Yes,No,Yes,Yes,Yes,One year,No,Mailed check,68.95,1048.29,No
CUST_00587,Female,0,Yes,No,32,Yes,Yes,Fiber optic,Yes,No,No,No,Yes,Yes,One year,No,Mailed check,105.22,3403.41,No
CUST_00588,Male,0,Yes,No,53,Yes,No,DSL,Yes,No,Yes,Yes,Yes,No,Two year,No,Bank transfer (automatic),76.3,4083.7,No
CUST_00589,Female,0,No,No,67,Yes,No phone service,DSL,No,No,No,Yes,Yes,No,Two year,No,Credit card (automatic),82.22,5525.0,No
CUST_00590,Male,0,Yes,Yes,4,Yes,No,No,No internet service,No internet service,No internet service,No internet service,No internet service,No internet service,Month-to-month,Yes,Electronic check,98.28,424.25,No
CUST_00591,Male,0,Yes,Yes,30,Yes,Yes,No,No internet service,No internet service,No internet service,No internet service,No internet service,No internet service,One year,Yes,Electronic check,30.47,922.93,Yes
CUST_00592,Female,1,No,Yes,13,Yes,Yes,Fiber optic,Yes,Yes,Yes,No,Yes,No,Month-to-month,Yes,Mailed check,77.59,1048.26,No
CUST_00593,Male,0,No,No,21,Yes,No phone service,Fiber optic,No,Yes,No,No,Yes,No,Month-to-month,Yes,Bank transfer (automatic),26.71,575.05,Yes
CUST_00594,Female,0,No,Yes,41,Yes,No,Fiber optic,No,Yes,No,Yes,No,Yes,Month-to-month,Yes,Electronic check,44.58,1836.17,Yes
CUST_00595,Female,0,Yes,No,19,Yes,No phone service,Fiber optic,Yes,Yes,Yes,Yes,Yes,Yes,Two year,No,Bank transfer (automatic),39.68,800.96,No
CUST_00596,Female,0,Yes,No,48,Yes,No phone service,Fiber optic,Yes,Yes,Yes,Yes,No,Yes,One year,No,Credit card (automatic),75.84,3661.53,No
CUST_00597,Male,1,No,No,63,Yes,No phone service,No,No internet service,No internet service,No internet service,No internet service,No internet service,No internet service,One year,Yes,Credit card (automatic),104.08,6589.09,No
CUST_00598,Male,0,Yes,No,20,Yes,No phone service,DSL,No,No,No,No,Yes,No,Month-to-month,Yes,Electronic check,31.55,671.39,No
CUST_00599,Female,0,No,Yes,64,Yes,No,Fiber optic,No,No,Yes,No,No,No,Month-to-month,No,Bank transfer (automatic),96.38,6202.4,Yes
CUST_00600,Female,0,Yes,Yes,37,Yes,Yes,No,No internet service,No internet service,No internet service,No internet service,No internet service,No internet service,Month-to-month,No,Mailed check,32.59,1234.16,No
CUST_00601,Male,0,No,No,31,Yes,Yes,Fiber optic,No,No,No,Yes,No,Yes,Two year,No,Credit card (automatic),37.35,1176.32,No
CUST_00602,Female,0,Yes,Yes,18,No,No phone service,No,No internet service,No internet service,No internet service,No internet service,No internet service,No internet service,Month-to-month,Yes,Bank transfer (automatic),111.53,2053.43,No
CUST_00603,Female,1,No,No,20,Yes,No phone service,DSL,Yes,No,Yes,No,No,Yes,One year,No,Mailed check,18.99,386.52,No
CUST_00604,Female,0,Yes,Yes,11,Yes,No,DSL,Yes,Yes,Yes,Yes,No,No,Two year,Yes,Electronic check,38.11,463.39,No
CUST_00605,Male,0,Yes,Yes,44,Yes,No phone service,No,No internet service,No internet service,No internet service,No internet service,No internet service,No internet service,Two year,No,Bank transfer (automatic),39.99,1794.91,No
CUST_00606,Male,0,No,No,64,Yes,No phone service,DSL,No,Yes,No,No,Yes,Yes,Two year,No,Credit card (automatic),46.75,3020.69,No
CUST_00607,Male,0,Yes,No,34,Yes,No,Fiber optic,Yes,No,Yes,Yes,No,No,Month-to-month,Yes,Electronic check,55.07,1888.55,No
CUST_00608,Female,0,Yes,No,65,Yes,No,DSL,Yes,No,No,No,No,Yes,Two year,No,Electronic check,28.52,1861.37,No
CUST_00609,Female,0,No,No,55,Yes,No phone service,Fiber optic,Yes,No,Yes,Yes,No,Yes,Two year,No,Mailed check,65.78,3640.19,No
CUST_00610,Female,0,Yes,Yes,1,Yes,No phone service,Fiber optic,Yes,Yes,No,No,No,No,Two year,No,Credit card (automatic),58.73,97.92,No
CUST_00611,Male,0,Yes,No,38,Yes,No phone service,DSL,Yes,No,Yes,Yes,Yes,Yes,Two year,Yes,Credit card (automatic),81.74,3143.51,No
CUST_00612,Female,0,Yes,Yes,9,Yes,No phone service,Fiber optic,Yes,No,No,No,No,No,Two year,Yes,Bank transfer (automatic),106.49,990.65,Yes
CUST_00613,Female,0,No,No,71,Yes,No,Fiber optic,Yes,No,No,Yes,No,No,Month-to-month,No,Mailed check,48.37,3483.72,Yes
CUST_00614,Female,0,No,Yes,17,Yes,Yes,DSL,Yes,No,No,No,No,No,Month-to-month,Yes,Bank transfer (automatic),73.74,1302.24,No
CUST_00615,Female,0,No,No,52,Yes,Yes,Fiber optic,Yes,No,Yes,No,No,Yes,One year,No,Electronic check,55.88,2925.79,No
CUST_00616,Male,1,No,Yes,18,Yes,No phone service,Fiber optic,Yes,Yes,Yes,Yes,No,Yes,One year,Yes,Electronic check,22.11,407.53,No
CUST_00617,Male,0,No,Yes,63,Yes,Yes,DSL,Yes,Yes,Yes,Yes,Yes,No,Month-to-month,Yes,Bank transfer (automatic),101.75,6433.42,Yes
CUST_00618,Female,0,Yes,Yes,33,Yes,Yes,Fiber optic,No,No,No,Yes,Yes,No,One year,Yes,Credit card (automatic),82.69,2771.0,No
CUST_00619,Male,0,Yes,No,4,No,No phone service,DSL,No,Yes,No,No,Yes,Yes,Month-to-month,No,Credit card (automatic),18.22,95.81,Yes
CUST_00620,Male,0,No,No,52,No,No phone service,DSL,No,No,Yes,Yes,No,No,Month-to-month,Yes,Electronic check,43.46,2276.53,No
CUST_00621,Female,0,Yes,No,9,Yes,Yes,Fiber optic,Yes,No,Yes,No,No,No,Month-to-month,Yes,Electronic check,49.52,482.71,No
CUST_00622,Female,0,Yes,No,64,Yes,Yes,Fiber optic,Yes,No,Yes,Yes,Yes,No,Month-to-month,Yes,Mailed check,100.78,6482.18,No
CUST_00623,Male,0,Yes,Yes,30,Yes,No phone service,No,No internet service,No internet service,No internet service,No internet service,No internet service,No internet service,One year,No,Electronic check,95.59,2916.22,No
CUST_00624,Female,0,Yes,Yes,8,Yes,No phone service,DSL,No,Yes,Yes,No,Yes,Yes,Two year,No,Electronic check,58.41,494.72,Yes
CUST_00625,Male,0,No,Yes,5,Yes,No phone service,DSL,Yes,No,Yes,Yes,Yes,Yes,One year,No,Electronic check,34.05,218.62,No
CUST_00626,Female,0,No,No,63,Yes,No,DSL,Yes,No,No,No,Yes,No,One year,No,Bank transfer (automatic),57.38,3629.19,No
CUST_00627,Male,0,Yes,Yes,1,Yes,Yes,Fiber optic,Yes,Yes,Yes,Yes,Yes,No,Month-to-month,Yes,Electronic check,100.63,143.88,No
CUST_00628,Female,0,Yes,Yes,15,Yes,Yes,Fiber optic,No,No,Yes,Yes,Yes,No,One year,No,Mailed check,64.14,979.71,No
CUST_00629,Male,1,No,No,38,No,No phone service,Fiber optic,Yes,No,Yes,Yes,Yes,No,Two year,No,Mailed check,29.82,1173.6,No
CUST_00630,Male,0,Yes,No,42,Yes,Yes,DSL,Yes,Yes,Yes,No,Yes,Yes,One year,No,Mailed check,21.93,967.44,No
CUST_00631,Male,0,Yes,Yes,46,Yes,No phone service,No,No internet service,No internet service,No internet service,No internet service,No internet service,No internet service,Month-to-month,No,Mailed check,52.0,2423.17,No
CUST_00632,Female,0,Yes,No,53,Yes,No phone service,Fiber optic,Yes,No,No,No,Yes,No,Two year,No,Electronic check,33.13,1792.48,No
CUST_00633,Male,1,No,No,26,Yes,No,No,No internet service,No internet service,No internet service,No internet service,No internet service,No internet service,Two year,No,Mailed check,93.99,2491.78,Yes
CUST_00634,Male,0,No,No,61,Yes,No phone service,DSL,No,No,Yes,Yes,Yes,No,Month-to-month,Yes,Bank transfer (automatic),46.43,2851.18,Yes
CUST_00635,Female,0,Yes,No,67,Yes,No,Fiber optic,Yes,Yes,Yes,No,No,No,Month-to-month,No,Bank transfer (automatic),107.5,7228.09,Yes
CUST_00636,Female,0,Yes,Yes,54,Yes,No phone service,Fiber optic,No,No,Yes,Yes,No,Yes,Month-to-month,Yes,Credit card (automatic),80.97,4417.27,Yes
CUST_00637,Male,0,Yes,Yes,22,Yes,Yes,Fiber optic,No,No,No,No,No,Yes,Month-to-month,Yes,Credit card (automatic),58.15,1313.02,Yes
CUST_00638,Male,0,Yes,Yes,26,Yes,No phone service,DSL,Yes,No,Yes,No,No,No,Two year,No,Electronic check,80.23,2129.55,No
CUST_00639,Female,0,Yes,Yes,60,Yes,No,No,No internet service,No internet service,No internet service,No internet service,No internet service,No internet service,Two year,Yes,Credit card (automatic),48.11,2917.38,No
CUST_00640,Female,0,Yes,Yes,39,Yes,Yes,DSL,Yes,Yes,Yes,No,Yes,Yes,One year,Yes,Bank transfer (automatic),32.42,1301.17,No
CUST_00641,Female,0,No,No,36,Yes,No,DSL,Yes,Yes,Yes,Yes,No,Yes,Two year,Yes,Bank transfer (automatic),116.35,4189.11,No
CUST_00642,Female,1,No,Yes,21,Yes,Yes,Fiber optic,No,No,Yes,No,Yes,Yes,One year,Yes,Electronic check,75.44,1601.28,No
CUST_00643,Female,0,Yes,Yes,41,Yes,Yes,Fiber optic,Yes,Yes,No,Yes,Yes,No,Month-to-month,No,Credit card (automatic),18.75,807.17,Yes
CUST_00644,Male,0,No,No,48,Yes,No phone service,Fiber optic,Yes,No,Yes,Yes,Yes,Yes,One year,Yes,Electronic check,49.65,2403.5,No
CUST_00645,Female,0,Yes,No,26,Yes,No phone service,DSL,Yes,Yes,Yes,No,Yes,Yes,Two year,No,Mailed check,34.27,909.23,No
CUST_00646,Male,0,Yes,No,63,Yes,Yes,Fiber optic,Yes,Yes,Yes,No,No,Yes,Two year,No,Mailed check,44.33,2840.66,No
CUST_00647,Male,1,No,Yes,36,Yes,No phone service,Fiber optic,No,Yes,Yes,Yes,No,No,Month-to-month,Yes,Credit card (automatic),23.68,880.21,Yes
CUST_00648,Male,0,No,No,24,Yes,No phone service,DSL,Yes,No,Yes,No,No,Yes,Month-to-month,Yes,Electronic check,43.0,1041.59,No
CUST_00649,Female,0,Yes,No,21,Yes,No,No,No internet service,No internet service,No internet service,No internet service,No internet service,No internet service,Month-to-month,Yes,Bank transfer (automatic),87.67,1864.63,Yes
CUST_00650,Male,0,Yes,No,18,Yes,No phone service,No,No internet service,No internet service,No internet service,No internet service,No internet service,No internet service,Two year,Yes,Electronic check,101.7,1856.57,Yes
CUST_00651,Male,0,No,Yes,15,Yes,Yes,Fiber optic,No,No,No,No,Yes,Yes,One year,No,Mailed check,53.43,850.95,No
CUST_00652,Female,0,No,No,6,Yes,No phone service,DSL,Yes,Yes,No,No,No,No,Month-to-month,Yes,Electronic check,71.29,463.66,No
CUST_00653,Male,0,Yes,No,43,Yes,Yes,No,No internet service,No internet service,No internet service,No internet service,No internet service,No internet service,One year,Yes,Electronic check,22.26,983.26,No
CUST_00654,Male,0,Yes,Yes,31,No,No phone service,DSL,No,Yes,Yes,Yes,Yes,No,Month-to-month,No,Credit card (automatic),27.26,866.71,No
CUST_00655,Female,0,Yes,No,28,Yes,No,DSL,No,Yes,No,Yes,No,Yes,Month-to-month,No,Bank transfer (automatic),74.3,2126.07,No
CUST_00656,Male,0,No,Yes,8,Yes,Yes,DSL,No,No,Yes,Yes,No,Yes,Two year,No,Electronic check,103.74,862.21,No
CUST_00657,Male,1,Yes,Yes,29,Yes,Yes,DSL,No,No,No,No,Yes,Yes,Month-to-month,No,Mailed check,26.97,800.07,No
CUST_00658,Male,0,No,No,21,Yes,No,No,No internet service,No internet service,No internet service,No internet service,No internet service,No internet service,Month-to-month,Yes,Electronic check,60.69,1297.76,Yes
CUST_00659,Female,0,Yes,Yes,58,Yes,Yes,Fiber optic,No,No,Yes,Yes,Yes,Yes,Month-to-month,Yes,Bank transfer (automatic),116.98,6798.94,No
CUST_00660,Female,0,No,No,60,Yes,No,No,No internet service,No internet service,No internet service,No internet service,No internet service,No internet service,Month-to-month,No,Electronic check,93.36,5649.43,No
CUST_00661,Female,0,No,No,50,No,No phone service,DSL,Yes,Yes,Yes,Yes,Yes,No,One year,Yes,Bank transfer (automatic),38.16,1942.87,Yes
CUST_00662,Male,0,No,No,31,Yes,No phone service,Fiber optic,No,No,Yes,Yes,Yes,No,One year,No,Electronic check,47.09,1479.34,No
CUST_00663,Male,0,No,No,47,Yes,No,No,No internet service,No internet service,No internet service,No internet service,No internet service,No internet service,Month-to-month,Yes,Credit card (automatic),114.69,5399.47,No
CUST_00664,Female,0,Yes,Yes,34,Yes,No,No,No internet service,No internet service,No internet service,No internet service,No internet service,No internet service,Month-to-month,No,Bank transfer (automatic),40.54,1387.24,No
CUST_00665,Male,0,No,No,2,Yes,Yes,Fiber optic,No,No,No,No,Yes,No,Month-to-month,No,Electronic check,62.97,149.83,Yes
CUST_00666,Male,0,No,No,67,Yes,No,DSL,No,Yes,Yes,No,Yes,Yes,Month-to-month,No,Electronic check,54.27,3659.62,No
CUST_00667,Female,1,No,No,72,Yes,Yes,Fiber optic,Yes,Yes,Yes,No,Yes,Yes,One year,Yes,Electronic check,67.98,4915.73,No
CUST_00668,Female,0,Yes,Yes,52,Yes,No,DSL,No,Yes,Yes,Yes,No,Yes,Month-to-month,Yes,Electronic check,42.13,2233.41,Yes
CUST_00669,Male,0,Yes,Yes,7,Yes,No,Fiber optic,No,No,Yes,No,No,Yes,Month-to-month,Yes,Electronic check,86.17,652.16,Yes
CUST_00670,Male,0,Yes,No,19,No,No phone service,Fiber optic,No,No,Yes,No,Yes,No,Month-to-month,Yes,Mailed check,41.93,814.38,No
CUST_00671,Male,0,Yes,Yes,15,Yes,Yes,Fiber optic,No,Yes,Yes,No,No,No,Month-to-month,Yes,Credit card (automatic),79.41,1205.95,No
CUST_00672,Female,0,Yes,Yes,48,Yes,No phone service,Fiber optic,Yes,No,Yes,No,Yes,Yes,Month-to-month,No,Mailed check,54.49,2654.14,No
CUST_00673,Female,0,Yes,No,14,Yes,No,Fiber optic,No,No,Yes,Yes,Yes,Yes,One year,No,Electronic check,43.65,633.6,No
CUST_00674,Female,0,No,No,3,Yes,Yes,DSL,No,No,Yes,Yes,No,No,Month-to-month,No,Bank transfer (automatic),88.89,277.55,No
CUST_00675,Female,0,No,No,50,Yes,No phone service,Fiber optic,Yes,Yes,No,No,Yes,No,Month-to-month,No,Bank transfer (automatic),116.45,5831.77,No
CUST_00676,Male,0,No,No,54,Yes,No,Fiber optic,Yes,Yes,No,No,Yes,Yes,One year,No,Mailed check,106.68,5774.55,No
CUST_00677,Female,0,Yes,No,6,Yes,No phone service,DSL,No,No,No,Yes,No,No,One year,No,Mailed check,26.86,161.21,No
CUST_00678,Female,1,No,Yes,49,Yes,No,DSL,No,Yes,Yes,No,Yes,Yes,Month-to-month,No,Mailed check,64.35,3200.23,No
CUST_00679,Female,0,No,No,23,No,No phone service,DSL,No,Yes,No,No,Yes,Yes,Month-to-month,No,Credit card (automatic),88.87,2065.47,Yes
CUST_00680,Female,0,Yes,No,20,No,No phone service,Fiber optic,No,Yes,Yes,Yes,No,No,Two year,Yes,Credit card (automatic),75.39,1511.88,No
CUST_00681,Female,0,No,No,60,Yes,Yes,No,No internet service,No internet service,No internet service,No internet service,No internet service,No internet service,One year,Yes,Bank transfer (automatic),92.09,5533.55,No
CUST_00682,Male,0,Yes,No,45,Yes,Yes,DSL,No,Yes,Yes,No,Yes,Yes,Month-to-month,Yes,Mailed check,117.46,5301.97,Yes
CUST_00683,Male,0,No,No,61,Yes,No,Fiber optic,No,No,No,Yes,Yes,No,Month-to-month,Yes,Credit card (automatic),52.91,3255.2,Yes
CUST_00684,Female,0,Yes,Yes,56,Yes,No phone service,Fiber optic,Yes,Yes,No,Yes,Yes,No,Month-to-month,Yes,Mailed check,96.63,5446.41,No
CUST_00685,Male,0,Yes,No,2,Yes,Yes,DSL,Yes,No,Yes,No,No,Yes,Two year,No,Mailed check,27.6,70.58,Yes
CUST_00686,Female,0,Yes,Yes,45,Yes,Yes,No,No internet service,No internet service,No internet service,No internet service,No internet service,No internet service,One year,No,Credit card (automatic),106.71,4850.03,No
CUST_00687,Female,0,No,No,40,Yes,Yes,DSL,No,Yes,No,Yes,Yes,Yes,Month-to-month,No,Electronic check,97.4,3934.02,Yes
CUST_00688,Male,0,No,No,24,Yes,Yes,No,No internet service,No internet service,No internet service,No internet service,No internet service,No internet service,Month-to-month,No,Electronic check,71.14,1748.62,No
CUST_00689,Male,0,Yes,No,29,Yes,No,DSL,No,Yes,No,No,No,Yes,Two year,Yes,Mailed check,101.75,2966.8,No
CUST_00690,Female,0,Yes,Yes,67,Yes,No phone service,DSL,No,Yes,No,Yes,Yes,Yes,Month-to-month,Yes,Bank transfer (automatic),86.0,5780.75,No
CUST_00691,Female,0,No,No,68,Yes,No,DSL,No,No,No,No,No,Yes,Month-to-month,Yes,Credit card (automatic),74.33,5081.14,No
CUST_00692,Female,1,No,No,66,Yes,No,DSL,Yes,No,No,Yes,No,No,One year,Yes,Electronic check,114.49,7579.06,Yes
CUST_00693,Male,1,Yes,No,54,Yes,No,No,No internet service,No internet service,No internet service,No internet service,No internet service,No internet service,Month-to-month,No,Credit card (automatic),31.29,1702.5,No
CUST_00694,Female,0,No,No,53,Yes,Yes,DSL,No,Yes,No,No,Yes,Yes,One year,No,Credit card (automatic),119.28,6371.85,No
CUST_00695,Female,0,No,No,49,Yes,No phone service,Fiber optic,No,No,No,Yes,No,No,One year,No,Mailed check,33.75,1696.27,No
CUST_00696,Female,0,No,No,32,Yes,No,DSL,No,No,Yes,No,No,No,Two year,No,Electronic check,66.98,2155.19,No
CUST_00697,Male,1,Yes,No,61,Yes,No,No,No internet service,No internet service,No internet service,No internet service,No internet service,No internet service,One year,No,Credit card (automatic),41.6,2582.46,No
CUST_00698,Female,1,Yes,Yes,42,Yes,No,Fiber optic,Yes,Yes,Yes,No,Yes,No,Month-to-month,No,Bank transfer (automatic),45.74,1950.22,Yes
CUST_00699,Female,0,No,No,1,No,No phone service,Fiber optic,Yes,Yes,Yes,No,No,No,Two year,Yes,Mailed check,82.45,83.07,No
CUST_00700,Male,0,Yes,No,63,Yes,Yes,DSL,No,No,No,Yes,No,Yes,Two year,No,Mailed check,21.54,1374.35,No
CUST_00701,Female,0,No,No,35,Yes,No,Fiber optic,Yes,Yes,Yes,No,Yes,No,Month-to-month,Yes,Electronic check,113.96,3989.75,Yes
CUST_00702,Female,0,No,Yes,51,Yes,Yes,DSL,No,No,Yes,Yes,No,No,Month-to-month,No,Mailed check,46.52,2376.98,No
CUST_00703,Male,0,Yes,Yes,71,Yes,No phone service,DSL,No,Yes,Yes,No,No,No,Two year,Yes,Electronic check,45.8,3260.63,Yes
CUST_00704,Female,1,Yes,No,45,Yes,Yes,Fiber optic,No,No,No,No,No,No,Month-to-month,Yes,Credit card (automatic),106.08,4797.98,No
CUST_00705,Male,0,Yes,Yes,65,Yes,No,No,No internet service,No internet service,No internet service,No internet service,No internet service,No internet service,Month-to-month,Yes,Bank transfer (automatic),96.01,6259.93,Yes
CUST_00706,Male,0,No,No,14,Yes,No phone service,No,No internet service,No internet service,No internet service,No internet service,No internet service,No internet service,Month-to-month,Yes,Electronic check,86.52,1218.67,No
CUST_00707,Female,1,No,No,3,Yes,Yes,Fiber optic,No,No,Yes,No,No,Yes,Month-to-month,No,Credit card (automatic),32.93,118.51,No
CUST_00708,Female,0,Yes,Yes,24,Yes,No,Fiber optic,No,Yes,Yes,Yes,Yes,No,Two year,Yes,Credit card (automatic),96.5,2331.24,No
CUST_00709,Female,0,Yes,No,65,Yes,No phone service,No,No internet service,No internet service,No internet service,No internet service,No internet service,No internet service,Month-to-month,No,Credit card (automatic),54.8,3582.39,Yes
CUST_00710,Female,0,Yes,Yes,48,Yes,No phone service,Fiber optic,No,Yes,Yes,Yes,Yes,Yes,Month-to-month,No,Mailed check,119.38,5738.69,No
CUST_00711,Male,0,No,Yes,10,Yes,No phone service,Fiber optic,No,No,No,No,Yes,Yes,One year,Yes,Bank transfer (automatic),86.47,895.16,No
CUST_00712,Female,0,No,Yes,13,Yes,Yes,No,No internet service,No internet service,No internet service,No internet service,No internet service,No internet service,One year,Yes,Bank transfer (automatic),103.26,1344.62,No
CUST_00713,Male,0,No,No,14,No,No phone service,DSL,Yes,No,Yes,No,Yes,No,Two year,No,Bank transfer (automatic),92.85,1319.24,No
CUST_00714,Female,0,Yes,No,10,No,No phone service,DSL,No,Yes,Yes,Yes,No,No,Month-to-month,No,Electronic check,78.61,830.87,Yes
CUST_00715,Female,0,Yes,No,40,Yes,No,Fiber optic,No,No,No,No,Yes,No,Month-to-month,No,Bank transfer (automatic),91.06,3663.57,No
CUST_00716,Female,0,No,No,23,Yes,Yes,DSL,Yes,No,Yes,No,No,Yes,One year,Yes,Credit card (automatic),78.94,1837.75,No
CUST_00717,Male,0,Yes,No,55,Yes,Yes,DSL,No,Yes,No,Yes,Yes,No,Month-to-month,No,Mailed check,23.22,1280.62,No
CUST_00718,Female,0,Yes,No,63,No,No phone service,Fiber optic,No,Yes,No,No,No,Yes,Month-to-month,Yes,Bank transfer (automatic),53.24,3384.6,No
CUST_00719,Female,0,Yes,No,71,Yes,Yes,Fiber optic,No,Yes,No,No,Yes,No,Two year,Yes,Credit card (automatic),50.27,3616.32,No
CUST_00720,Female,0,Yes,Yes,42,Yes,Yes,No,No internet service,No internet service,No internet service,No internet service,No internet service,No internet service,Month-to-month,Yes,Bank transfer (automatic),90.83,3829.24,Yes
CUST_00721,Female,0,No,No,66,Yes,No,DSL,Yes,Yes,No,Yes,Yes,Yes,One year,Yes,Electronic check,76.77,5086.46,No
CUST_00722,Male,0,Yes,No,47,Yes,No phone service,DSL,Yes,Yes,Yes,Yes,Yes,No,One year,Yes,Credit card (automatic),80.27,3802.09,No
CUST_00723,Female,0,No,No,52,Yes,No,DSL,No,Yes,Yes,No,Yes,Yes,Month-to-month,Yes,Electronic check,104.39,5433.05,No
CUST_00724,Male,0,No,Yes,18,Yes,No phone service,Fiber optic,Yes,No,No,No,Yes,No,Month-to-month,No,Mailed check,71.58,1335.98,Yes
CUST_00725,Male,0,Yes,Yes,18,Yes,Yes,Fiber optic,No,Yes,Yes,Yes,Yes,Yes,Month-to-month,No,Mailed check,40.26,748.14,No
CUST_00726,Male,1,No,Yes,24,Yes,No,Fiber optic,No,Yes,Yes,Yes,No,Yes,Month-to-month,No,Electronic check,19.27,468.21,Yes
CUST_00727,Male,0,No,No,23,Yes,No phone service,DSL,Yes,Yes,No,Yes,Yes,Yes,Two year,Yes,Bank transfer (automatic),34.27,804.94,No
CUST_00728,Male,0,Yes,Yes,12,Yes,Yes,Fiber optic,No,Yes,Yes,No,Yes,No,One year,No,Electronic check,21.12,272.12,No
CUST_00729,Male,0,No,Yes,23,Yes,Yes,Fiber optic,No,Yes,Yes,No,No,No,Month-to-month,Yes,Credit card (automatic),42.18,987.42,Yes
CUST_00730,Female,0,No,No,21,Yes,Yes,DSL,No,No,Yes,Yes,No,Yes,Month-to-month,No,Electronic check,82.77,1772.83,No
CUST_00731,Male,0,No,No,64,Yes,No phone service,Fiber optic,No,Yes,Yes,Yes,Yes,Yes,Month-to-month,No,Electronic check,33.44,2157.74,No
CUST_00732,Male,0,No,No,72,Yes,No phone service,Fiber optic,Yes,No,Yes,No,Yes,Yes,Two year,No,Mailed check,26.36,1913.84,No
CUST_00733,Male,0,No,Yes,34,Yes,No phone service,No,No internet service,No internet service,No internet service,No internet service,No internet service,No internet service,Two year,No,Credit card (automatic),117.03,3995.03,Yes
CUST_00734,Female,0,No,No,2,Yes,Yes,No,No internet service,No internet service,No internet service,No internet service,No internet service,No internet service,Month-to-month,Yes,Mailed check,119.68,278.26,No
CUST_00735,Female,0,No,No,69,Yes,No phone service,Fiber optic,Yes,Yes,Yes,Yes,No,No,Two year,No,Credit card (automatic),82.98,5740.79,No
CUST_00736,Male,0,No,No,31,Yes,No,No,No internet service,No internet service,No internet service,No internet service,No internet service,No internet service,Month-to-month,Yes,Mailed check,29.07,901.99,No
CUST_00737,Female,0,Yes,No,68,Yes,No phone service,Fiber optic,No,No,Yes,Yes,Yes,No,Month-to-month,Yes,Mailed check,101.8,6940.34,No
CUST_00738,Male,1,Yes,No,70,Yes,No phone service,No,No internet service,No internet service,No internet service,No internet service,No internet service,No internet service,Month-to-month,Yes,Bank transfer (automatic),73.0,5123.9,No
CUST_00739,Male,0,Yes,No,19,Yes,Yes,DSL,Yes,No,Yes,Yes,No,No,Two year,Yes,Mailed check,36.57,740.31,No
CUST_00740,Female,0,No,Yes,72,Yes,No,Fiber optic,No,No,No,No,Yes,Yes,Month-to-month,No,Mailed check,76.72,5547.78,Yes
CUST_00741,Male,0,No,No,13,Yes,No,Fiber optic,No,Yes,Yes,No,Yes,Yes,Two year,No,Bank transfer (automatic),22.02,297.95,Yes
CUST_00742,Female,0,No,Yes,65,Yes,No,Fiber optic,No,Yes,Yes,No,Yes,No,Month-to-month,Yes,Credit card (automatic),117.19,7666.56,No
CUST_00743,Female,0,Yes,Yes,6,Yes,No phone service,DSL,No,No,Yes,Yes,Yes,No,One year,No,Bank transfer (automatic),102.25,625.83,No
CUST_00744,Male,0,Yes,No,71,Yes,Yes,DSL,No,No,No,No,Yes,Yes,Month-to-month,No,Electronic check,44.6,3204.7,No
CUST_00745,Male,0,Yes,Yes,27,Yes,No phone service,DSL,Yes,Yes,Yes,No,Yes,No,Month-to-month,Yes,Bank transfer (automatic),60.73,1672.16,No
CUST_00746,Female,0,No,Yes,52,Yes,Yes,DSL,Yes,Yes,Yes,No,Yes,No,Month-to-month,Yes,Bank transfer (automatic),58.32,3055.7,No
CUST_00747,Male,0,Yes,Yes,48,No,No phone service,DSL,Yes,No,Yes,Yes,No,No,Two year,No,Mailed check,105.87,5102.17,No
CUST_00748,Male,0,Yes,No,68,Yes,No phone service,Fiber optic,No,No,Yes,Yes,No,No,One year,No,Mailed check,54.17,3727.36,No
CUST_00749,Male,1,No,Yes,44,Yes,Yes,No,No internet service,No internet service,No internet service,No internet service,No internet service,No internet service,Month-to-month,No,Mailed check,22.89,1031.09,No
CUST_00750,Female,0,Yes,Yes,17,Yes,No phone service,Fiber optic,No,No,Yes,No,No,No,Month-to-month,No,Credit card (automatic),39.9,697.04,No
CUST_00751,Female,0,No,Yes,38,Yes,Yes,No,No internet service,No internet service,No internet service,No internet service,No internet service,No internet service,Two year,Yes,Mailed check,39.99,1537.26,No
CUST_00752,Male,0,Yes,Yes,10,No,No phone service,No,No internet service,No internet service,No internet service,No internet service,No internet service,No internet service,Month-to-month,No,Bank transfer (automatic),114.82,1162.02,No
CUST_00753,Female,0,No,No,54,Yes,No phone service,Fiber optic,Yes,Yes,Yes,Yes,No,No,Two year,No,Credit card (automatic),112.25,6082.14,No
CUST_00754,Female,0,No,No,6,Yes,No,DSL,Yes,No,No,Yes,Yes,No,Two year,Yes,Mailed check,48.66,297.96,No
CUST_00755,Female,0,No,Yes,6,Yes,No phone service,DSL,No,No,No,Yes,No,No,One year,No,Credit card (automatic),18.28,112.95,No
CUST_00756,Female,0,No,No,52,Yes,No phone service,No,No internet service,No internet service,No internet service,No internet service,No internet service,No internet service,One year,Yes,Mailed check,70.73,3705.23,No
CUST_00757,Female,0,No,No,15,Yes,Yes,DSL,No,Yes,No,No,No,No,One year,Yes,Electronic check,99.32,1512.49,Yes
CUST_00758,Male,0,Yes,Yes,68,Yes,Yes,Fiber optic,Yes,Yes,Yes,Yes,No,No,Month-to-month,No,Bank transfer (automatic),45.4,3095.71,No
CUST_00759,Male,0,No,No,57,Yes,Yes,DSL,No,Yes,Yes,Yes,Yes,Yes,Month-to-month,No,Bank transfer (automatic),62.78,3583.94,No
CUST_00760,Male,1,No,No,56,Yes,No,No,No internet service,No internet service,No internet service,No internet service,No internet service,No internet service,Month-to-month,Yes,Bank transfer (automatic),35.62,2002.14,Yes
CUST_00761,Female,0,No,Yes,7,Yes,No,Fiber optic,No,Yes,No,No,Yes,No,Two year,No,Electronic check,51.39,375.52,No
CUST_00762,Female,0,No,Yes,51,Yes,No phone service,No,No internet service,No internet service,No internet service,No internet service,No internet service,No internet service,One year,No,Bank transfer (automatic),95.4,4888.13,No
CUST_00763,Male,0,Yes,No,58,Yes,Yes,DSL,No,Yes,Yes,No,No,Yes,Month-to-month,No,Bank transfer (automatic),61.68,3587.38,No
CUST_00764,Female,0,No,No,64,Yes,No,DSL,Yes,No,Yes,Yes,No,Yes,One year,No,Credit card (automatic),63.62,4109.57,No
CUST_00765,Male,0,Yes,No,26,Yes,No phone service,Fiber optic,Yes,No,Yes,Yes,No,No,Month-to-month,Yes,Credit card (automatic),98.53,2571.56,Yes
CUST_00766,Male,0,No,No,58,Yes,No,No,No internet service,No internet service,No internet service,No internet service,No internet service,No internet service,Two year,Yes,Mailed check,95.82,5563.95,No
CUST_00767,Male,0,No,Yes,31,Yes,No phone service,Fiber optic,No,No,No,No,No,Yes,Month-to-month,No,Bank transfer (automatic),37.09,1199.5,Yes
CUST_00768,Female,0,Yes,Yes,66,Yes,Yes,No,No internet service,No internet service,No internet service,No internet service,No internet service,No internet service,One year,No,Mailed check,60.36,4006.0,No
CUST_00769,Female,0,Yes,Yes,13,Yes,No phone service,Fiber optic,No,No,Yes,Yes,No,Yes,Month-to-month,Yes,Credit card (automatic),104.58,1368.09,Yes
CUST_00770,Male,0,Yes,Yes,18,Yes,No phone service,Fiber optic,No,No,No,Yes,No,Yes,One year,No,Electronic check,64.59,1207.3,No
CUST_00771,Male,0,No,Yes,13,No,No phone service,Fiber optic,No,Yes,No,Yes,Yes,Yes,Month-to-month,No,Credit card (automatic),85.5,1123.05,No
CUST_00772,Male,0,Yes,No,24,Yes,Yes,DSL,Yes,Yes,No,Yes,No,Yes,Month-to-month,No,Mailed check,49.21,1227.27,No
CUST_00773,Male,0,No,No,57,Yes,No phone service,DSL,Yes,Yes,No,Yes,No,Yes,One year,Yes,Electronic check,24.07,1378.22,Yes
CUST_00774,Female,0,Yes,Yes,29,Yes,No,No,No internet service,No internet service,No internet service,No internet service,No internet service,No internet service,One year,No,Electronic check,34.82,1051.86,No
CUST_00775,Female,0,Yes,Yes,56,Yes,Yes,No,No internet service,No internet service,No internet service,No internet service,No internet service,No internet service,Two year,Yes,Electronic check,58.98,3311.84,No
CUST_00776,Male,0,No,Yes,54,No,No phone service,Fiber optic,No,No,No,No,Yes,No,One year,Yes,Mailed check,54.05,2965.81,Yes
CUST_00777,Male,0,Yes,No,5,No,No phone service,DSL,Yes,Yes,Yes,No,No,Yes,One year,No,Electronic check,109.36,575.49,No
CUST_00778,Female,0,Yes,No,35,Yes,Yes,DSL,Yes,Yes,No,No,No,No,Two year,Yes,Credit card (automatic),73.65,2587.37,No
CUST_00779,Female,0,No,No,19,Yes,No,No,No internet service,No internet service,No internet service,No internet service,No internet service,No internet service,Two year,Yes,Credit card (automatic),81.97,1599.67,No
CUST_00780,Male,0,No,Yes,55,Yes,Yes,DSL,No,No,Yes,No,No,No,One year,No,Mailed check,88.25,4873.04,No
CUST_00781,Male,0,No,Yes,69,Yes,No phone service,No,No internet service,No internet service,No internet service,No internet service,No internet service,No internet service,One year,Yes,Credit card (automatic),72.23,5020.22,No
CUST_00782,Male,0,Yes,Yes,44,Yes,No phone service,DSL,No,Yes,Yes,Yes,Yes,Yes,Two year,Yes,Mailed check,96.5,4278.34,No
CUST_00783,Female,1,Yes,Yes,38,Yes,Yes,Fiber optic,Yes,No,Yes,No,No,No,One year,No,Mailed check,97.88,3755.01,No
CUST_00784,Female,1,Yes,Yes,62,Yes,Yes,No,No internet service,No internet service,No internet service,No internet service,No internet service,No internet service,One year,Yes,Electronic check,53.84,3355.35,No
CUST_00785,Female,0,Yes,No,22,Yes,No,DSL,No,No,Yes,No,No,No,Month-to-month,No,Mailed check,26.65,633.2,No
CUST_00786,Male,0,Yes,Yes,40,Yes,No,DSL,Yes,No,Yes,Yes,Yes,Yes,One year,Yes,Credit card (automatic),118.61,4772.32,No
CUST_00787,Male,0,No,No,26,No,No phone service,No,No internet service,No internet service,No internet service,No internet service,No internet service,No internet service,Month-to-month,No,Mailed check,83.55,2176.11,Yes
CUST_00788,Female,0,Yes,No,5,No,No phone service,Fiber optic,No,No,Yes,No,Yes,Yes,Month-to-month,No,Electronic check,90.31,454.88,Yes
CUST_00789,Female,1,No,No,54,Yes,No,Fiber optic,No,Yes,Yes,No,Yes,Yes,Two year,Yes,Mailed check,95.18,5176.79,Yes
CUST_00790,Male,0,Yes,No,49,Yes,No phone service,Fiber optic,Yes,No,Yes,Yes,Yes,No,One year,Yes,Electronic check,80.52,3988.09,No
CUST_00791,Female,0,No,No,3,Yes,No,DSL,No,No,No,No,Yes,Yes,Month-to-month,No,Electronic check,66.03,232.86,Yes
CUST_00792,Female,1,Yes,Yes,38,Yes,No phone service,DSL,Yes,Yes,No,No,No,Yes,Month-to-month,No,Electronic check,118.44,4514.45,No
CUST_00793,Male,0,Yes,Yes,14,Yes,Yes,Fiber optic,No,No,No,Yes,Yes,No,Month-to-month,No,Mailed check,92.22,1302.39,No
CUST_00794,Female,0,No,Yes,47,Yes,No phone service,DSL,Yes,No,No,No,Yes,Yes,Month-to-month,No,Mailed check,104.28,4929.27,No
CUST_00795,Male,1,Yes,No,14,No,No phone service,Fiber optic,No,No,Yes,No,Yes,No,Month-to-month,Yes,Bank transfer (automatic),62.85,889.7,No
CUST_00796,Male,0,No,No,38,Yes,No phone service,Fiber optic,Yes,No,No,Yes,Yes,No,Month-to-month,Yes,Bank transfer (automatic),110.29,4209.87,No
CUST_00797,Male,0,Yes,No,64,Yes,No phone service,DSL,No,No,No,No,Yes,Yes,Month-to-month,Yes,Bank transfer (automatic),92.68,5962.92,Yes
CUST_00798,Male,0,Yes,No,44,Yes,Yes,Fiber optic,No,No,Yes,Yes,Yes,No,Two year,Yes,Electronic check,94.11,4154.87,No
CUST_00799,Male,0,No,No,70,Yes,No phone service,DSL,No,No,No,No,Yes,No,Month-to-month,No,Credit card (automatic),26.87,1899.46,Yes
CUST_00800,Male,0,Yes,No,65,Yes,No phone service,DSL,No,No,No,Yes,No,Yes,Month-to-month,Yes,Bank transfer (automatic),80.98,5281.76,No
CUST_00801,Male,0,No,Yes,25,Yes,No,Fiber optic,No,No,No,No,No,Yes,Two year,No,Mailed check,52.19,1327.83,No
CUST_00802,Female,1,Yes,No,16,No,No phone service,No,No internet service,No internet service,No internet service,No internet service,No internet service,No internet service,One year,Yes,Electronic check,86.24,1413.53,No
CUST_00803,Male,0,Yes,No,15,Yes,Yes,DSL,Yes,No,No,Yes,Yes,No,Month-to-month,Yes,Electronic check,75.96,1178.49,No
CUST_00804,Male,0,Yes,Yes,3,Yes,No,Fiber optic,No,No,Yes,Yes,Yes,No,Month-to-month,Yes,Mailed check,29.34,121.28,Yes
CUST_00805,Female,0,Yes,No,67,Yes,No,Fiber optic,Yes,No,Yes,No,No,Yes,One year,No,Bank transfer (automatic),72.06,4829.24,Yes
CUST_00806,Female,0,Yes,Yes,37,Yes,Yes,DSL,Yes,Yes,Yes,Yes,No,Yes,Month-to-month,Yes,Bank transfer (automatic),64.03,2413.89,No
CUST_00807,Female,0,Yes,Yes,55,Yes,Yes,Fiber optic,No,Yes,No,Yes,No,Yes,One year,Yes,Credit card (automatic),97.2,5374.91,No
CUST_00808,Male,0,Yes,Yes,38,Yes,Yes,No,No internet service,No internet service,No internet service,No internet service,No internet service,No internet service,Month-to-month,Yes,Mailed check,69.27,2678.24,No
CUST_00809,Female,0,No,No,63,Yes,No,Fiber optic,Yes,Yes,Yes,Yes,No,Yes,Two year,Yes,Mailed check,67.08,4274.14,No
CUST_00810,Male,0,Yes,Yes,1,Yes,No,DSL,Yes,Yes,No,Yes,No,Yes,One year,No,Bank transfer (automatic),91.39,114.78,No
CUST_00811,Male,0,Yes,Yes,71,Yes,No phone service,Fiber optic,Yes,Yes,Yes,Yes,Yes,Yes,Month-to-month,No,Credit card (automatic),86.2,6165.73,No
CUST_00812,Male,0,Yes,No,19,Yes,No,Fiber optic,No,No,Yes,Yes,No,Yes,Month-to-month,Yes,Credit card (automatic),119.17,2282.48,Yes
CUST_00813,Male,0,No,Yes,52,Yes,No phone service,DSL,Yes,Yes,No,No,No,Yes,One year,No,Mailed check,53.9,2815.78,No
CUST_00814,Female,0,No,No,30,Yes,No phone service,DSL,Yes,No,Yes,No,Yes,Yes,Month-to-month,No,Bank transfer (automatic),88.21,2650.05,Yes
CUST_00815,Female,0,Yes,No,55,Yes,No,DSL,Yes,No,Yes,No,Yes,No,Month-to-month,No,Mailed check,35.06,1950.91,No
CUST_00816,Male,0,Yes,Yes,14,Yes,No,DSL,Yes,No,No,Yes,No,No,Month-to-month,Yes,Bank transfer (automatic),100.07,1435.35,Yes
CUST_00817,Male,0,Yes,No,13,Yes,No,DSL,No,Yes,No,No,No,No,One year,Yes,Mailed check,98.19,1325.28,No
CUST_00818,Male,0,No,No,27,Yes,No,Fiber optic,Yes,No,No,Yes,No,Yes,One year,No,Electronic check,92.03,2510.98,No
CUST_00819,Female,0,Yes,Yes,9,Yes,Yes,DSL,No,No,No,Yes,No,Yes,Month-to-month,No,Electronic check,30.14,308.01,Yes
CUST_00820,Male,0,No,Yes,41,Yes,No,No,No internet service,No internet service,No internet service,No internet service,No internet service,No internet service,One year,Yes,Credit card (automatic),118.73,4912.72,Yes
CUST_00821,Male,0,Yes,Yes,48,Yes,No phone service,Fiber optic,No,Yes,No,Yes,Yes,No,One year,Yes,Electronic check,114.15,5506.18,Yes
CUST_00822,Female,0,No,Yes,12,Yes,No phone service,No,No internet service,No internet service,No internet service,No internet service,No internet service,No internet service,Two year,No,Mailed check,55.75,677.33,Yes
CUST_00823,Female,0,No,No,10,Yes,Yes,Fiber optic,No,Yes,Yes,No,Yes,Yes,Two year,No,Bank transfer (automatic),76.89,811.27,No
CUST_00824,Male,0,Yes,Yes,6,Yes,Yes,DSL,Yes,Yes,No,No,Yes,Yes,Two year,No,Bank transfer (automatic),108.67,680.71,No
CUST_00825,Female,0,Yes,Yes,34,Yes,No,Fiber optic,Yes,No,No,Yes,Yes,No,Two year,Yes,Bank transfer (automatic),68.45,2365.35,Yes
CUST_00826,Female,0,Yes,Yes,52,Yes,Yes,No,No internet service,No internet service,No internet service,No internet service,No internet service,No internet service,Month-to-month,Yes,Electronic check,79.11,4146.89,Yes
CUST_00827,Male,0,Yes,No,41,Yes,No,DSL,No,No,No,Yes,No,No,Month-to-month,No,Electronic check,79.53,3263.81,Yes
CUST_00828,Female,0,Yes,No,6,Yes,No,DSL,Yes,No,No,Yes,No,No,Month-to-month,No,Bank transfer (automatic),84.22,513.8,Yes
CUST_00829,Male,0,Yes,No,2,Yes,Yes,DSL,Yes,No,No,No,Yes,No,One year,No,Mailed check,76.7,167.71,No
CUST_00830,Female,0,Yes,No,15,Yes,Yes,DSL,No,No,Yes,No,No,Yes,Month-to-month,Yes,Mailed check,59.41,905.33,Yes
CUST_00831,Male,0,No,No,17,Yes,No phone service,DSL,Yes,No,Yes,Yes,Yes,No,One year,Yes,Credit card (automatic),73.03,1283.42,No
CUST_00832,Male,0,Yes,Yes,16,Yes,Yes,DSL,Yes,No,Yes,No,Yes,Yes,Month-to-month,No,Bank transfer (automatic),106.89,1740.11,Yes
CUST_00833,Male,0,Yes,No,28,Yes,Yes,DSL,No,Yes,Yes,Yes,Yes,No,Month-to-month,Yes,Bank transfer (automatic),106.14,2976.05,Yes
CUST_00834,Female,0,No,No,72,Yes,Yes,Fiber optic,No,Yes,No,No,Yes,No,Month-to-month,Yes,Mailed check,96.8,6988.94,Yes
CUST_00835,Male,1,Yes,No,10,Yes,No phone service,DSL,No,Yes,Yes,No,Yes,Yes,Two year,Yes,Bank transfer (automatic),60.24,630.21,No
CUST_00836,Female,0,Yes,Yes,10,No,No phone service,Fiber optic,No,Yes,Yes,Yes,No,Yes,Month-to-month,Yes,Credit card (automatic),98.17,994.27,Yes
CUST_00837,Male,1,Yes,Yes,10,No,No phone service,Fiber optic,No,Yes,Yes,No,Yes,No,Two year,No,Mailed check,57.56,577.61,No
CUST_00838,Male,0,Yes,No,28,Yes,Yes,Fiber optic,Yes,No,No,Yes,No,Yes,Month-to-month,Yes,Mailed check,85.74,2419.59,No
CUST_00839,Female,0,No,Yes,24,Yes,Yes,DSL,No,Yes,Yes,No,Yes,No,One year,No,Electronic check,75.88,1844.12,No
CUST_00840,Male,0,No,No,19,Yes,Yes,Fiber optic,Yes,Yes,No,No,No,No,Month-to-month,No,Credit card (automatic),48.6,968.69,Yes
CUST_00841,Male,1,Yes,Yes,68,Yes,No,DSL,No,No,No,Yes,No,Yes,Month-to-month,No,Electronic check,64.19,4410.58,Yes
CUST_00842,Female,0,Yes,Yes,56,No,No phone service,Fiber optic,No,Yes,No,No,No,No,Two year,Yes,Credit card (automatic),102.7,5776.05,Yes
CUST_00843,Male,0,No,No,67,Yes,No phone service,Fiber optic,No,No,Yes,No,No,No,Month-to-month,Yes,Electronic check,111.1,7467.33,Yes
CUST_00844,Male,0,Yes,Yes,42,Yes,No,DSL,No,Yes,No,Yes,No,No,Month-to-month,No,Bank transfer (automatic),38.94,1667.51,Yes
CUST_00845,Male,0,No,No,12,Yes,No phone service,DSL,No,Yes,No,No,Yes,No,One year,No,Mailed check,64.53,787.31,No
CUST_00846,Male,0,No,No,18,Yes,No,DSL,No,No,Yes,No,No,No,One year,No,Bank transfer (automatic),62.22,1134.2,No
CUST_00847,Female,0,No,No,23,Yes,No,DSL,Yes,Yes,Yes,Yes,Yes,No,Two year,No,Bank transfer (automatic),67.88,1561.36,No
CUST_00848,Female,0,Yes,Yes,6,Yes,No phone service,DSL,No,Yes,No,Yes,No,No,One year,Yes,Credit card (automatic),117.62,709.61,No
CUST_00849,Male,0,Yes,Yes,53,Yes,No phone service,No,No internet service,No internet service,No internet service,No internet service,No internet service,No internet service,One year,Yes,Credit card (automatic),70.91,3767.25,No
CUST_00850,Female,0,Yes,No,42,Yes,No,DSL,Yes,No,No,No,Yes,Yes,Month-to-month,Yes,Credit card (automatic),102.67,4344.08,No
CUST_00851,Male,0,No,No,66,Yes,No phone service,Fiber optic,Yes,No,No,Yes,Yes,No,One year,Yes,Bank transfer (automatic),85.72,5668.26,Yes
CUST_00852,Female,0,Yes,Yes,30,Yes,No,Fiber optic,No,No,No,Yes,No,No,One year,No,Mailed check,28.93,874.21,No
CUST_00853,Male,1,Yes,No,9,Yes,No phone service,Fiber optic,Yes,No,Yes,No,Yes,Yes,Month-to-month,Yes,Electronic check,88.96,831.43,No
CUST_00854,Male,0,No,Yes,42,Yes,No phone service,No,No internet service,No internet service,No internet service,No internet service,No internet service,No internet service,One year,No,Credit card (automatic),84.0,3560.59,No
CUST_00855,Male,0,Yes,Yes,34,Yes,No phone service,No,No internet service,No internet service,No internet service,No internet service,No internet service,No internet service,Month-to-month,Yes,Mailed check,95.36,3245.35,No
CUST_00856,Male,0,Yes,Yes,40,Yes,No phone service,Fiber optic,No,Yes,Yes,No,No,Yes,Month-to-month,Yes,Mailed check,25.59,1062.39,No
CUST_00857,Male,0,Yes,No,17,Yes,No phone service,No,No internet service,No internet service,No internet service,No internet service,No internet service,No internet service,Month-to-month,No,Credit card (automatic),42.61,754.74,No
CUST_00858,Male,0,No,No,29,No,No phone service,DSL,No,No,No,Yes,No,No,Month-to-month,No,Bank transfer (automatic),96.47,2817.41,No
CUST_00859,Female,0,Yes,Yes,50,Yes,Yes,Fiber optic,Yes,Yes,No,No,Yes,No,One year,No,Bank transfer (automatic),55.8,2839.3,No
CUST_00860,Male,0,No,No,49,No,No phone service,No,No internet service,No internet service,No internet service,No internet service,No internet service,No internet service,Month-to-month,Yes,Electronic check,110.9,5434.78,No
CUST_00861,Female,0,No,No,61,Yes,No phone service,Fiber optic,Yes,Yes,No,Yes,Yes,Yes,Month-to-month,No,Mailed check,70.8,4346.19,No
CUST_00862,Male,0,No,Yes,46,Yes,No phone service,No,No internet service,No internet service,No internet service,No internet service,No internet service,No internet service,Month-to-month,No,Electronic check,18.1,840.8,No
CUST_00863,Female,0,Yes,Yes,46,Yes,No,DSL,No,No,Yes,No,Yes,No,Month-to-month,Yes,Bank transfer (automatic),89.28,4123.4,No
CUST_00864,Female,0,Yes,No,17,Yes,Yes,Fiber optic,No,Yes,Yes,Yes,Yes,Yes,Month-to-month,No,Bank transfer (automatic),70.37,1203.01,No
CUST_00865,Female,1,Yes,Yes,66,Yes,No,No,No internet service,No internet service,No internet service,No internet service,No internet service,No internet service,Two year,No,Electronic check,50.34,3356.09,No
CUST_00866,Male,0,No,No,5,Yes,Yes,DSL,No,No,Yes,Yes,Yes,Yes,Month-to-month,Yes,Electronic check,20.08,120.5,Yes
CUST_00867,Male,0,No,Yes,54,Yes,Yes,Fiber optic,No,No,No,No,No,No,Month-to-month,No,Mailed check,38.27,2116.01,Yes
CUST_00868,Female,0,Yes,Yes,16,Yes,No phone service,DSL,No,Yes,No,No,No,No,One year,No,Electronic check,34.48,584.41,No
CUST_00869,Male,0,No,No,7,Yes,No phone service,Fiber optic,No,Yes,Yes,No,No,Yes,One year,No,Electronic check,77.45,588.02,Yes
CUST_00870,Female,0,Yes,No,8,Yes,No,No,No internet service,No internet service,No internet service,No internet service,No internet service,No internet service,Month-to-month,No,Mailed check,96.49,784.0,No
CUST_00871,Male,0,Yes,No,72,Yes,No,DSL,No,Yes,Yes,Yes,No,No,Two year,Yes,Bank transfer (automatic),41.93,3034.89,No
CUST_00872,Female,0,Yes,No,38,Yes,No phone service,DSL,No,No,Yes,Yes,Yes,Yes,Two year,No,Mailed check,89.17,3406.51,Yes
CUST_00873,Female,0,Yes,No,54,Yes,No phone service,DSL,No,No,No,Yes,Yes,No,Month-to-month,No,Bank transfer (automatic),109.78,5970.16,No
CUST_00874,Male,0,Yes,Yes,15,No,No phone service,No,No internet service,No internet service,No internet service,No internet service,No internet service,No internet service,One year,Yes,Bank transfer (automatic),81.4,1231.61,Yes
CUST_00875,Female,0,Yes,Yes,50,Yes,Yes,Fiber optic,Yes,No,No,Yes,No,Yes,Month-to-month,Yes,Electronic check,97.12,4903.14,Yes
CUST_00876,Male,0,Yes,No,56,Yes,No phone service,DSL,No,No,No,No,Yes,Yes,Month-to-month,Yes,Credit card (automatic),38.83,2176.75,No
CUST_00877,Female,0,No,Yes,9,Yes,Yes,DSL,No,No,No,No,No,No,Month-to-month,No,Electronic check,25.64,275.29,Yes
CUST_00878,Female,0,Yes,No,8,Yes,No,No,No internet service,No internet service,No internet service,No internet service,No internet service,No internet service,Two year,Yes,Credit card (automatic),55.27,464.73,No
CUST_00879,Male,0,No,Yes,19,Yes,Yes,No,No internet service,No internet service,No internet service,No internet service,No internet service,No internet service,One year,No,Credit card (automatic),90.32,1742.35,No
CUST_00880,Male,0,No,Yes,51,Yes,No phone service,DSL,No,Yes,No,No,No,No,Month-to-month,Yes,Electronic check,87.98,4536.95,Yes
CUST_00881,Male,0,Yes,No,72,Yes,Yes,DSL,Yes,No,No,No,No,Yes,Month-to-month,No,Electronic check,115.42,8353.6,No
CUST_00882,Female,0,No,No,57,Yes,No phone service,Fiber optic,Yes,Yes,Yes,Yes,Yes,Yes,Month-to-month,No,Electronic check,82.26,4733.9,No
CUST_00883,Male,0,No,No,68,Yes,Yes,Fiber optic,No,No,Yes,Yes,No,Yes,Month-to-month,Yes,Credit card (automatic),59.95,4105.95,Yes
CUST_00884,Female,0,No,Yes,31,No,No phone service,No,No internet service,No internet service,No internet service,No internet service,No internet service,No internet service,Two year,Yes,Bank transfer (automatic),99.31,3126.35,No
CUST_00885,Female,0,Yes,No,3,Yes,No,Fiber optic,No,Yes,No,No,Yes,Yes,One year,Yes,Credit card (automatic),33.61,135.23,Yes
CUST_00886,Male,1,Yes,No,43,Yes,No phone service,Fiber optic,Yes,Yes,Yes,No,No,No,Month-to-month,Yes,Mailed check,100.93,4380.88,No
CUST_00887,Male,0,Yes,No,29,Yes,No phone service,Fiber optic,No,No,Yes,Yes,No,Yes,Month-to-month,No,Electronic check,55.32,1640.47,No
CUST_00888,Female,0,Yes,No,10,Yes,No phone service,No,No internet service,No internet service,No internet service,No internet service,No internet service,No internet service,Two year,Yes,Credit card (automatic),33.71,376.14,No
CUST_00889,Female,0,Yes,No,12,No,No phone service,DSL,Yes,No,No,Yes,Yes,No,One year,No,Credit card (automatic),34.54,446.36,No
CUST_00890,Male,0,No,No,46,Yes,Yes,DSL,Yes,Yes,No,Yes,No,Yes,Month-to-month,No,Bank transfer (automatic),118.33,5479.36,No
CUST_00891,Male,0,No,Yes,30,Yes,Yes,DSL,No,No,Yes,Yes,No,Yes,Month-to-month,Yes,Electronic check,81.57,2468.86,Yes
CUST_00892,Male,1,Yes,Yes,32,Yes,No,No,No internet service,No internet service,No internet service,No internet service,No internet service,No internet service,Month-to-month,No,Mailed check,35.77,1180.14,No
CUST_00893,Male,1,No,Yes,47,Yes,No phone service,Fiber optic,Yes,No,Yes,No,Yes,No,Two year,Yes,Bank transfer (automatic),45.39,2147.33,Yes
CUST_00894,Male,0,No,Yes,63,Yes,Yes,DSL,No,Yes,No,No,No,Yes,Month-to-month,Yes,Credit card (automatic),55.95,3556.73,No
CUST_00895,Female,1,No,No,26,Yes,No,Fiber optic,No,No,No,No,No,Yes,Month-to-month,Yes,Credit card (automatic),23.7,642.43,No
CUST_00896,Female,1,No,No,3,Yes,No phone service,DSL,Yes,No,Yes,Yes,Yes,No,Month-to-month,Yes,Mailed check,29.06,132.1,No
CUST_00897,Female,0,Yes,Yes,23,Yes,No,DSL,No,Yes,Yes,Yes,No,Yes,Month-to-month,No,Credit card (automatic),95.7,2234.74,No
CUST_00898,Female,0,Yes,Yes,50,Yes,No phone service,DSL,Yes,Yes,Yes,No,No,Yes,One year,Yes,Credit card (automatic),98.26,4942.89,No
CUST_00899,Male,0,Yes,Yes,36,Yes,Yes,Fiber optic,No,No,No,No,No,Yes,Month-to-month,No,Electronic check,118.8,4292.45,No
CUST_00900,Male,0,No,No,13,Yes,No,Fiber optic,No,Yes,No,Yes,Yes,No,Month-to-month,No,Bank transfer (automatic),24.89,366.77,No
CUST_00901,Male,0,No,No,29,Yes,No,No,No internet service,No internet service,No internet service,No internet service,No internet service,No internet service,Month-to-month,Yes,Mailed check,108.7,3154.92,No
CUST_00902,Female,0,Yes,No,38,No,No phone service,No,No internet service,No internet service,No internet service,No internet service,No internet service,No internet service,Month-to-month,Yes,Electronic check,50.36,1958.52,No
CUST_00903,Female,1,Yes,Yes,5,Yes,No phone service,Fiber optic,Yes,No,No,Yes,No,No,Month-to-month,No,Electronic check,51.44,289.85,No
CUST_00904,Male,0,No,Yes,20,No,No phone service,Fiber optic,Yes,Yes,No,No,No,Yes,Two year,No,Bank transfer (automatic),30.98,629.13,No
CUST_00905,Male,0,Yes,Yes,14,Yes,No,DSL,Yes,Yes,Yes,Yes,Yes,No,Month-to-month,Yes,Electronic check,118.6,1705.59,No
CUST_00906,Female,0,Yes,Yes,8,Yes,No phone service,DSL,Yes,Yes,Yes,No,No,No,Month-to-month,No,Credit card (automatic),118.06,960.8,Yes
CUST_00907,Female,1,No,Yes,48,Yes,No,DSL,Yes,No,No,No,No,No,Two year,Yes,Mailed check,106.21,5106.62,No
CUST_00908,Male,1,No,No,13,Yes,Yes,Fiber optic,Yes,No,No,No,Yes,No,Two year,No,Electronic check,27.26,370.33,Yes
CUST_00909,Male,0,Yes,No,24,Yes,No,DSL,Yes,No,Yes,Yes,Yes,Yes,Month-to-month,No,Mailed check,103.85,2540.41,No
CUST_00910,Female,0,No,No,65,Yes,No,DSL,No,Yes,Yes,Yes,Yes,No,Month-to-month,No,Mailed check,82.73,5415.13,No
CUST_00911,Male,0,Yes,No,34,Yes,No phone service,Fiber optic,No,Yes,Yes,Yes,No,No,Two year,Yes,Mailed check,31.14,1104.43,No
CUST_00912,Male,0,No,No,51,Yes,No phone service,DSL,Yes,No,Yes,Yes,Yes,Yes,Month-to-month,No,Credit card (automatic),44.7,2294.61,Yes
CUST_00913,Male,0,No,Yes,3,Yes,No phone service,Fiber optic,No,Yes,No,Yes,No,Yes,Two year,Yes,Mailed check,88.3,269.02,No
CUST_00914,Female,0,Yes,No,58,Yes,Yes,Fiber optic,Yes,Yes,Yes,Yes,Yes,No,Two year,No,Bank transfer (automatic),99.95,5825.29,Yes
CUST_00915,Female,0,No,Yes,72,Yes,Yes,DSL,Yes,Yes,Yes,No,Yes,No,One year,No,Mailed check,104.5,7548.5,Yes
CUST_00916,Female,0,Yes,No,55,Yes,Yes,DSL,No,Yes,Yes,No,Yes,No,Month-to-month,No,Credit card (automatic),73.47,4076.92,No
CUST_00917,Female,0,No,Yes,42,Yes,No phone service,DSL,Yes,No,Yes,No,No,Yes,Month-to-month,Yes,Credit card (automatic),72.53,3073.45,No
CUST_00918,Female,0,Yes,Yes,21,No,No phone service,DSL,Yes,No,Yes,No,No,No,Two year,Yes,Bank transfer (automatic),87.79,1863.4,No
CUST_00919,Female,0,No,Yes,10,No,No phone service,Fiber optic,Yes,No,No,Yes,No,Yes,Two year,Yes,Bank transfer (automatic),97.33,973.51,No
CUST_00920,Female,0,No,Yes,57,Yes,No,Fiber optic,Yes,Yes,No,No,Yes,Yes,Month-to-month,Yes,Credit card (automatic),35.4,2041.17,Yes
CUST_00921,Male,0,Yes,Yes,25,Yes,No phone service,DSL,No,Yes,No,Yes,No,Yes,Month-to-month,No,Credit card (automatic),93.46,2342.62,Yes
CUST_00922,Male,0,No,Yes,56,Yes,No phone service,DSL,Yes,Yes,Yes,No,No,Yes,One year,No,Bank transfer (automatic),52.85,3005.81,No
CUST_00923,Male,0,Yes,No,38,Yes,Yes,No,No internet service,No internet service,No internet service,No internet service,No internet service,No internet service,Two year,No,Credit card (automatic),57.14,2217.53,No
CUST_00924,Male,0,No,Yes,61,Yes,No phone service,DSL,No,Yes,No,Yes,No,Yes,One year,No,Electronic check,25.93,1621.71,No
CUST_00925,Male,0,No,Yes,47,No,No phone service,DSL,Yes,No,Yes,Yes,Yes,No,Month-to-month,No,Mailed check,78.02,3674.78,No
CUST_00926,Male,0,Yes,No,54,Yes,Yes,Fiber optic,No,No,Yes,No,Yes,Yes,Month-to-month,Yes,Credit card (automatic),27.53,1493.93,No
CUST_00927,Male,0,No,Yes,46,Yes,Yes,Fiber optic,No,No,Yes,Yes,No,No,Month-to-month,Yes,Credit card (automatic),111.14,5140.6,No
CUST_00928,Female,0,No,No,68,Yes,No phone service,Fiber optic,No,Yes,Yes,Yes,Yes,No,Two year,Yes,Credit card (automatic),81.34,5567.42,No
CUST_00929,Female,1,Yes,No,4,Yes,Yes,Fiber optic,No,No,Yes,No,No,No,Month-to-month,No,Electronic check,119.01,521.26,Yes
CUST_00930,Male,0,No,Yes,66,Yes,Yes,DSL,Yes,No,Yes,Yes,Yes,Yes,One year,No,Mailed check,43.06,2886.43,No
CUST_00931,Male,0,Yes,Yes,43,Yes,No phone service,Fiber optic,Yes,Yes,No,Yes,No,Yes,Month-to-month,Yes,Bank transfer (automatic),87.32,3762.49,No
CUST_00932,Female,1,Yes,No,62,Yes,Yes,DSL,Yes,No,Yes,Yes,No,No,Month-to-month,No,Electronic check,116.37,7264.83,No
CUST_00933,Male,0,Yes,Yes,4,Yes,No,Fiber optic,No,Yes,No,No,No,Yes,One year,Yes,Electronic check,48.45,201.66,Yes
CUST_00934,Male,0,No,No,65,No,No phone service,No,No internet service,No internet service,No internet service,No internet service,No internet service,No internet service,Two year,No,Bank transfer (automatic),27.82,1850.63,No
CUST_00935,Female,0,No,Yes,62,Yes,No,DSL,Yes,Yes,Yes,Yes,No,Yes,Month-to-month,Yes,Bank transfer (automatic),82.67,5154.62,Yes
CUST_00936,Male,0,Yes,No,2,Yes,No,DSL,No,No,Yes,Yes,Yes,Yes,Month-to-month,Yes,Credit card (automatic),55.34,144.6,No
CUST_00937,Female,0,No,Yes,9,Yes,No,DSL,No,No,Yes,No,No,Yes,One year,Yes,Bank transfer (automatic),45.85,442.87,No
CUST_00938,Male,0,Yes,Yes,57,Yes,No,DSL,Yes,No,No,No,No,No,Two year,No,Electronic check,119.35,6846.2,No
CUST_00939,Female,1,No,No,45,Yes,Yes,DSL,No,Yes,Yes,No,Yes,No,One year,Yes,Credit card (automatic),94.92,4303.22,No
CUST_00940,Female,1,Yes,No,18,Yes,Yes,Fiber optic,No,Yes,No,Yes,No,Yes,Month-to-month,Yes,Bank transfer (automatic),67.51,1257.62,No
CUST_00941,Female,0,Yes,No,48,Yes,No phone service,No,No internet service,No internet service,No internet service,No internet service,No internet service,No internet service,One year,Yes,Electronic check,23.1,1116.54,No
CUST_00942,Male,0,No,No,42,Yes,No phone service,DSL,Yes,No,No,Yes,Yes,Yes,Two year,No,Mailed check,37.54,1620.22,No
CUST_00943,Female,0,Yes,Yes,41,Yes,No,DSL,Yes,Yes,No,No,No,No,Two year,Yes,Bank transfer (automatic),48.48,2037.14,No
CUST_00944,Male,1,Yes,No,58,Yes,No,DSL,Yes,Yes,Yes,No,No,No,One year,No,Electronic check,67.69,3959.33,No
CUST_00945,Male,1,No,No,42,No,No phone service,DSL,Yes,Yes,No,Yes,Yes,No,Two year,Yes,Credit card (automatic),68.72,2935.04,No
CUST_00946,Male,0,Yes,Yes,35,Yes,No phone service,DSL,Yes,Yes,Yes,Yes,No,Yes,Month-to-month,No,Bank transfer (automatic),20.52,729.29,Yes
CUST_00947,Male,0,Yes,Yes,38,Yes,No phone service,Fiber optic,Yes,No,No,Yes,No,No,Month-to-month,No,Bank transfer (automatic),114.22,4381.91,No
CUST_00948,Female,0,No,No,67,Yes,No phone service,DSL,No,No,No,Yes,Yes,Yes,Two year,Yes,Credit card (automatic),73.37,4924.0,No
CUST_00949,Female,0,Yes,Yes,41,Yes,No,No,No internet service,No internet service,No internet service,No internet service,No internet service,No internet service,Month-to-month,Yes,Credit card (automatic),20.01,846.3,Yes
CUST_00950,Male,0,Yes,No,50,Yes,No phone service,Fiber optic,No,No,Yes,Yes,No,Yes,Two year,No,Electronic check,89.54,4510.01,No
CUST_00951,Male,0,Yes,Yes,72,No,No phone service,Fiber optic,Yes,No,No,Yes,Yes,No,Month-to-month,No,Credit card (automatic),25.28,1853.02,No
CUST_00952,Female,0,Yes,No,45,Yes,No,DSL,No,No,Yes,No,No,No,Month-to-month,No,Electronic check,91.56,4153.72,Yes
CUST_00953,Male,0,Yes,Yes,71,Yes,Yes,Fiber optic,No,Yes,No,No,Yes,Yes,Month-to-month,Yes,Electronic check,89.55,6374.25,Yes
CUST_00954,Female,0,Yes,No,19,No,No phone service,Fiber optic,No,No,No,No,No,No,Month-to-month,Yes,Credit card (automatic),118.46,2299.47,Yes
CUST_00955,Male,1,Yes,No,17,Yes,Yes,DSL,No,Yes,No,Yes,Yes,Yes,One year,No,Bank transfer (automatic),52.89,899.42,No
CUST_00956,Male,0,Yes,Yes,65,Yes,No phone service,DSL,No,No,Yes,No,No,Yes,Month-to-month,Yes,Credit card (automatic),32.72,2157.94,No
CUST_00957,Female,0,No,Yes,56,Yes,Yes,No,No internet service,No internet service,No internet service,No internet service,No internet service,No internet service,Month-to-month,Yes,Credit card (automatic),27.37,1576.06,No
CUST_00958,Male,0,Yes,No,41,Yes,No,DSL,Yes,No,Yes,No,No,No,Two year,Yes,Mailed check,25.32,1082.51,No
CUST_00959,Female,0,Yes,No,42,Yes,Yes,Fiber optic,Yes,No,No,No,Yes,No,Month-to-month,No,Mailed check,100.65,4263.48,Yes
CUST_00960,Male,0,No,Yes,6,Yes,No,DSL,No,No,No,Yes,Yes,No,Two year,Yes,Credit card (automatic),91.29,576.49,No
CUST_00961,Male,0,Yes,Yes,69,Yes,Yes,DSL,No,No,No,No,No,Yes,Month-to-month,Yes,Bank transfer (automatic),117.54,8133.36,No
CUST_00962,Male,0,Yes,Yes,40,Yes,Yes,DSL,No,Yes,No,No,Yes,No,Month-to-month,No,Bank transfer (automatic),49.54,2003.95,Yes
CUST_00963,Female,0,Yes,Yes,41,Yes,No,DSL,Yes,Yes,Yes,No,Yes,Yes,Month-to-month,No,Electronic check,99.92,4117.83,Yes
CUST_00964,Male,0,Yes,Yes,9,Yes,No,Fiber optic,No,No,No,No,Yes,Yes,One year,No,Credit card (automatic),27.49,282.38,No
CUST_00965,Male,0,Yes,Yes,8,Yes,No phone service,Fiber optic,No,No,Yes,No,Yes,No,Two year,Yes,Credit card (automatic),110.2,918.13,Yes
CUST_00966,Male,0,Yes,Yes,44,Yes,No,Fiber optic,Yes,Yes,Yes,Yes,Yes,No,Two year,Yes,Mailed check,23.29,1050.35,Yes
CUST_00967,Male,0,No,Yes,58,Yes,No,Fiber optic,Yes,No,Yes,Yes,Yes,Yes,Month-to-month,Yes,Mailed check,98.36,5742.16,No
CUST_00968,Female,0,No,Yes,67,Yes,No phone service,DSL,Yes,No,No,No,No,Yes,One year,No,Mailed check,49.35,3332.89,No
CUST_00969,Female,0,No,No,13,Yes,No,Fiber optic,No,Yes,Yes,Yes,No,No,Month-to-month,No,Electronic check,36.48,479.13,No
CUST_00970,Male,0,No,Yes,19,Yes,No,Fiber optic,No,Yes,Yes,Yes,Yes,No,Two year,Yes,Credit card (automatic),89.86,1749.93,Yes
CUST_00971,Female,0,No,Yes,49,Yes,Yes,Fiber optic,Yes,Yes,Yes,No,Yes,Yes,Two year,Yes,Mailed check,109.38,5403.12,Yes
CUST_00972,Male,0,Yes,No,30,Yes,No phone service,Fiber optic,No,Yes,No,Yes,Yes,No,Month-to-month,Yes,Credit card (automatic),95.94,2891.55,No
CUST_00973,Male,0,Yes,No,66,Yes,No phone service,Fiber optic,No,No,Yes,Yes,No,No,Month-to-month,No,Electronic check,49.94,3335.11,No
CUST_00974,Male,0,Yes,No,59,No,No phone service,DSL,No,No,Yes,Yes,No,Yes,Month-to-month,No,Bank transfer (automatic),54.06,3215.35,No
CUST_00975,Female,0,Yes,No,53,Yes,No phone service,Fiber optic,No,No,Yes,No,Yes,No,Two year,Yes,Electronic check,37.31,1983.58,No
CUST_00976,Female,0,Yes,No,52,Yes,Yes,DSL,Yes,No,Yes,No,No,Yes,Two year,No,Credit card (automatic),102.05,5326.72,No
CUST_00977,Female,1,No,No,31,Yes,No,Fiber optic,No,Yes,Yes,No,No,No,Two year,No,Credit card (automatic),28.92,900.46,No
CUST_00978,Female,0,No,Yes,15,No,No phone service,DSL,No,No,Yes,No,No,Yes,One year,Yes,Credit card (automatic),110.13,1691.24,Yes
CUST_00979,Female,0,Yes,No,20,Yes,No,No,No internet service,No internet service,No internet service,No internet service,No internet service,No internet service,One year,Yes,Bank transfer (automatic),79.32,1596.13,No
CUST_00980,Female,0,Yes,No,5,Yes,No phone service,Fiber optic,No,Yes,Yes,No,No,No,Month-to-month,Yes,Credit card (automatic),78.06,398.54,No
CUST_00981,Female,0,Yes,No,7,Yes,No,Fiber optic,No,No,No,No,No,No,One year,Yes,Mailed check,103.46,734.63,No
CUST_00982,Female,0,No,Yes,18,Yes,No phone service,Fiber optic,Yes,Yes,No,Yes,Yes,No,Month-to-month,Yes,Bank transfer (automatic),86.09,1560.9,Yes
CUST_00983,Female,0,No,No,56,Yes,No phone service,No,No internet service,No internet service,No internet service,No internet service,No internet service,No internet service,One year,Yes,Bank transfer (automatic),49.03,2779.51,No
CUST_00984,Male,1,Yes,Yes,45,Yes,No,Fiber optic,Yes,Yes,No,Yes,Yes,Yes,Month-to-month,Yes,Bank transfer (automatic),53.65,2446.2,Yes
CUST_00985,Female,0,No,No,28,No,No phone service,DSL,No,Yes,Yes,No,Yes,No,Month-to-month,Yes,Electronic check,35.65,1004.71,No
CUST_00986,Female,0,Yes,No,50,Yes,No phone service,No,No internet service,No internet service,No internet service,No internet service,No internet service,No internet service,One year,No,Electronic check,65.33,3302.94,No
CUST_00987,Female,0,No,Yes,2,No,No phone service,Fiber optic,No,No,Yes,No,No,Yes,Two year,Yes,Electronic check,29.24,75.92,No
CUST_00988,Female,0,No,Yes,68,Yes,Yes,Fiber optic,Yes,No,Yes,No,Yes,Yes,One year,No,Bank transfer (automatic),84.61,5776.33,Yes
CUST_00989,Female,0,Yes,No,24,Yes,Yes,No,No internet service,No internet service,No internet service,No internet service,No internet service,No internet service,One year,Yes,Bank transfer (automatic),35.26,852.52,No
CUST_00990,Female,0,No,Yes,48,Yes,Yes,DSL,No,Yes,No,No,Yes,No,Two year,No,Credit card (automatic),106.12,5129.24,No
CUST_00991,Female,0,No,Yes,45,Yes,Yes,DSL,Yes,Yes,Yes,Yes,Yes,Yes,Month-to-month,Yes,Bank transfer (automatic),89.45,4043.93,No
CUST_00992,Female,0,Yes,No,58,Yes,Yes,Fiber optic,No,No,Yes,Yes,No,No,Month-to-month,No,Mailed check,108.93,6349.79,Yes
CUST_00993,Female,1,No,No,36,Yes,No phone service,Fiber optic,No,Yes,No,Yes,No,Yes,Two year,Yes,Electronic check,26.88,988.94,No
CUST_00994,Female,1,Yes,No,2,Yes,Yes,Fiber optic,No,Yes,Yes,No,No,No,Two year,Yes,Credit card (automatic),99.45,201.34,Yes
CUST_00995,Female,0,No,Yes,18,Yes,No phone service,Fiber optic,Yes,Yes,Yes,No,Yes,Yes,Month-to-month,No,Mailed check,107.84,1976.33,Yes
CUST_00996,Male,0,Yes,No,49,Yes,No phone service,Fiber optic,Yes,No,Yes,Yes,Yes,Yes,Month-to-month,No,Mailed check,22.55,1132.39,No
CUST_00997,Male,1,Yes,No,8,Yes,No phone service,Fiber optic,Yes,Yes,No,No,No,No,Two year,No,Mailed check,119.91,980.96,No
CUST_00998,Female,1,No,Yes,58,No,No phone service,No,No internet service,No internet service,No internet service,No internet service,No internet service,No internet service,One year,Yes,Bank transfer (automatic),48.67,2832.69,No
CUST_00999,Female,0,No,Yes,15,No,No phone service,DSL,Yes,Yes,Yes,No,No,No,Month-to-month,No,Electronic check,39.6,625.15,No
CUST_01000,Male,0,Yes,No,17,Yes,No,Fiber optic,No,No,Yes,Yes,No,Yes,Month-to-month,No,Mailed check,60.32,1039.21,No
CUST_01001,Female,0,No,Yes,23,Yes,Yes,Fiber optic,Yes,Yes,Yes,Yes,Yes,No,Two year,Yes,Credit card (automatic),18.88,455.72,No
CUST_01002,Male,0,No,No,66,No,No phone service,Fiber optic,Yes,No,No,Yes,No,Yes,Month-to-month,Yes,Electronic check,108.36,7154.75,No
CUST_01003,Male,1,No,Yes,70,Yes,No phone service,DSL,No,Yes,No,Yes,Yes,No,Month-to-month,Yes,Electronic check,45.39,3215.86,Yes
CUST_01004,Male,0,Yes,No,27,Yes,No,DSL,Yes,Yes,No,Yes,No,No,One year,Yes,Bank transfer (automatic),71.2,1926.96,No
CUST_01005,Male,1,Yes,Yes,37,Yes,No phone service,Fiber optic,Yes,No,Yes,No,Yes,Yes,Month-to-month,No,Mailed check,81.6,3063.86,Yes
CUST_01006,Male,0,Yes,Yes,49,Yes,No,DSL,No,No,Yes,Yes,Yes,Yes,Month-to-month,Yes,Credit card (automatic),98.69,4879.26,No
CUST_01007,Female,1,No,Yes,64,Yes,Yes,DSL,No,No,Yes,Yes,Yes,No,Month-to-month,Yes,Bank transfer (automatic),43.52,2833.9,No
CUST_01008,Male,0,No,Yes,34,Yes,Yes,DSL,No,Yes,No,Yes,No,Yes,Month-to-month,No,Electronic check,91.15,3144.49,No
CUST_01009,Female,0,Yes,No,18,Yes,No,Fiber optic,No,No,No,Yes,No,No,Two year,Yes,Mailed check,30.0,588.6,No
CUST_01010,Female,0,Yes,Yes,64,No,No phone service,Fiber optic,No,No,Yes,No,No,No,One year,No,Electronic check,89.83,5793.61,No
CUST_01011,Male,0,No,No,44,Yes,Yes,Fiber optic,No,No,Yes,No,Yes,No,Month-to-month,No,Electronic check,111.77,4923.42,Yes
CUST_01012,Male,0,No,Yes,17,Yes,No,DSL,No,Yes,Yes,Yes,No,No,Month-to-month,No,Bank transfer (automatic),26.67,475.32,No
CUST_01013,Female,1,No,Yes,59,Yes,No,Fiber optic,No,No,No,No,No,No,Month-to-month,No,Credit card (automatic),29.9,1768.13,No
CUST_01014,Male,0,No,No,13,Yes,Yes,Fiber optic,Yes,Yes,Yes,Yes,No,No,Month-to-month,Yes,Mailed check,74.84,1000.15,No
CUST_01015,Male,1,Yes,Yes,52,Yes,No phone service,DSL,No,Yes,No,Yes,Yes,No,One year,Yes,Bank transfer (automatic),22.73,1208.6,No
CUST_01016,Female,1,No,Yes,60,Yes,Yes,DSL,Yes,Yes,No,Yes,No,No,Month-to-month,No,Credit card (automatic),37.11,2272.94,No
CUST_01017,Female,0,No,No,42,Yes,Yes,No,No internet service,No internet service,No internet service,No internet service,No internet service,No internet service,Month-to-month,No,Bank transfer (automatic),37.4,1619.27,No
CUST_01018,Male,0,Yes,Yes,64,Yes,No,Fiber optic,No,No,Yes,No,Yes,No,Two year,Yes,Credit card (automatic),67.09,4306.57,No
CUST_01019,Female,0,Yes,No,66,Yes,Yes,Fiber optic,Yes,No,Yes,Yes,No,No,Month-to-month,No,Electronic check,43.35,2889.93,Yes
CUST_01020,Male,0,No,Yes,34,Yes,Yes,DSL,Yes,No,No,Yes,No,Yes,Month-to-month,Yes,Mailed check,66.5,2284.34,Yes
CUST_01021,Male,0,Yes,Yes,71,Yes,No,No,No internet service,No internet service,No internet service,No internet service,No internet service,No internet service,Two year,Yes,Mailed check,71.16,5079.69,No
CUST_01022,Male,0,No,Yes,64,Yes,No,Fiber optic,No,No,No,No,No,No,Two year,No,Mailed check,92.53,5948.23,No
CUST_01023,Female,0,No,No,33,Yes,No phone service,No,No internet service,No internet service,No internet service,No internet service,No internet service,No internet service,Two year,Yes,Bank transfer (automatic),114.49,3823.92,Yes
CUST_01024,Female,0,Yes,Yes,12,Yes,Yes,No,No internet service,No internet service,No internet service,No internet service,No internet service,No internet service,One year,No,Bank transfer (automatic),69.38,877.39,No
CUST_01025,Female,0,Yes,Yes,19,Yes,No phone service,No,No internet service,No internet service,No internet service,No internet service,No internet service,No internet service,Two year,No,Credit card (automatic),54.21,1036.14,No
CUST_01026,Female,0,No,Yes,9,Yes,No phone service,No,No internet service,No internet service,No internet service,No internet service,No internet service,No internet service,Two year,Yes,Bank transfer (automatic),44.39,416.75,No
CUST_01027,Female,1,Yes,Yes,17,Yes,No phone service,DSL,No,Yes,No,No,Yes,Yes,Month-to-month,No,Electronic check,82.74,1444.13,Yes
CUST_01028,Male,0,No,Yes,50,Yes,No phone service,No,No internet service,No internet service,No internet service,No internet service,No internet service,No internet service,One year,Yes,Credit card (automatic),114.18,5743.08,No
CUST_01029,Male,1,No,Yes,39,Yes,Yes,DSL,No,Yes,No,No,No,No,Month-to-month,Yes,Bank transfer (automatic),95.99,3775.36,No
CUST_01030,Male,0,No,Yes,41,Yes,Yes,No,No internet service,No internet service,No internet service,No internet service,No internet service,No internet service,One year,Yes,Mailed check,39.02,1649.61,No
CUST_01031,Male,0,Yes,Yes,10,Yes,Yes,DSL,Yes,Yes,Yes,Yes,Yes,Yes,Month-to-month,No,Electronic check,109.12,1108.02,No
CUST_01032,Female,0,No,Yes,12,Yes,No phone service,Fiber optic,No,No,Yes,No,No,Yes,Month-to-month,Yes,Mailed check,93.02,1142.03,No
CUST_01033,Male,0,No,No,15,Yes,No,DSL,Yes,No,Yes,Yes,Yes,Yes,Month-to-month,No,Credit card (automatic),31.05,514.71,No
CUST_01034,Female,0,No,Yes,28,Yes,Yes,Fiber optic,No,No,No,No,No,Yes,Month-to-month,Yes,Credit card (automatic),90.71,2574.54,No
CUST_01035,Male,0,Yes,No,4,Yes,No phone service,DSL,No,Yes,Yes,Yes,No,No,Month-to-month,Yes,Bank transfer (automatic),47.51,222.49,No
CUST_01036,Female,0,No,No,36,Yes,No phone service,Fiber optic,No,No,Yes,No,Yes,Yes,One year,No,Credit card (automatic),68.12,2460.15,No
CUST_01037,Female,0,No,No,65,Yes,No phone service,No,No internet service,No internet service,No internet service,No internet service,No internet service,No internet service,Month-to-month,No,Credit card (automatic),48.62,3172.87,No
CUST_01038,Male,0,No,Yes,47,Yes,No phone service,Fiber optic,No,Yes,No,No,Yes,Yes,Two year,Yes,Mailed check,26.57,1267.85,No
CUST_01039,Male,0,Yes,No,39,No,No phone service,DSL,Yes,No,Yes,No,No,No,One year,No,Credit card (automatic),96.4,3782.67,No
CUST_01040,Male,0,No,No,38,Yes,No phone service,Fiber optic,No,No,Yes,Yes,Yes,Yes,One year,No,Electronic check,102.53,3920.84,No
CUST_01041,Male,0,No,No,44,No,No phone service,DSL,No,Yes,No,Yes,No,Yes,Month-to-month,No,Bank transfer (automatic),41.66,1878.23,No
CUST_01042,Female,0,Yes,Yes,51,Yes,No,Fiber optic,No,No,No,No,Yes,No,Two year,No,Credit card (automatic),42.44,2169.96,No
CUST_01043,Male,0,Yes,No,26,Yes,Yes,No,No internet service,No internet service,No internet service,No internet service,No internet service,No internet service,One year,No,Electronic check,61.86,1620.67,No
CUST_01044,Male,0,No,Yes,36,Yes,Yes,Fiber optic,Yes,No,No,No,No,Yes,Two year,No,Bank transfer (automatic),100.77,3634.9,No
CUST_01045,Female,1,No,No,69,Yes,No phone service,DSL,No,No,No,Yes,Yes,Yes,Month-to-month,Yes,Electronic check,25.88,1822.58,Yes
CUST_01046,Male,0,No,No,1,Yes,Yes,DSL,Yes,No,No,No,Yes,Yes,Month-to-month,No,Electronic check,100.49,149.02,Yes
CUST_01047,Male,0,Yes,Yes,53,Yes,No,No,No internet service,No internet service,No internet service,No internet service,No internet service,No internet service,Month-to-month,No,Credit card (automatic),112.12,5986.94,No
CUST_01048,Male,0,Yes,Yes,6,No,No phone service,DSL,Yes,No,Yes,No,No,No,Month-to-month,No,Mailed check,75.27,487.81,No
CUST_01049,Male,0,No,No,37,Yes,No phone service,Fiber optic,Yes,No,Yes,Yes,No,Yes,Month-to-month,Yes,Bank transfer (automatic),24.16,894.99,No
CUST_01050,Male,0,Yes,No,2,Yes,No,Fiber optic,Yes,Yes,Yes,Yes,Yes,Yes,Two year,No,Credit card (automatic),45.49,108.34,Yes
CUST_01051,Female,0,No,No,69,Yes,No phone service,Fiber optic,No,No,Yes,Yes,Yes,Yes,One year,Yes,Credit card (automatic),29.36,2069.12,No
CUST_01052,Male,0,No,Yes,41,Yes,No,No,No internet service,No internet service,No internet service,No internet service,No internet service,No internet service,Month-to-month,No,Bank transfer (automatic),44.45,1854.98,No
CUST_01053,Male,0,Yes,Yes,51,Yes,No,DSL,Yes,No,No,No,No,Yes,One year,Yes,Bank transfer (automatic),100.8,5151.37,No
CUST_01054,Male,0,No,No,47,Yes,Yes,Fiber optic,Yes,No,No,Yes,Yes,Yes,Month-to-month,Yes,Credit card (automatic),23.68,1136.2,No
CUST_01055,Male,0,Yes,No,13,Yes,No,Fiber optic,Yes,No,No,Yes,Yes,Yes,Month-to-month,Yes,Electronic check,46.95,614.75,No
CUST_01056,Male,0,Yes,Yes,69,Yes,No phone service,DSL,Yes,No,Yes,Yes,Yes,Yes,One year,Yes,Mailed check,70.73,4906.34,No
CUST_01057,Female,0,No,Yes,66,Yes,No,DSL,Yes,No,Yes,Yes,No,No,One year,Yes,Mailed check,107.15,7117.1,No
CUST_01058,Male,0,Yes,No,59,Yes,No,Fiber optic,No,No,No,No,No,Yes,One year,No,Bank transfer (automatic),43.5,2568.33,No
CUST_01059,Female,0,No,Yes,68,No,No phone service,DSL,No,Yes,Yes,Yes,Yes,Yes,Month-to-month,No,Bank transfer (automatic),97.39,6653.17,No
CUST_01060,Female,0,Yes,No,59,Yes,No phone service,No,No internet service,No internet service,No internet service,No internet service,No internet service,No internet service,Month-to-month,No,Electronic check,77.52,4585.57,No
CUST_01061,Male,0,No,Yes,10,Yes,No phone service,DSL,Yes,Yes,No,No,No,No,Two year,Yes,Electronic check,86.99,919.42,No
CUST_01062,Male,0,No,No,13,Yes,No phone service,DSL,Yes,No,Yes,No,Yes,No,Two year,Yes,Credit card (automatic),105.9,1379.96,No
CUST_01063,Male,0,No,No,2,Yes,Yes,DSL,Yes,Yes,Yes,Yes,No,Yes,Month-to-month,No,Electronic check,20.69,72.25,Yes
CUST_01064,Male,0,Yes,No,15,Yes,No,DSL,Yes,Yes,No,Yes,No,Yes,One year,No,Mailed check,72.03,1093.31,No
CUST_01065,Female,0,No,Yes,46,Yes,No phone service,Fiber optic,No,Yes,No,Yes,No,Yes,Month-to-month,No,Electronic check,94.22,4378.05,Yes
CUST_01066,Male,0,Yes,No,57,Yes,No,DSL,No,No,No,Yes,Yes,No,Month-to-month,No,Electronic check,108.23,6175.18,Yes
CUST_01067,Male,0,Yes,No,10,Yes,No,Fiber optic,No,No,Yes,No,No,Yes,Two year,No,Electronic check,31.53,336.81,No
CUST_01068,Male,0,Yes,Yes,22,Yes,No,No,No internet service,No internet service,No internet service,No internet service,No internet service,No internet service,One year,No,Bank transfer (automatic),52.83,1171.49,No
CUST_01069,Male,0,Yes,No,8,Yes,Yes,Fiber optic,No,Yes,No,Yes,Yes,Yes,Two year,Yes,Electronic check,26.01,248.07,No
CUST_01070,Male,1,Yes,No,21,Yes,No,DSL,No,Yes,Yes,Yes,Yes,Yes,One year,No,Bank transfer (automatic),103.16,2184.0,No
CUST_01071,Male,0,No,No,22,Yes,Yes,No,No internet service,No internet service,No internet service,No internet service,No internet service,No internet service,One year,Yes,Mailed check,105.45,2329.27,No
CUST_01072,Female,0,Yes,Yes,45,Yes,Yes,DSL,Yes,Yes,No,No,Yes,Yes,Month-to-month,No,Mailed check,67.33,3065.95,Yes
CUST_01073,Female,0,No,Yes,40,Yes,Yes,Fiber optic,No,Yes,Yes,Yes,Yes,Yes,One year,Yes,Bank transfer (automatic),20.12,845.71,Yes
CUST_01074,Male,1,No,Yes,22,Yes,No phone service,Fiber optic,Yes,No,Yes,No,No,Yes,Two year,No,Bank transfer (automatic),28.42,648.45,No
CUST_01075,Male,1,Yes,Yes,30,Yes,Yes,DSL,No,No,No,Yes,Yes,Yes,Month-to-month,Yes,Electronic check,81.68,2469.48,No
CUST_01076,Male,0,No,No,62,Yes,No phone service,No,No internet service,No internet service,No internet service,No internet service,No internet service,No internet service,Month-to-month,Yes,Electronic check,118.23,7361.69,No
CUST_01077,Female,0,No,Yes,45,Yes,Yes,DSL,No,No,Yes,Yes,Yes,Yes,Two year,Yes,Mailed check,103.56,4692.96,No
CUST_01078,Male,0,Yes,Yes,35,Yes,Yes,Fiber optic,Yes,Yes,No,No,No,No,Month-to-month,Yes,Mailed check,99.39,3511.62,Yes
CUST_01079,Female,0,No,Yes,42,Yes,Yes,DSL,Yes,Yes,Yes,No,Yes,Yes,Month-to-month,Yes,Mailed check,60.63,2560.37,Yes
CUST_01080,Male,0,Yes,No,5,Yes,Yes,Fiber optic,No,No,Yes,Yes,No,Yes,Month-to-month,Yes,Mailed check,118.49,639.52,Yes
CUST_01081,Male,0,Yes,No,27,Yes,No,Fiber optic,Yes,Yes,Yes,No,Yes,No,Month-to-month,No,Credit card (automatic),102.15,2768.65,No
CUST_01082,Male,0,Yes,No,70,Yes,No,DSL,No,No,Yes,No,No,No,Month-to-month,Yes,Electronic check,52.24,3675.27,Yes
CUST_01083,Male,0,No,Yes,62,Yes,Yes,Fiber optic,Yes,Yes,No,Yes,No,Yes,One year,No,Electronic check,94.35,5863.64,No
CUST_01084,Female,1,No,No,32,Yes,No,Fiber optic,Yes,Yes,Yes,No,Yes,No,One year,Yes,Credit card (automatic),62.12,2034.31,Yes
CUST_01085,Female,0,No,No,8,Yes,No phone service,Fiber optic,No,No,No,No,No,Yes,One year,No,Mailed check,85.37,724.35,No
CUST_01086,Male,0,No,Yes,18,Yes,No,Fiber optic,No,No,Yes,No,No,Yes,One year,No,Electronic check,116.95,2145.58,Yes
CUST_01087,Male,0,Yes,No,15,No,No phone service,Fiber optic,No,No,Yes,No,Yes,No,Month-to-month,No,Electronic check,43.14,647.31,Yes
CUST_01088,Female,0,Yes,Yes,26,Yes,No,DSL,No,Yes,No,No,No,Yes,Two year,No,Bank transfer (automatic),99.09,2610.64,No
CUST_01089,Female,0,No,Yes,53,Yes,Yes,Fiber optic,Yes,No,No,Yes,No,Yes,Two year,Yes,Credit card (automatic),78.22,4157.08,No
CUST_01090,Female,0,Yes,No,44,Yes,No phone service,Fiber optic,No,Yes,Yes,Yes,Yes,No,Month-to-month,Yes,Bank transfer (automatic),114.9,5103.86,No
CUST_01091,Female,1,No,Yes,32,Yes,Yes,Fiber optic,Yes,Yes,Yes,Yes,No,No,Month-to-month,Yes,Credit card (automatic),31.72,1041.43,No
CUST_01092,Male,0,Yes,Yes,28,Yes,No phone service,No,No internet service,No internet service,No internet service,No internet service,No internet service,No internet service,Month-to-month,Yes,Credit card (automatic),91.41,2587.73,Yes
CUST_01093,Female,0,Yes,Yes,39,Yes,Yes,DSL,Yes,Yes,No,Yes,No,Yes,Month-to-month,Yes,Credit card (automatic),21.79,867.62,No
CUST_01094,Male,0,Yes,Yes,32,Yes,No,DSL,No,No,No,No,No,Yes,Two year,No,Mailed check,43.15,1407.59,No
CUST_01095,Female,0,Yes,Yes,18,No,No phone service,DSL,No,No,Yes,Yes,No,No,Month-to-month,No,Credit card (automatic),50.73,950.58,No
CUST_01096,Female,0,Yes,Yes,70,Yes,No,DSL,No,Yes,No,No,No,Yes,One year,Yes,Mailed check,62.09,4374.4,No
CUST_01097,Female,0,No,No,11,No,No phone service,DSL,Yes,Yes,Yes,No,Yes,Yes,Month-to-month,No,Credit card (automatic),116.46,1313.13,No
CUST_01098,Female,0,No,Yes,32,Yes,No phone service,No,No internet service,No internet service,No internet service,No internet service,No internet service,No internet service,One year,No,Mailed check,24.9,820.27,No
CUST_01099,Female,0,Yes,Yes,20,Yes,Yes,DSL,No,No,No,Yes,No,Yes,Month-to-month,Yes,Mailed check,35.24,740.55,No
CUST_01100,Male,0,No,Yes,40,Yes,Yes,Fiber optic,Yes,Yes,No,No,No,No,Two year,Yes,Mailed check,38.71,1593.41,No
CUST_01101,Male,0,Yes,Yes,8,Yes,No,DSL,No,No,Yes,Yes,Yes,No,Two year,Yes,Electronic check,61.25,492.53,No
CUST_01102,Female,0,Yes,No,35,Yes,No,Fiber optic,Yes,Yes,No,No,Yes,Yes,Month-to-month,Yes,Bank transfer (automatic),24.19,852.06,Yes
CUST_01103,Female,0,Yes,No,69,Yes,No phone service,No,No internet service,No internet service,No internet service,No internet service,No internet service,No internet service,Month-to-month,Yes,Bank transfer (automatic),116.47,8070.9,Yes
CUST_01104,Male,0,Yes,Yes,21,Yes,No phone service,DSL,No,No,Yes,Yes,No,Yes,Month-to-month,Yes,Bank transfer (automatic),75.1,1596.09,Yes
CUST_01105,Female,0,No,No,24,Yes,Yes,No,No internet service,No internet service,No internet service,No internet service,No internet service,No internet service,One year,No,Electronic check,100.96,2437.01,No
CUST_01106,Female,0,Yes,Yes,17,Yes,Yes,No,No internet service,No internet service,No internet service,No internet service,No internet service,No internet service,Month-to-month,Yes,Electronic check,96.79,1654.44,No
CUST_01107,Male,0,No,Yes,18,Yes,Yes,Fiber optic,Yes,No,Yes,No,Yes,No,Two year,Yes,Electronic check,85.4,1565.91,Yes
CUST_01108,Female,0,Yes,Yes,12,No,No phone service,DSL,No,Yes,Yes,No,No,No,Month-to-month,No,Credit card (automatic),110.25,1340.37,No
CUST_01109,Female,1,Yes,Yes,16,Yes,Yes,Fiber optic,Yes,Yes,No,Yes,Yes,Yes,Month-to-month,Yes,Credit card (automatic),110.04,1786.09,No
CUST_01110,Male,1,No,No,4,Yes,No phone service,No,No internet service,No internet service,No internet service,No internet service,No internet service,No internet service,One year,Yes,Credit card (automatic),31.03,172.06,No
CUST_01111,Male,0,Yes,No,34,Yes,No phone service,DSL,Yes,No,Yes,No,No,No,Month-to-month,No,Credit card (automatic),110.0,3777.8,No
CUST_01112,Male,0,Yes,Yes,46,Yes,No,Fiber optic,Yes,No,Yes,No,Yes,Yes,One year,Yes,Credit card (automatic),71.44,3325.89,No
CUST_01113,Female,0,No,Yes,31,Yes,No phone service,DSL,Yes,No,Yes,No,No,No,Month-to-month,Yes,Bank transfer (automatic),45.34,1411.85,Yes
CUST_01114,Male,0,No,No,25,Yes,Yes,DSL,No,No,No,Yes,Yes,Yes,Two year,Yes,Bank transfer (automatic),80.07,2017.93,No
CUST_01115,Male,0,No,No,24,No,No phone service,No,No internet service,No internet service,No internet service,No internet service,No internet service,No internet service,Month-to-month,No,Bank transfer (automatic),46.65,1124.96,No
CUST_01116,Male,0,Yes,Yes,65,Yes,No phone service,Fiber optic,Yes,No,Yes,Yes,No,Yes,One year,Yes,Bank transfer (automatic),66.86,4394.25,Yes
CUST_01117,Male,0,Yes,No,25,No,No phone service,DSL,No,Yes,No,Yes,Yes,Yes,Month-to-month,No,Bank transfer (automatic),101.28,2566.03,No
CUST_01118,Male,0,No,Yes,28,Yes,No,Fiber optic,Yes,Yes,No,No,Yes,No,Month-to-month,Yes,Electronic check,21.28,596.92,No
CUST_01119,Male,0,No,No,36,Yes,No,DSL,Yes,Yes,Yes,No,No,Yes,One year,No,Electronic check,36.68,1344.08,No
CUST_01120,Female,0,Yes,No,6,Yes,No phone service,DSL,No,No,Yes,Yes,No,No,Month-to-month,No,Credit card (automatic),115.57,706.6,Yes
CUST_01121,Female,0,Yes,No,66,Yes,No phone service,Fiber optic,No,Yes,Yes,No,Yes,Yes,Month-to-month,Yes,Bank transfer (automatic),63.4,4211.4,No
CUST_01122,Male,0,No,No,67,Yes,Yes,Fiber optic,No,No,Yes,No,No,Yes,Month-to-month,Yes,Credit card (automatic),48.94,3287.85,Yes
CUST_01123,Male,0,No,Yes,72,Yes,No,DSL,No,Yes,No,No,No,No,Month-to-month,No,Electronic check,112.17,8079.41,Yes
CUST_01124,Male,1,No,Yes,48,Yes,Yes,DSL,No,Yes,Yes,Yes,Yes,Yes,Two year,No,Credit card (automatic),110.94,5341.46,No
CUST_01125,Female,0,No,No,70,Yes,Yes,Fiber optic,No,Yes,No,Yes,Yes,No,Two year,No,Bank transfer (automatic),22.51,1590.67,No
CUST_01126,Female,0,Yes,Yes,67,Yes,No phone service,No,No internet service,No internet service,No internet service,No internet service,No internet service,No internet service,Month-to-month,Yes,Bank transfer (automatic),54.97,3719.02,Yes
CUST_01127,Female,0,Yes,No,48,Yes,No phone service,No,No internet service,No internet service,No internet service,No internet service,No internet service,No internet service,Two year,Yes,Bank transfer (automatic),111.11,5356.9,No
CUST_01128,Female,1,Yes,No,65,Yes,No phone service,DSL,Yes,No,No,No,No,Yes,Two year,No,Electronic check,36.34,2376.45,No
CUST_01129,Female,0,Yes,Yes,44,Yes,Yes,Fiber optic,Yes,Yes,Yes,No,Yes,No,Month-to-month,No,Credit card (automatic),76.98,3415.54,No
CUST_01130,Female,0,No,Yes,63,Yes,Yes,No,No internet service,No internet service,No internet service,No internet service,No internet service,No internet service,Month-to-month,Yes,Mailed check,50.72,3198.89,Yes
CUST_01131,Female,0,Yes,Yes,46,Yes,Yes,Fiber optic,Yes,No,Yes,Yes,Yes,No,Month-to-month,No,Mailed check,93.13,4317.08,No
CUST_01132,Female,0,No,No,19,Yes,No phone service,No,No internet service,No internet service,No internet service,No internet service,No internet service,No internet service,One year,Yes,Mailed check,34.14,656.08,No
CUST_01133,Female,0,Yes,Yes,64,Yes,No phone service,No,No internet service,No internet service,No internet service,No internet service,No internet service,No internet service,Month-to-month,No,Mailed check,78.8,5057.02,Yes
CUST_01134,Male,0,Yes,Yes,71,No,No phone service,DSL,Yes,Yes,Yes,No,No,No,Month-to-month,Yes,Mailed check,18.0,1292.17,Yes
CUST_01135,Male,0,Yes,Yes,50,No,No phone service,DSL,No,Yes,No,No,Yes,No,Month-to-month,No,Electronic check,43.76,2211.37,No
CUST_01136,Male,0,No,Yes,63,No,No phone service,DSL,Yes,Yes,No,Yes,Yes,No,One year,Yes,Bank transfer (automatic),34.54,2223.73,No
CUST_01137,Male,1,Yes,No,41,Yes,No,DSL,Yes,Yes,No,Yes,No,Yes,Month-to-month,Yes,Mailed check,39.4,1631.75,Yes
CUST_01138,Female,0,No,No,7,Yes,No phone service,No,No internet service,No internet service,No internet service,No internet service,No internet service,No internet service,One year,No,Mailed check,105.76,754.41,No
CUST_01139,Female,0,No,No,9,No,No phone service,No,No internet service,No internet service,No internet service,No internet service,No internet service,No internet service,Two year,No,Mailed check,111.31,1010.22,No
CUST_01140,Male,0,Yes,No,4,Yes,No,DSL,Yes,No,No,Yes,Yes,Yes,Two year,No,Credit card (automatic),95.01,399.65,Yes
CUST_01141,Female,0,No,No,49,No,No phone service,Fiber optic,No,No,No,Yes,No,No,Month-to-month,Yes,Bank transfer (automatic),78.19,3840.45,No
CUST_01142,Male,1,Yes,No,6,Yes,Yes,Fiber optic,Yes,No,No,Yes,Yes,Yes,Month-to-month,No,Mailed check,41.55,256.17,No
CUST_01143,Female,0,No,No,21,Yes,No phone service,DSL,Yes,Yes,No,No,Yes,Yes,Month-to-month,Yes,Electronic check,46.02,1009.32,No
CUST_01144,Male,0,Yes,Yes,15,Yes,No,Fiber optic,Yes,No,Yes,No,Yes,Yes,Two year,Yes,Bank transfer (automatic),49.61,746.76,No
CUST_01145,Female,0,No,No,67,Yes,Yes,No,No internet service,No internet service,No internet service,No internet service,No internet service,No internet service,Two year,Yes,Bank transfer (automatic),97.25,6551.6,Yes
CUST_01146,Female,0,No,No,66,Yes,No,DSL,Yes,No,No,No,No,No,One year,Yes,Bank transfer (automatic),43.79,2900.55,No
CUST_01147,Male,0,Yes,No,56,Yes,No,DSL,Yes,Yes,Yes,No,No,Yes,Month-to-month,Yes,Credit card (automatic),117.29,6568.59,Yes
CUST_01148,Female,0,Yes,No,68,Yes,No phone service,DSL,No,Yes,No,Yes,No,No,One year,Yes,Bank transfer (automatic),99.24,6788.03,No
CUST_01149,Male,0,Yes,Yes,32,Yes,No,DSL,Yes,Yes,No,Yes,No,Yes,Two year,Yes,Mailed check,119.97,3874.19,No
CUST_01150,Male,1,Yes,No,66,Yes,No phone service,DSL,Yes,No,Yes,Yes,Yes,No,Two year,Yes,Mailed check,64.84,4295.91,Yes
CUST_01151,Male,0,No,No,29,Yes,No phone service,Fiber optic,No,No,No,Yes,No,Yes,One year,No,Credit card (automatic),78.11,2269.2,No
CUST_01152,Male,0,No,Yes,66,Yes,No phone service,Fiber optic,No,Yes,Yes,Yes,Yes,No,One year,No,Electronic check,46.6,3093.7,No
CUST_01153,Female,0,No,No,34,Yes,No,Fiber optic,Yes,Yes,Yes,No,Yes,Yes,One year,No,Credit card (automatic),79.58,2714.85,No
CUST_01154,Female,0,No,No,27,Yes,Yes,DSL,Yes,No,No,Yes,Yes,No,Two year,No,Credit card (automatic),117.34,3214.75,No
CUST_01155,Female,0,Yes,No,60,No,No phone service,DSL,No,Yes,Yes,Yes,Yes,No,One year,No,Mailed check,21.1,1292.41,No
CUST_01156,Male,0,No,No,39,Yes,Yes,No,No internet service,No internet service,No internet service,No internet service,No internet service,No internet service,Month-to-month,Yes,Bank transfer (automatic),47.51,1900.98,Yes
CUST_01157,Female,0,Yes,No,44,Yes,No,No,No internet service,No internet service,No internet service,No internet service,No internet service,No internet service,One year,No,Credit card (automatic),46.69,2072.01,No
CUST_01158,Male,0,No,No,36,Yes,Yes,DSL,Yes,No,No,Yes,Yes,No,Two year,No,Electronic check,118.2,4283.09,No
CUST_01159,Female,0,Yes,No,19,Yes,Yes,DSL,Yes,No,Yes,No,No,No,One year,Yes,Mailed check,31.53,608.58,No
CUST_01160,Female,1,Yes,Yes,45,Yes,No phone service,No,No internet service,No internet service,No internet service,No internet service,No internet service,No internet service,One year,Yes,Bank transfer (automatic),100.86,4579.15,No
CUST_01161,Female,0,Yes,Yes,21,No,No phone service,DSL,No,No,Yes,Yes,Yes,Yes,One year,No,Electronic check,46.0,968.15,No
CUST_01162,Male,0,Yes,No,23,Yes,No phone service,DSL,No,No,Yes,No,No,Yes,One year,No,Credit card (automatic),105.78,2467.76,Yes
CUST_01163,Female,0,Yes,Yes,27,Yes,No,Fiber optic,No,Yes,No,Yes,Yes,No,Month-to-month,No,Electronic check,67.75,1848.85,No
CUST_01164,Female,0,No,No,72,Yes,Yes,DSL,No,Yes,Yes,Yes,Yes,No,One year,No,Credit card (automatic),42.71,3104.09,No
CUST_01165,Male,0,Yes,Yes,19,No,No phone service,DSL,Yes,Yes,No,No,Yes,No,Month-to-month,Yes,Credit card (automatic),90.39,1747.08,No
CUST_01166,Female,0,No,No,41,Yes,No,Fiber optic,Yes,No,No,Yes,No,No,Two year,No,Credit card (automatic),103.84,4293.03,No
CUST_01167,Male,0,No,Yes,26,Yes,No,Fiber optic,No,No,No,No,Yes,No,Two year,No,Credit card (automatic),65.95,1725.02,No
CUST_01168,Female,0,Yes,No,28,No,No phone service,No,No internet service,No internet service,No internet service,No internet service,No internet service,No internet service,Month-to-month,Yes,Credit card (automatic),90.83,2569.72,No
CUST_01169,Male,0,No,Yes,64,No,No phone service,No,No internet service,No internet service,No internet service,No internet service,No internet service,No internet service,Two year,No,Mailed check,36.52,2358.72,Yes
CUST_01170,Male,0,No,Yes,68,Yes,Yes,DSL,No,No,No,No,No,Yes,Month-to-month,Yes,Credit card (automatic),113.64,7741.39,Yes
CUST_01171,Female,0,No,No,51,Yes,No phone service,DSL,Yes,No,No,No,Yes,Yes,One year,Yes,Bank transfer (automatic),27.84,1444.52,No
CUST_01172,Male,0,Yes,No,48,Yes,No phone service,Fiber optic,No,No,No,Yes,Yes,Yes,Month-to-month,Yes,Credit card (automatic),40.64,1998.27,No
CUST_01173,Male,0,Yes,Yes,10,Yes,No,Fiber optic,Yes,Yes,Yes,Yes,Yes,Yes,Month-to-month,Yes,Mailed check,47.41,521.57,No
CUST_01174,Male,0,Yes,Yes,39,No,No phone service,DSL,No,No,No,Yes,Yes,No,Two year,Yes,Electronic check,33.58,1323.59,No
CUST_01175,Male,0,Yes,No,19,Yes,Yes,DSL,Yes,No,Yes,No,No,Yes,Two year,No,Bank transfer (automatic),59.48,1174.36,Yes
CUST_01176,Male,0,No,Yes,64,Yes,No,DSL,No,No,Yes,Yes,Yes,No,One year,No,Electronic check,64.69,4183.94,No
CUST_01177,Male,0,No,No,19,No,No phone service,Fiber optic,Yes,Yes,Yes,No,No,Yes,Month-to-month,Yes,Electronic check,70.9,1359.51,Yes
CUST_01178,Female,0,No,Yes,62,Yes,No,DSL,Yes,No,Yes,Yes,Yes,No,Month-to-month,No,Bank transfer (automatic),22.16,1403.96,No
CUST_01179,Male,0,No,Yes,13,Yes,Yes,No,No internet service,No internet service,No internet service,No internet service,No internet service,No internet service,Two year,Yes,Mailed check,40.35,568.03,No
CUST_01180,Male,0,No,No,25,Yes,No,DSL,Yes,No,No,No,Yes,No,Month-to-month,Yes,Credit card (automatic),100.39,2535.55,No
CUST_01181,Female,0,No,No,42,Yes,No phone service,No,No internet service,No internet service,No internet service,No internet service,No internet service,No internet service,Month-to-month,No,Credit card (automatic),100.68,4247.12,No
CUST_01182,Female,0,Yes,No,39,No,No phone service,No,No internet service,No internet service,No internet service,No internet service,No internet service,No internet service,Two year,No,Credit card (automatic),51.66,2047.31,No
CUST_01183,Female,0,No,Yes,30,Yes,Yes,Fiber optic,Yes,Yes,No,Yes,Yes,Yes,Two year,No,Electronic check,65.04,1959.81,No
CUST_01184,Female,0,No,Yes,5,Yes,Yes,Fiber optic,Yes,No,Yes,No,Yes,No,Month-to-month,No,Bank transfer (automatic),36.71,191.65,Yes
CUST_01185,Female,0,No,Yes,18,No,No phone service,Fiber optic,Yes,Yes,Yes,Yes,Yes,No,Two year,No,Credit card (automatic),101.86,1875.08,Yes
CUST_01186,Female,0,Yes,No,21,No,No phone service,DSL,No,Yes,Yes,No,No,No,One year,Yes,Credit card (automatic),115.58,2429.31,No
CUST_01187,Female,1,No,Yes,50,Yes,Yes,DSL,No,No,No,Yes,No,No,Month-to-month,No,Mailed check,47.72,2426.08,No
CUST_01188,Male,0,No,Yes,6,Yes,Yes,Fiber optic,Yes,No,Yes,No,No,Yes,Two year,No,Mailed check,97.76,601.07,No
CUST_01189,Male,0,Yes,No,50,Yes,No phone service,Fiber optic,No,Yes,Yes,No,No,Yes,One year,No,Electronic check,53.94,2721.34,Yes
CUST_01190,Female,0,No,Yes,66,Yes,Yes,Fiber optic,No,Yes,Yes,Yes,Yes,No,Month-to-month,No,Bank transfer (automatic),18.27,1232.91,Yes
CUST_01191,Male,0,Yes,Yes,1,Yes,Yes,Fiber optic,Yes,No,No,Yes,No,No,One year,No,Mailed check,79.17,117.53,No
CUST_01192,Male,0,Yes,No,57,Yes,No phone service,Fiber optic,Yes,No,Yes,Yes,Yes,No,Two year,No,Bank transfer (automatic),59.86,3456.25,No
CUST_01193,Male,0,No,No,30,Yes,Yes,Fiber optic,No,No,No,No,No,No,Month-to-month,Yes,Mailed check,95.36,2901.02,No
CUST_01194,Female,0,No,No,58,Yes,No phone service,Fiber optic,Yes,No,No,No,Yes,No,Month-to-month,Yes,Bank transfer (automatic),94.37,5502.31,Yes
CUST_01195,Female,0,Yes,No,52,Yes,No phone service,Fiber optic,Yes,No,No,Yes,No,No,Month-to-month,Yes,Bank transfer (automatic),114.5,5971.15,No
CUST_01196,Male,0,No,No,37,Yes,No,No,No internet service,No internet service,No internet service,No internet service,No internet service,No internet service,Month-to-month,Yes,Bank transfer (automatic),62.66,2344.66,Yes
CUST_01197,Female,1,No,No,48,Yes,No phone service,Fiber optic,No,No,Yes,Yes,Yes,No,Month-to-month,Yes,Electronic check,67.22,3227.88,No
CUST_01198,Male,0,Yes,No,1,Yes,Yes,Fiber optic,No,Yes,Yes,No,No,No,One year,No,Mailed check,58.84,71.09,No
CUST_01199,Male,1,Yes,No,19,Yes,No,Fiber optic,No,Yes,No,No,No,No,Month-to-month,Yes,Mailed check,48.29,935.78,Yes
CUST_01200,Male,0,No,No,46,Yes,No,Fiber optic,Yes,No,Yes,Yes,No,No,Month-to-month,No,Credit card (automatic),83.06,3836.74,Yes
CUST_01201,Male,0,Yes,Yes,67,Yes,Yes,Fiber optic,Yes,No,Yes,Yes,Yes,No,Month-to-month,Yes,Credit card (automatic),102.46,6869.56,No
CUST_01202,Female,0,No,No,2,Yes,No,DSL,Yes,No,No,No,No,No,One year,Yes,Electronic check,34.1,70.73,Yes
CUST_01203,Female,0,No,No,56,Yes,Yes,No,No internet service,No internet service,No internet service,No internet service,No internet service,No internet service,One year,No,Mailed check,118.15,6637.3,No
CUST_01204,Female,0,No,Yes,17,Yes,No,DSL,Yes,Yes,Yes,Yes,No,Yes,Month-to-month,No,Credit card (automatic),87.75,1495.46,No
CUST_01205,Male,1,No,No,22,No,No phone service,DSL,No,No,Yes,Yes,No,No,Two year,Yes,Mailed check,97.57,2160.88,No
CUST_01206,Female,1,Yes,Yes,27,Yes,No phone service,DSL,Yes,No,Yes,Yes,Yes,Yes,One year,Yes,Credit card (automatic),119.88,3260.59,No
CUST_01207,Male,0,No,Yes,55,Yes,No phone service,DSL,No,Yes,Yes,No,Yes,No,One year,Yes,Electronic check,69.41,3828.11,No
CUST_01208,Female,0,Yes,No,32,Yes,No,Fiber optic,Yes,Yes,No,Yes,Yes,Yes,Month-to-month,No,Credit card (automatic),25.27,812.67,No
CUST_01209,Male,0,No,Yes,60,Yes,No,Fiber optic,No,Yes,No,No,No,Yes,Month-to-month,Yes,Electronic check,98.61,5938.19,Yes
CUST_01210,Male,1,No,No,28,Yes,No phone service,No,No internet service,No internet service,No internet service,No internet service,No internet service,No internet service,Two year,No,Electronic check,106.82,3013.33,No
CUST_01211,Male,0,Yes,No,28,Yes,Yes,DSL,Yes,No,Yes,Yes,No,Yes,Month-to-month,No,Bank transfer (automatic),34.56,1013.59,No
CUST_01212,Female,0,No,Yes,25,Yes,No,DSL,Yes,Yes,No,Yes,No,No,One year,No,Electronic check,20.46,517.94,No
CUST_01213,Female,0,Yes,Yes,26,Yes,No phone service,DSL,Yes,No,Yes,Yes,Yes,Yes,One year,No,Bank transfer (automatic),31.85,858.95,No
CUST_01214,Female,0,Yes,Yes,71,Yes,No,Fiber optic,No,No,No,Yes,No,No,Two year,No,Mailed check,51.04,3640.15,No
CUST_01215,Female,1,No,No,17,No,No phone service,No,No internet service,No internet service,No internet service,No internet service,No internet service,No internet service,Month-to-month,No,Electronic check,112.28,1914.88,Yes
CUST_01216,Male,0,No,No,7,Yes,No phone service,Fiber optic,No,Yes,Yes,No,No,No,One year,Yes,Electronic check,18.25,147.42,Yes
CUST_01217,Female,0,No,Yes,56,Yes,No phone service,DSL,No,Yes,No,No,No,No,One year,No,Electronic check,99.99,5620.69,No
CUST_01218,Female,0,No,No,64,Yes,Yes,No,No internet service,No internet service,No internet service,No internet service,No internet service,No internet service,Month-to-month,Yes,Credit card (automatic),105.2,6750.67,Yes
CUST_01219,Male,0,Yes,No,20,Yes,No,DSL,Yes,No,Yes,No,No,No,Month-to-month,No,Electronic check,100.73,2052.83,No
CUST_01220,Male,0,No,Yes,38,Yes,Yes,Fiber optic,Yes,No,Yes,No,No,Yes,Month-to-month,Yes,Mailed check,26.39,1044.62,No
CUST_01221,Male,0,No,Yes,58,Yes,Yes,Fiber optic,No,Yes,No,No,Yes,Yes,Month-to-month,No,Bank transfer (automatic),87.28,5069.52,Yes
CUST_01222,Female,0,No,Yes,16,Yes,No phone service,DSL,Yes,No,Yes,No,Yes,No,Month-to-month,No,Mailed check,115.3,1853.17,Yes
CUST_01223,Male,1,No,Yes,51,Yes,Yes,DSL,No,Yes,Yes,Yes,No,No,One year,Yes,Bank transfer (automatic),30.28,1565.19,No
CUST_01224,Male,0,No,Yes,27,Yes,No,DSL,No,No,Yes,Yes,Yes,Yes,Two year,No,Mailed check,21.23,589.26,No
CUST_01225,Male,0,Yes,Yes,51,Yes,No,No,No internet service,No internet service,No internet service,No internet service,No internet service,No internet service,Two year,Yes,Credit card (automatic),107.11,5503.75,No
CUST_01226,Female,1,No,Yes,16,Yes,No phone service,Fiber optic,Yes,No,Yes,Yes,No,Yes,Month-to-month,No,Mailed check,83.78,1390.37,No
CUST_01227,Male,0,Yes,Yes,60,Yes,No phone service,No,No internet service,No internet service,No internet service,No internet service,No internet service,No internet service,Month-to-month,Yes,Mailed check,83.94,5045.24,No
CUST_01228,Female,0,No,Yes,40,Yes,No,Fiber optic,No,No,Yes,No,No,Yes,Two year,Yes,Electronic check,116.37,4693.01,No
CUST_01229,Female,0,No,Yes,67,No,No phone service,Fiber optic,Yes,Yes,No,No,No,No,Two year,No,Credit card (automatic),96.52,6496.94,No
CUST_01230,Male,0,No,No,2,No,No phone service,Fiber optic,Yes,Yes,No,Yes,No,Yes,One year,No,Credit card (automatic),58.54,149.3,No
CUST_01231,Male,0,Yes,No,48,Yes,Yes,No,No internet service,No internet service,No internet service,No internet service,No internet service,No internet service,Month-to-month,Yes,Electronic check,62.46,3011.1,No
CUST_01232,Female,1,No,Yes,52,Yes,No,DSL,No,Yes,Yes,Yes,No,No,Two year,No,Bank transfer (automatic),32.76,1708.31,No
CUST_01233,Male,0,Yes,No,24,Yes,No phone service,DSL,No,No,Yes,Yes,No,Yes,Month-to-month,Yes,Mailed check,49.01,1203.48,No
CUST_01234,Male,0,Yes,No,2,Yes,No phone service,Fiber optic,No,No,Yes,No,No,No,Month-to-month,Yes,Electronic check,63.43,157.54,No
CUST_01235,Female,0,No,No,65,Yes,No,No,No internet service,No internet service,No internet service,No internet service,No internet service,No internet service,Two year,Yes,Credit card (automatic),44.63,2949.15,No
CUST_01236,Female,0,Yes,No,20,Yes,No phone service,No,No internet service,No internet service,No internet service,No internet service,No internet service,No internet service,One year,Yes,Mailed check,111.42,2262.14,No
CUST_01237,Male,0,No,No,34,Yes,No,Fiber optic,No,No,Yes,No,No,No,Month-to-month,No,Mailed check,19.2,675.12,No
CUST_01238,Female,0,No,No,41,Yes,No phone service,DSL,No,No,No,Yes,No,No,One year,No,Bank transfer (automatic),77.88,3242.63,No
CUST_01239,Male,0,Yes,Yes,41,Yes,No phone service,DSL,Yes,Yes,Yes,Yes,Yes,Yes,Two year,No,Bank transfer (automatic),96.7,3983.53,No
CUST_01240,Male,0,No,Yes,23,Yes,Yes,No,No internet service,No internet service,No internet service,No internet service,No internet service,No internet service,Two year,No,Mailed check,92.68,2139.66,No
CUST_01241,Male,1,No,No,38,Yes,No phone service,Fiber optic,Yes,Yes,Yes,No,Yes,No,Month-to-month,Yes,Mailed check,83.66,3210.01,No
CUST_01242,Female,0,Yes,No,44,Yes,No,DSL,No,Yes,Yes,Yes,No,Yes,Month-to-month,Yes,Mailed check,59.85,2646.9,No
CUST_01243,Male,0,Yes,Yes,67,No,No phone service,No,No internet service,No internet service,No internet service,No internet service,No internet service,No internet service,One year,Yes,Bank transfer (automatic),111.68,7528.98,No
CUST_01244,Male,0,Yes,No,62,Yes,Yes,DSL,Yes,Yes,No,Yes,No,No,Two year,No,Bank transfer (automatic),51.55,3217.65,No
CUST_01245,Male,0,Yes,No,12,Yes,No,Fiber optic,Yes,Yes,Yes,No,No,Yes,Month-to-month,Yes,Electronic check,94.51,1141.64,No
CUST_01246,Female,0,Yes,No,30,No,No phone service,Fiber optic,Yes,Yes,Yes,Yes,Yes,Yes,Month-to-month,Yes,Bank transfer (automatic),112.52,3382.63,No
CUST_01247,Female,0,Yes,No,65,Yes,Yes,DSL,No,Yes,Yes,No,Yes,No,Month-to-month,Yes,Credit card (automatic),31.1,2053.67,No
CUST_01248,Female,0,No,No,41,Yes,No,DSL,Yes,No,No,No,Yes,Yes,Month-to-month,No,Credit card (automatic),114.6,4716.99,No
CUST_01249,Female,0,Yes,Yes,20,Yes,No phone service,DSL,No,No,Yes,No,No,Yes,Two year,No,Mailed check,97.16,1961.29,Yes
CUST_01250,Female,1,Yes,Yes,6,Yes,Yes,Fiber optic,No,No,Yes,Yes,Yes,No,Month-to-month,No,Mailed check,80.89,515.97,Yes
CUST_01251,Male,1,No,No,4,Yes,No phone service,Fiber optic,Yes,No,No,Yes,Yes,Yes,Two year,No,Bank transfer (automatic),56.09,235.42,Yes
CUST_01252,Female,1,No,Yes,10,Yes,No,DSL,Yes,No,No,Yes,Yes,Yes,Month-to-month,Yes,Credit card (automatic),110.24,1109.62,No
CUST_01253,Female,0,Yes,No,51,Yes,No,No,No internet service,No internet service,No internet service,No internet service,No internet service,No internet service,Month-to-month,No,Electronic check,22.49,1179.97,No
CUST_01254,Female,0,Yes,No,38,Yes,No,DSL,Yes,No,Yes,No,Yes,Yes,Two year,Yes,Bank transfer (automatic),62.05,2358.03,No
CUST_01255,Male,0,No,No,1,Yes,No,DSL,No,No,No,Yes,Yes,No,One year,No,Bank transfer (automatic),95.18,140.54,Yes
CUST_01256,Female,0,Yes,No,8,Yes,Yes,DSL,No,Yes,Yes,No,No,No,One year,Yes,Credit card (automatic),100.74,815.04,No
CUST_01257,Female,0,Yes,No,63,No,No phone service,DSL,Yes,No,No,No,Yes,Yes,Two year,Yes,Mailed check,38.63,2456.23,No
CUST_01258,Male,0,No,No,33,No,No phone service,No,No internet service,No internet service,No internet service,No internet service,No internet service,No internet service,Month-to-month,No,Mailed check,22.86,764.81,No
CUST_01259,Female,0,Yes,No,15,Yes,Yes,DSL,No,Yes,Yes,Yes,Yes,Yes,One year,No,Credit card (automatic),99.89,1509.27,No
CUST_01260,Male,0,No,No,31,Yes,No phone service,Fiber optic,No,Yes,No,No,No,No,Month-to-month,Yes,Credit card (automatic),61.03,1933.77,Yes
CUST_01261,Male,0,Yes,No,21,Yes,No,No,No internet service,No internet service,No internet service,No internet service,No internet service,No internet service,Two year,Yes,Electronic check,32.64,714.68,No
CUST_01262,Male,0,No,Yes,3,Yes,No phone service,Fiber optic,No,No,Yes,Yes,No,Yes,One year,Yes,Credit card (automatic),26.73,95.76,No
CUST_01263,Male,0,No,No,66,Yes,No phone service,DSL,No,Yes,No,No,Yes,Yes,Month-to-month,No,Mailed check,83.35,5513.34,No
CUST_01264,Male,0,No,Yes,35,Yes,No phone service,No,No internet service,No internet service,No internet service,No internet service,No internet service,No internet service,Two year,No,Credit card (automatic),77.45,2721.3,No
CUST_01265,Female,0,Yes,Yes,41,Yes,No phone service,Fiber optic,No,Yes,Yes,No,Yes,No,One year,No,Credit card (automatic),105.11,4337.11,Yes
CUST_01266,Male,0,No,No,59,Yes,No phone service,DSL,No,Yes,Yes,Yes,No,No,Month-to-month,No,Electronic check,21.22,1288.51,No
CUST_01267,Male,0,Yes,Yes,16,Yes,No,Fiber optic,No,No,No,Yes,No,Yes,Month-to-month,Yes,Bank transfer (automatic),106.58,1717.95,Yes
CUST_01268,Female,0,No,No,56,Yes,No phone service,No,No internet service,No internet service,No internet service,No internet service,No internet service,No internet service,Two year,No,Electronic check,108.5,6092.55,No
CUST_01269,Male,0,No,No,45,Yes,Yes,Fiber optic,No,No,No,No,No,Yes,Two year,No,Credit card (automatic),63.52,2894.53,Yes
CUST_01270,Female,0,No,No,59,Yes,Yes,Fiber optic,Yes,Yes,No,Yes,Yes,No,One year,No,Bank transfer (automatic),25.82,1560.24,No
CUST_01271,Female,0,Yes,No,50,Yes,No,No,No internet service,No internet service,No internet service,No internet service,No internet service,No internet service,Month-to-month,Yes,Credit card (automatic),114.57,5738.76,No
CUST_01272,Female,1,Yes,Yes,12,No,No phone service,Fiber optic,Yes,Yes,Yes,Yes,No,Yes,Month-to-month,No,Bank transfer (automatic),25.35,323.27,No
CUST_01273,Male,0,No,Yes,12,Yes,No phone service,DSL,Yes,No,No,No,No,Yes,Month-to-month,No,Credit card (automatic),78.25,982.48,No
CUST_01274,Male,0,Yes,No,33,Yes,Yes,DSL,Yes,Yes,No,Yes,No,No,One year,Yes,Mailed check,68.3,2290.97,No
CUST_01275,Male,0,Yes,Yes,49,No,No phone service,Fiber optic,Yes,No,Yes,Yes,Yes,Yes,Month-to-month,Yes,Bank transfer (automatic),103.18,5063.89,Yes
CUST_01276,Female,1,Yes,Yes,21,Yes,No,DSL,Yes,Yes,Yes,Yes,Yes,No,Two year,No,Bank transfer (automatic),69.27,1473.88,No
CUST_01277,Male,0,No,Yes,60,Yes,Yes,No,No internet service,No internet service,No internet service,No internet service,No internet service,No internet service,Month-to-month,No,Electronic check,65.85,3999.68,No
CUST_01278,Male,0,Yes,No,52,Yes,Yes,Fiber optic,Yes,No,Yes,No,No,Yes,One year,No,Mailed check,107.83,5633.24,No
CUST_01279,Male,0,No,Yes,54,Yes,Yes,Fiber optic,No,Yes,No,No,No,Yes,Month-to-month,No,Mailed check,116.33,6317.73,No
CUST_01280,Female,1,No,Yes,39,Yes,No,Fiber optic,Yes,Yes,Yes,Yes,Yes,Yes,Month-to-month,No,Mailed check,74.03,2891.6,No
CUST_01281,Female,0,No,Yes,49,Yes,No,Fiber optic,No,Yes,Yes,Yes,Yes,No,One year,No,Credit card (automatic),64.38,3196.34,No
CUST_01282,Male,0,Yes,No,64,Yes,Yes,DSL,No,No,No,Yes,Yes,No,Two year,Yes,Credit card (automatic),102.77,6607.63,No
CUST_01283,Male,0,No,Yes,26,Yes,No,DSL,Yes,Yes,No,No,No,No,One year,No,Bank transfer (automatic),102.77,2680.84,No
CUST_01284,Male,0,Yes,Yes,71,Yes,No phone service,Fiber optic,No,No,Yes,No,No,Yes,Month-to-month,Yes,Credit card (automatic),50.58,3609.97,Yes
CUST_01285,Male,0,Yes,No,7,No,No phone service,No,No internet service,No internet service,No internet service,No internet service,No internet service,No internet service,Month-to-month,Yes,Credit card (automatic),76.77,541.58,No
CUST_01286,Female,0,No,Yes,72,Yes,Yes,Fiber optic,No,No,Yes,No,Yes,No,Two year,No,Bank transfer (automatic),33.72,2466.69,No
CUST_01287,Female,0,No,No,62,Yes,No phone service,DSL,No,No,Yes,Yes,Yes,No,One year,Yes,Electronic check,82.83,5172.41,No
CUST_01288,Female,0,No,No,24,Yes,Yes,DSL,Yes,No,No,No,No,No,One year,Yes,Credit card (automatic),103.07,2498.12,No
CUST_01289,Female,0,Yes,No,40,Yes,Yes,No,No internet service,No internet service,No internet service,No internet service,No internet service,No internet service,Month-to-month,Yes,Mailed check,37.13,1507.66,No
CUST_01290,Male,1,Yes,No,47,No,No phone service,No,No internet service,No internet service,No internet service,No internet service,No internet service,No internet service,Two year,Yes,Mailed check,50.95,2417.86,No
CUST_01291,Male,0,No,No,8,Yes,No,DSL,No,Yes,No,No,Yes,No,Month-to-month,Yes,Credit card (automatic),63.79,512.2,No
CUST_01292,Male,0,No,No,54,Yes,Yes,Fiber optic,No,Yes,Yes,No,No,No,Month-to-month,No,Credit card (automatic),104.2,5645.11,No
CUST_01293,Female,0,Yes,Yes,9,Yes,No phone service,Fiber optic,No,No,No,No,Yes,Yes,Month-to-month,No,Bank transfer (automatic),92.6,839.82,Yes
CUST_01294,Male,0,Yes,No,3,Yes,No phone service,Fiber optic,No,Yes,Yes,No,Yes,No,Month-to-month,Yes,Credit card (automatic),50.32,160.2,No
CUST_01295,Female,0,No,Yes,54,Yes,No phone service,No,No internet service,No internet service,No internet service,No internet service,No internet service,No internet service,Month-to-month,Yes,Electronic check,42.79,2358.73,Yes
CUST_01296,Female,0,Yes,Yes,21,Yes,Yes,DSL,No,No,Yes,Yes,No,No,Month-to-month,No,Bank transfer (automatic),88.96,1881.29,No
CUST_01297,Male,0,Yes,No,48,Yes,No phone service,Fiber optic,Yes,Yes,Yes,Yes,Yes,Yes,Month-to-month,No,Mailed check,66.95,3237.71,No
CUST_01298,Male,0,Yes,Yes,47,Yes,No phone service,DSL,No,No,No,No,No,Yes,One year,No,Bank transfer (automatic),78.54,3735.89,No
CUST_01299,Male,0,Yes,Yes,68,Yes,No phone service,DSL,Yes,No,Yes,No,Yes,Yes,Two year,No,Credit card (automatic),84.17,5744.04,No
CUST_01300,Female,0,Yes,Yes,63,Yes,No phone service,Fiber optic,No,Yes,No,Yes,No,No,Month-to-month,Yes,Credit card (automatic),74.99,4750.55,No
CUST_01301,Male,0,Yes,No,16,Yes,No,DSL,Yes,No,Yes,No,No,No,Month-to-month,Yes,Electronic check,80.53,1296.97,No
CUST_01302,Female,1,No,Yes,5,Yes,Yes,Fiber optic,No,No,No,No,Yes,No,Month-to-month,No,Electronic check,108.53,556.88,No
CUST_01303,Male,0,Yes,Yes,11,Yes,Yes,DSL,Yes,Yes,No,Yes,No,No,Month-to-month,Yes,Bank transfer (automatic),106.56,1197.42,Yes
CUST_01304,Female,1,No,No,29,Yes,No phone service,Fiber optic,Yes,Yes,Yes,No,No,Yes,Month-to-month,Yes,Mailed check,33.2,981.09,No
CUST_01305,Female,0,No,Yes,70,Yes,Yes,DSL,Yes,No,Yes,No,Yes,Yes,Month-to-month,No,Bank transfer (automatic),77.82,5449.5,No
CUST_01306,Male,1,Yes,Yes,48,Yes,No phone service,Fiber optic,No,Yes,No,Yes,Yes,Yes,One year,No,Bank transfer (automatic),62.81,3034.86,No
CUST_01307,Female,0,No,Yes,15,Yes,No phone service,Fiber optic,No,No,No,No,No,Yes,Two year,Yes,Electronic check,47.12,747.6,No
CUST_01308,Female,0,No,No,34,Yes,No phone service,No,No internet service,No internet service,No internet service,No internet service,No internet service,No internet service,Two year,No,Bank transfer (automatic),82.38,2806.62,No
CUST_01309,Male,0,No,Yes,60,Yes,Yes,No,No internet service,No internet service,No internet service,No internet service,No internet service,No internet service,Two year,Yes,Electronic check,70.11,4207.54,No
CUST_01310,Female,0,Yes,Yes,62,Yes,No,DSL,No,Yes,Yes,Yes,Yes,Yes,Month-to-month,No,Electronic check,97.04,6022.43,Yes
CUST_01311,Male,0,No,No,2,Yes,Yes,DSL,Yes,No,Yes,No,Yes,No,One year,Yes,Bank transfer (automatic),27.53,89.4,No
CUST_01312,Female,0,Yes,No,19,Yes,Yes,Fiber optic,No,Yes,Yes,Yes,Yes,No,One year,No,Electronic check,48.87,968.33,No
CUST_01313,Male,0,No,No,49,Yes,No,Fiber optic,Yes,No,No,No,Yes,No,Month-to-month,Yes,Credit card (automatic),20.63,1013.3,Yes
CUST_01314,Male,0,No,Yes,28,Yes,Yes,DSL,Yes,No,No,No,Yes,Yes,Two year,No,Credit card (automatic),94.09,2678.84,No
CUST_01315,Female,0,No,No,48,Yes,No,DSL,Yes,No,No,No,No,Yes,One year,No,Bank transfer (automatic),111.07,5362.76,No
CUST_01316,Female,0,No,No,37,Yes,No phone service,Fiber optic,No,Yes,No,No,Yes,Yes,One year,Yes,Mailed check,77.91,2908.66,Yes
CUST_01317,Female,0,Yes,No,49,Yes,No,No,No internet service,No internet service,No internet service,No internet service,No internet service,No internet service,Month-to-month,No,Mailed check,80.93,3978.34,No
CUST_01318,Female,0,No,Yes,48,Yes,No phone service,No,No internet service,No internet service,No internet service,No internet service,No internet service,No internet service,Two year,Yes,Credit card (automatic),22.74,1109.88,No
CUST_01319,Female,0,No,No,29,Yes,No,DSL,Yes,No,Yes,Yes,Yes,Yes,Two year,No,Electronic check,69.39,2059.53,Yes
CUST_01320,Male,0,Yes,No,60,Yes,No phone service,DSL,No,Yes,No,Yes,Yes,No,Month-to-month,Yes,Mailed check,71.74,4350.04,Yes
CUST_01321,Female,0,Yes,No,29,Yes,Yes,DSL,Yes,Yes,Yes,No,Yes,No,Month-to-month,No,Mailed check,21.98,668.56,No
CUST_01322,Male,0,Yes,No,58,Yes,No,Fiber optic,Yes,Yes,Yes,Yes,No,No,Month-to-month,No,Bank transfer (automatic),97.8,5701.55,No
CUST_01323,Male,0,No,No,48,No,No phone service,Fiber optic,Yes,Yes,Yes,No,Yes,Yes,Month-to-month,Yes,Bank transfer (automatic),46.39,2237.18,Yes
CUST_01324,Female,0,Yes,Yes,23,Yes,No phone service,Fiber optic,No,No,Yes,No,No,No,One year,Yes,Mailed check,91.79,2158.87,No
CUST_01325,Male,0,Yes,Yes,27,Yes,No,Fiber optic,Yes,No,Yes,No,No,Yes,Month-to-month,Yes,Mailed check,59.1,1633.43,Yes
CUST_01326,Male,0,Yes,No,7,Yes,No,DSL,Yes,Yes,No,No,No,Yes,Two year,No,Credit card (automatic),119.56,856.0,No
CUST_01327,Male,0,Yes,No,49,Yes,No,DSL,No,No,No,No,No,No,Two year,Yes,Bank transfer (automatic),39.64,1983.39,No
CUST_01328,Male,0,Yes,No,54,Yes,Yes,No,No internet service,No internet service,No internet service,No internet service,No internet service,No internet service,Month-to-month,No,Bank transfer (automatic),23.94,1303.36,Yes
CUST_01329,Female,0,Yes,Yes,68,Yes,No phone service,DSL,Yes,Yes,No,No,Yes,Yes,Month-to-month,Yes,Mailed check,117.95,8031.29,No
CUST_01330,Male,0,No,Yes,42,Yes,Yes,DSL,No,Yes,No,Yes,Yes,Yes,Month-to-month,Yes,Credit card (automatic),42.87,1840.17,No
CUST_01331,Female,0,Yes,Yes,59,No,No phone service,Fiber optic,No,Yes,Yes,No,No,No,Month-to-month,No,Electronic check,82.8,4913.39,Yes
CUST_01332,Female,0,No,Yes,44,Yes,No phone service,Fiber optic,Yes,No,Yes,No,Yes,Yes,Month-to-month,No,Bank transfer (automatic),56.21,2500.85,Yes
CUST_01333,Male,0,Yes,No,26,Yes,No phone service,No,No internet service,No internet service,No internet service,No internet service,No internet service,No internet service,Month-to-month,Yes,Bank transfer (automatic),83.24,2192.98,No
CUST_01334,Female,0,Yes,No,23,Yes,Yes,DSL,Yes,No,Yes,No,No,Yes,Two year,Yes,Mailed check,78.8,1818.64,No
CUST_01335,Female,0,Yes,No,8,No,No phone service,Fiber optic,Yes,Yes,No,No,Yes,Yes,Two year,No,Mailed check,90.14,738.61,No
CUST_01336,Female,0,No,No,53,Yes,No,Fiber optic,Yes,No,Yes,Yes,No,No,Two year,No,Electronic check,19.88,1082.36,No
CUST_01337,Male,1,Yes,Yes,14,Yes,No,No,No internet service,No internet service,No internet service,No internet service,No internet service,No internet service,One year,Yes,Bank transfer (automatic),103.29,1458.46,No
CUST_01338,Female,0,Yes,No,71,Yes,No,Fiber optic,No,No,No,Yes,No,No,Two year,No,Credit card (automatic),66.82,4769.7,No
CUST_01339,Female,1,Yes,Yes,7,Yes,No,No,No internet service,No internet service,No internet service,No internet service,No internet service,No internet service,One year,No,Credit card (automatic),70.92,524.31,No
CUST_01340,Female,0,Yes,Yes,9,Yes,No phone service,DSL,Yes,No,No,Yes,Yes,Yes,Month-to-month,Yes,Mailed check,59.92,586.46,No
CUST_01341,Male,0,No,No,3,Yes,No,Fiber optic,No,Yes,No,Yes,No,Yes,One year,No,Credit card (automatic),118.92,369.04,No
CUST_01342,Female,0,No,Yes,17,No,No phone service,Fiber optic,No,No,Yes,Yes,Yes,Yes,Two year,Yes,Credit card (automatic),99.76,1717.89,No
CUST_01343,Male,0,No,Yes,44,Yes,No,DSL,Yes,No,No,No,Yes,Yes,Month-to-month,No,Mailed check,49.76,2238.61,No
CUST_01344,Male,0,No,No,46,Yes,Yes,DSL,Yes,No,Yes,No,Yes,No,Month-to-month,Yes,Electronic check,97.87,4511.51,No
CUST_01345,Male,0,No,Yes,58,Yes,Yes,Fiber optic,Yes,No,No,No,No,Yes,Month-to-month,No,Electronic check,62.57,3668.25,No
CUST_01346,Male,0,Yes,Yes,28,Yes,Yes,DSL,No,No,Yes,No,Yes,Yes,Month-to-month,Yes,Bank transfer (automatic),106.74,2997.62,No
CUST_01347,Male,1,Yes,No,14,Yes,No,No,No internet service,No internet service,No internet service,No internet service,No internet service,No internet service,Month-to-month,No,Mailed check,21.15,338.55,Yes
CUST_01348,Male,0,Yes,Yes,9,Yes,No phone service,Fiber optic,No,No,No,No,Yes,No,Month-to-month,No,Mailed check,54.25,512.66,Yes
CUST_01349,Female,0,No,Yes,26,Yes,No,DSL,Yes,Yes,Yes,No,Yes,Yes,Two year,Yes,Bank transfer (automatic),61.84,1656.49,No
CUST_01350,Male,0,Yes,No,2,Yes,Yes,Fiber optic,No,Yes,No,No,No,No,Two year,No,Credit card (automatic),93.91,196.33,Yes
CUST_01351,Female,0,No,Yes,34,Yes,Yes,DSL,No,Yes,No,Yes,Yes,Yes,Two year,Yes,Electronic check,36.59,1278.61,No
CUST_01352,Female,0,Yes,No,19,No,No phone service,Fiber optic,Yes,No,Yes,Yes,Yes,No,Month-to-month,No,Bank transfer (automatic),47.2,931.58,Yes
CUST_01353,Male,0,No,Yes,39,Yes,No phone service,Fiber optic,No,No,No,Yes,Yes,No,Month-to-month,No,Bank transfer (automatic),91.84,3617.54,No
CUST_01354,Female,1,Yes,Yes,13,Yes,No phone service,No,No internet service,No internet service,No internet service,No internet service,No internet service,No internet service,Month-to-month,Yes,Bank transfer (automatic),25.84,340.94,No
CUST_01355,Female,0,Yes,No,5,Yes,No phone service,Fiber optic,Yes,No,No,Yes,Yes,No,Two year,No,Electronic check,38.51,207.0,Yes
CUST_01356,Female,0,Yes,No,50,Yes,Yes,No,No internet service,No internet service,No internet service,No internet service,No internet service,No internet service,Month-to-month,Yes,Credit card (automatic),94.84,4759.07,No
CUST_01357,Female,0,Yes,Yes,23,Yes,Yes,Fiber optic,No,No,No,Yes,Yes,No,One year,Yes,Electronic check,107.3,2484.2,Yes
CUST_01358,Male,0,No,No,29,Yes,No phone service,Fiber optic,Yes,Yes,No,No,No,Yes,Month-to-month,Yes,Mailed check,92.34,2711.62,Yes
CUST_01359,Female,0,Yes,Yes,72,No,No phone service,Fiber optic,No,No,No,No,Yes,No,Month-to-month,Yes,Mailed check,71.77,5170.05,No
CUST_01360,Male,0,Yes,No,26,Yes,No phone service,Fiber optic,No,No,No,No,No,No,Month-to-month,Yes,Bank transfer (automatic),28.1,767.21,No
CUST_01361,Female,0,Yes,Yes,57,Yes,No,DSL,Yes,No,No,Yes,Yes,No,One year,No,Mailed check,102.38,5861.82,No
CUST_01362,Female,0,No,Yes,1,Yes,Yes,No,No internet service,No internet service,No internet service,No internet service,No internet service,No internet service,Month-to-month,No,Electronic check,30.65,39.3,No
CUST_01363,Male,0,Yes,Yes,28,Yes,Yes,Fiber optic,Yes,No,Yes,No,No,No,Month-to-month,No,Mailed check,57.28,1615.09,Yes
CUST_01364,Female,0,Yes,Yes,62,Yes,Yes,DSL,No,No,No,Yes,Yes,Yes,Month-to-month,Yes,Mailed check,23.15,1440.24,Yes
CUST_01365,Female,0,Yes,Yes,47,Yes,No phone service,No,No internet service,No internet service,No internet service,No internet service,No internet service,No internet service,One year,Yes,Credit card (automatic),90.39,4271.14,Yes
CUST_01366,Female,0,Yes,No,59,Yes,No phone service,DSL,Yes,Yes,Yes,Yes,Yes,Yes,Month-to-month,No,Electronic check,69.36,4121.78,No
CUST_01367,Male,0,Yes,No,31,Yes,Yes,No,No internet service,No internet service,No internet service,No internet service,No internet service,No internet service,Two year,Yes,Mailed check,110.58,3456.9,Yes
CUST_01368,Female,0,No,Yes,70,Yes,Yes,DSL,Yes,No,No,Yes,No,No,Month-to-month,Yes,Electronic check,32.15,2298.74,Yes
CUST_01369,Male,0,No,Yes,49,Yes,Yes,Fiber optic,Yes,Yes,Yes,No,No,No,Month-to-month,No,Mailed check,101.55,4990.99,No
CUST_01370,Female,0,No,No,5,Yes,No phone service,Fiber optic,Yes,No,Yes,No,No,No,One year,Yes,Credit card (automatic),70.09,388.55,Yes
CUST_01371,Male,0,Yes,No,31,No,No phone service,Fiber optic,Yes,Yes,No,No,Yes,Yes,Month-to-month,Yes,Mailed check,55.34,1751.74,Yes
CUST_01372,Male,0,No,No,37,Yes,Yes,DSL,No,Yes,No,Yes,No,No,Two year,No,Bank transfer (automatic),83.64,3097.89,No
CUST_01373,Female,0,Yes,No,15,Yes,No phone service,DSL,No,Yes,No,No,No,Yes,Two year,Yes,Credit card (automatic),98.62,1525.84,Yes
CUST_01374,Female,0,Yes,No,52,Yes,No phone service,DSL,Yes,No,No,No,No,Yes,Two year,Yes,Mailed check,62.91,3317.84,No
CUST_01375,Male,0,Yes,Yes,69,Yes,No phone service,No,No internet service,No internet service,No internet service,No internet service,No internet service,No internet service,Month-to-month,Yes,Bank transfer (automatic),41.75,2900.3,No
CUST_01376,Male,0,Yes,Yes,11,Yes,No phone service,DSL,No,Yes,Yes,No,Yes,Yes,Month-to-month,No,Mailed check,111.41,1246.4,No
CUST_01377,Female,0,No,No,43,Yes,Yes,Fiber optic,Yes,No,Yes,No,No,Yes,Two year,Yes,Bank transfer (automatic),49.93,2187.79,No
CUST_01378,Male,1,No,No,70,Yes,Yes,No,No internet service,No internet service,No internet service,No internet service,No internet service,No internet service,Month-to-month,No,Credit card (automatic),119.82,8412.16,No
CUST_01379,Female,0,No,No,23,Yes,No phone service,No,No internet service,No internet service,No internet service,No internet service,No internet service,No internet service,Two year,Yes,Mailed check,96.27,2254.1,No
CUST_01380,Female,0,Yes,No,40,Yes,Yes,DSL,No,Yes,Yes,No,Yes,Yes,Two year,Yes,Electronic check,88.16,3528.11,No
CUST_01381,Female,0,No,No,63,Yes,Yes,No,No internet service,No internet service,No internet service,No internet service,No internet service,No internet service,One year,No,Mailed check,19.26,1226.19,No
CUST_01382,Female,0,No,No,2,Yes,Yes,DSL,No,Yes,Yes,Yes,No,Yes,Month-to-month,No,Electronic check,63.75,132.05,Yes
CUST_01383,Male,1,Yes,No,47,Yes,No,Fiber optic,No,No,Yes,Yes,Yes,Yes,One year,Yes,Credit card (automatic),69.25,3277.51,No
CUST_01384,Female,0,No,No,30,Yes,Yes,Fiber optic,Yes,No,No,Yes,Yes,Yes,Month-to-month,No,Electronic check,56.39,1734.42,No
CUST_01385,Male,1,Yes,No,16,Yes,Yes,DSL,No,Yes,Yes,No,No,Yes,Month-to-month,No,Bank transfer (automatic),33.3,561.25,No
CUST_01386,Female,1,No,Yes,59,No,No phone service,DSL,No,No,Yes,Yes,No,No,Month-to-month,No,Electronic check,55.48,3299.33,No
CUST_01387,Male,1,No,No,47,Yes,No phone service,Fiber optic,Yes,No,No,No,Yes,No,Month-to-month,Yes,Credit card (automatic),25.65,1223.73,No
CUST_01388,Female,0,No,No,30,Yes,No,Fiber optic,No,No,Yes,Yes,No,Yes,One year,Yes,Credit card (automatic),47.67,1433.39,No
CUST_01389,Male,0,Yes,Yes,9,Yes,No,No,No internet service,No internet service,No internet service,No internet service,No internet service,No internet service,One year,Yes,Electronic check,26.54,277.14,No
CUST_01390,Male,0,No,Yes,65,Yes,Yes,DSL,No,No,Yes,Yes,No,No,Two year,Yes,Bank transfer (automatic),94.75,6187.11,No
CUST_01391,Female,0,No,Yes,59,Yes,Yes,No,No internet service,No internet service,No internet service,No internet service,No internet service,No internet service,Two year,No,Credit card (automatic),86.46,5147.57,Yes
CUST_01392,Female,0,No,No,64,Yes,No phone service,Fiber optic,Yes,No,No,No,No,No,Month-to-month,No,Mailed check,113.87,7309.48,No
CUST_01393,Female,0,No,No,8,Yes,Yes,No,No internet service,No internet service,No internet service,No internet service,No internet service,No internet service,Two year,Yes,Credit card (automatic),56.75,474.1,No
CUST_01394,Female,0,Yes,No,52,Yes,Yes,Fiber optic,No,No,Yes,Yes,No,No,Month-to-month,No,Mailed check,98.19,5154.73,No
CUST_01395,Male,0,Yes,No,18,Yes,Yes,No,No internet service,No internet service,No internet service,No internet service,No internet service,No internet service,One year,No,Electronic check,77.94,1409.9,No
CUST_01396,Female,0,No,Yes,58,Yes,Yes,DSL,No,No,No,No,No,No,Two year,No,Bank transfer (automatic),83.9,4878.97,No
CUST_01397,Male,0,No,No,49,Yes,Yes,Fiber optic,Yes,No,No,Yes,Yes,No,Month-to-month,No,Mailed check,73.84,3642.62,Yes
CUST_01398,Male,0,No,No,32,Yes,Yes,DSL,No,Yes,Yes,Yes,No,Yes,One year,Yes,Bank transfer (automatic),97.47,3145.36,No
CUST_01399,Female,0,Yes,Yes,48,Yes,Yes,DSL,Yes,No,Yes,No,Yes,Yes,Month-to-month,No,Bank transfer (automatic),22.28,1097.03,No
CUST_01400,Male,0,No,No,45,Yes,Yes,Fiber optic,Yes,No,No,No,Yes,No,Two year,No,Electronic check,26.21,1190.05,No
CUST_01401,Male,0,No,No,54,Yes,No phone service,Fiber optic,No,No,No,No,No,Yes,One year,No,Credit card (automatic),27.78,1546.69,Yes
CUST_01402,Male,0,Yes,No,46,Yes,No,DSL,Yes,No,Yes,No,Yes,Yes,Two year,No,Credit card (automatic),47.45,2217.71,Yes
CUST_01403,Male,1,Yes,No,31,Yes,Yes,Fiber optic,No,Yes,No,Yes,No,No,Month-to-month,Yes,Credit card (automatic),78.3,2440.07,No
CUST_01404,Female,0,Yes,Yes,37,Yes,No phone service,Fiber optic,No,No,Yes,Yes,No,Yes,One year,Yes,Bank transfer (automatic),83.85,3117.27,No
CUST_01405,Female,0,No,Yes,16,Yes,Yes,DSL,No,No,No,Yes,No,No,One year,Yes,Credit card (automatic),90.69,1494.99,No
CUST_01406,Female,0,Yes,Yes,46,Yes,Yes,Fiber optic,Yes,Yes,No,No,Yes,Yes,Month-to-month,Yes,Credit card (automatic),46.64,2164.36,No
CUST_01407,Female,0,Yes,Yes,46,Yes,No,Fiber optic,Yes,Yes,Yes,No,No,No,Month-to-month,Yes,Electronic check,84.32,3906.62,No
CUST_01408,Male,0,No,No,61,Yes,No phone service,DSL,No,Yes,No,Yes,No,Yes,Month-to-month,No,Credit card (automatic),30.0,1836.29,No
CUST_01409,Male,0,Yes,No,46,Yes,Yes,Fiber optic,Yes,No,No,No,No,No,Month-to-month,No,Bank transfer (automatic),19.02,887.41,Yes
CUST_01410,Female,0,No,No,51,Yes,No,Fiber optic,Yes,Yes,Yes,No,Yes,Yes,Month-to-month,No,Electronic check,88.86,4552.56,No
CUST_01411,Female,0,No,Yes,62,Yes,No,No,No internet service,No internet service,No internet service,No internet service,No internet service,No internet service,Month-to-month,Yes,Credit card (automatic),90.99,5674.34,No
CUST_01412,Female,0,Yes,Yes,35,Yes,Yes,DSL,Yes,Yes,Yes,Yes,No,Yes,Two year,Yes,Mailed check,81.46,2865.06,No
CUST_01413,Male,0,No,Yes,42,Yes,Yes,No,No internet service,No internet service,No internet service,No internet service,No internet service,No internet service,Two year,No,Credit card (automatic),44.4,1912.54,Yes
CUST_01414,Female,1,Yes,No,45,Yes,No phone service,DSL,No,No,Yes,Yes,No,No,Two year,Yes,Bank transfer (automatic),112.6,5078.09,No
CUST_01415,Female,1,Yes,No,68,Yes,No phone service,Fiber optic,No,Yes,No,Yes,Yes,Yes,Two year,No,Electronic check,107.32,7336.63,No
CUST_01416,Female,0,Yes,Yes,47,Yes,Yes,DSL,Yes,No,No,No,No,No,Month-to-month,No,Credit card (automatic),70.59,3335.73,No
CUST_01417,Male,0,No,Yes,30,Yes,Yes,No,No internet service,No internet service,No internet service,No internet service,No internet service,No internet service,Month-to-month,Yes,Mailed check,118.89,3608.44,No
CUST_01418,Male,0,Yes,No,24,Yes,No,Fiber optic,No,Yes,Yes,No,No,Yes,Two year,No,Credit card (automatic),48.46,1209.18,No
CUST_01419,Male,0,No,No,66,Yes,No phone service,DSL,No,No,No,No,Yes,No,Two year,No,Electronic check,68.1,4503.67,No
CUST_01420,Male,0,No,No,43,Yes,Yes,DSL,Yes,No,Yes,Yes,No,Yes,Month-to-month,No,Electronic check,112.65,4868.44,No
CUST_01421,Male,1,No,Yes,34,Yes,Yes,DSL,Yes,Yes,Yes,No,No,No,Month-to-month,Yes,Electronic check,65.14,2222.36,Yes
CUST_01422,Male,0,Yes,Yes,23,Yes,No phone service,DSL,Yes,No,Yes,No,No,Yes,Month-to-month,Yes,Electronic check,66.04,1554.28,Yes
CUST_01423,Male,0,No,Yes,61,Yes,Yes,Fiber optic,No,Yes,No,Yes,No,No,Month-to-month,Yes,Electronic check,26.1,1633.59,No
CUST_01424,Male,0,No,Yes,37,Yes,No,Fiber optic,No,No,Yes,Yes,No,Yes,Month-to-month,No,Bank transfer (automatic),39.56,1483.09,Yes
CUST_01425,Female,1,Yes,No,13,Yes,No,No,No internet service,No internet service,No internet service,No internet service,No internet service,No internet service,Two year,Yes,Mailed check,34.1,463.17,No
CUST_01426,Female,0,Yes,No,71,No,No phone service,No,No internet service,No internet service,No internet service,No internet service,No internet service,No internet service,One year,No,Mailed check,75.66,5381.85,Yes
CUST_01427,Male,0,No,No,7,Yes,No phone service,Fiber optic,No,Yes,Yes,No,Yes,Yes,Month-to-month,No,Mailed check,50.49,368.73,Yes
CUST_01428,Male,0,No,Yes,42,No,No phone service,DSL,Yes,Yes,Yes,Yes,No,Yes,Month-to-month,Yes,Bank transfer (automatic),25.86,1102.19,Yes
CUST_01429,Female,0,Yes,No,38,Yes,No phone service,DSL,Yes,Yes,Yes,No,Yes,No,Two year,Yes,Electronic check,70.02,2668.43,No
CUST_01430,Male,0,No,No,52,Yes,No phone service,Fiber optic,Yes,Yes,No,Yes,Yes,Yes,Month-to-month,No,Credit card (automatic),86.26,4501.03,No
CUST_01431,Male,1,No,No,44,Yes,No phone service,Fiber optic,No,No,Yes,No,Yes,No,One year,Yes,Bank transfer (automatic),93.13,4142.89,No
CUST_01432,Male,0,No,No,64,Yes,No,Fiber optic,Yes,No,No,Yes,No,Yes,Month-to-month,Yes,Electronic check,103.43,6635.59,Yes
CUST_01433,Female,0,No,No,13,Yes,No,No,No internet service,No internet service,No internet service,No internet service,No internet service,No internet service,Month-to-month,No,Bank transfer (automatic),67.16,886.8,No
CUST_01434,Female,0,Yes,Yes,28,Yes,Yes,No,No internet service,No internet service,No internet service,No internet service,No internet service,No internet service,Month-to-month,Yes,Credit card (automatic),57.84,1638.82,Yes
CUST_01435,Female,0,No,No,1,No,No phone service,DSL,No,Yes,Yes,Yes,No,No,Two year,No,Credit card (automatic),87.78,135.79,Yes
CUST_01436,Female,0,Yes,No,43,Yes,No,DSL,Yes,Yes,No,Yes,Yes,Yes,Month-to-month,Yes,Mailed check,19.36,870.85,Yes
CUST_01437,Female,0,No,Yes,42,Yes,No,No,No internet service,No internet service,No internet service,No internet service,No internet service,No internet service,Month-to-month,Yes,Bank transfer (automatic),82.62,3480.11,No
CUST_01438,Male,0,Yes,Yes,50,Yes,Yes,No,No internet service,No internet service,No internet service,No internet service,No internet service,No internet service,Month-to-month,No,Credit card (automatic),59.38,3006.61,No
CUST_01439,Female,0,No,No,60,Yes,No,DSL,Yes,No,Yes,No,No,Yes,One year,No,Electronic check,64.19,3889.91,No
CUST_01440,Male,0,Yes,No,1,Yes,No,Fiber optic,No,No,Yes,Yes,No,No,One year,No,Mailed check,48.22,95.73,No
CUST_01441,Male,0,No,No,51,Yes,No,Fiber optic,No,Yes,No,No,Yes,No,Month-to-month,No,Credit card (automatic),30.98,1624.64,No
CUST_01442,Female,1,Yes,No,16,Yes,Yes,Fiber optic,Yes,Yes,No,No,No,No,Month-to-month,Yes,Mailed check,58.95,947.88,No
CUST_01443,Female,0,No,Yes,39,Yes,Yes,DSL,Yes,Yes,Yes,No,No,No,Two year,Yes,Electronic check,49.44,1950.76,No
CUST_01444,Male,0,No,No,15,Yes,No phone service,No,No internet service,No internet service,No internet service,No internet service,No internet service,No internet service,One year,Yes,Electronic check,115.93,1774.13,No
CUST_01445,Male,0,Yes,Yes,33,Yes,No,Fiber optic,Yes,No,No,Yes,No,Yes,Two year,No,Bank transfer (automatic),114.24,3818.62,No
CUST_01446,Male,0,Yes,No,53,Yes,Yes,DSL,No,Yes,Yes,No,Yes,No,One year,Yes,Electronic check,83.68,4439.27,No
CUST_01447,Female,0,Yes,No,17,Yes,Yes,Fiber optic,Yes,No,No,No,Yes,Yes,Two year,No,Electronic check,110.18,1891.43,No
CUST_01448,Female,0,Yes,No,6,No,No phone service,Fiber optic,Yes,No,No,No,Yes,No,Month-to-month,No,Electronic check,94.63,592.39,No
CUST_01449,Female,0,Yes,Yes,31,Yes,No phone service,No,No internet service,No internet service,No internet service,No internet service,No internet service,No internet service,One year,No,Mailed check,53.28,1672.37,No
CUST_01450,Female,0,No,No,69,Yes,No phone service,DSL,No,No,Yes,Yes,No,No,Two year,Yes,Electronic check,79.6,5515.04,No
CUST_01451,Female,0,Yes,No,40,Yes,No phone service,No,No internet service,No internet service,No internet service,No internet service,No internet service,No internet service,Month-to-month,Yes,Mailed check,40.47,1637.38,Yes
CUST_01452,Male,0,Yes,Yes,30,Yes,No phone service,DSL,No,Yes,No,No,Yes,Yes,Month-to-month,No,Credit card (automatic),88.1,2691.39,No
CUST_01453,Female,1,No,No,69,Yes,No phone service,Fiber optic,No,No,Yes,No,No,No,One year,No,Credit card (automatic),22.57,1597.52,No
CUST_01454,Male,0,Yes,Yes,7,No,No phone service,Fiber optic,Yes,Yes,Yes,No,No,Yes,One year,No,Mailed check,102.8,756.41,No
CUST_01455,Male,0,Yes,No,13,Yes,No,Fiber optic,Yes,No,Yes,No,No,No,One year,Yes,Mailed check,77.49,1027.9,No
CUST_01456,Male,1,Yes,Yes,4,Yes,Yes,Fiber optic,Yes,No,Yes,Yes,No,No,Month-to-month,No,Electronic check,23.96,139.92,Yes
CUST_01457,Female,1,No,Yes,50,Yes,No phone service,No,No internet service,No internet service,No internet service,No internet service,No internet service,No internet service,Month-to-month,No,Electronic check,106.92,5350.65,No
CUST_01458,Female,0,Yes,Yes,3,Yes,No phone service,Fiber optic,Yes,No,Yes,No,No,Yes,Month-to-month,No,Mailed check,107.53,329.75,Yes
CUST_01459,Female,0,No,No,12,Yes,Yes,Fiber optic,No,No,Yes,No,Yes,Yes,Two year,Yes,Bank transfer (automatic),104.99,1307.55,Yes
CUST_01460,Male,0,No,Yes,65,Yes,No,DSL,Yes,Yes,Yes,No,Yes,No,Two year,Yes,Bank transfer (automatic),96.98,6331.97,No
CUST_01461,Male,0,Yes,Yes,27,Yes,No phone service,DSL,No,No,No,Yes,No,Yes,Month-to-month,No,Bank transfer (automatic),87.15,2360.98,Yes
CUST_01462,Male,0,No,No,50,Yes,No phone service,DSL,No,No,Yes,Yes,No,Yes,Month-to-month,No,Credit card (automatic),58.48,2971.69,No
CUST_01463,Male,0,Yes,Yes,17,Yes,No phone service,No,No internet service,No internet service,No internet service,No internet service,No internet service,No internet service,Month-to-month,No,Electronic check,31.91,591.15,No
CUST_01464,Male,0,Yes,No,72,Yes,No,Fiber optic,Yes,No,Yes,Yes,Yes,Yes,Month-to-month,Yes,Mailed check,47.46,3460.84,Yes
CUST_01465,Male,0,Yes,No,32,Yes,No,No,No internet service,No internet service,No internet service,No internet service,No internet service,No internet service,Month-to-month,Yes,Credit card (automatic),53.4,1720.79,No
CUST_01466,Female,0,Yes,Yes,51,Yes,No phone service,DSL,No,No,No,Yes,No,Yes,Month-to-month,No,Credit card (automatic),54.52,2794.64,No
CUST_01467,Female,0,Yes,Yes,17,No,No phone service,Fiber optic,Yes,No,Yes,Yes,No,Yes,Two year,Yes,Electronic check,75.68,1306.91,No
CUST_01468,Female,0,No,No,34,Yes,Yes,DSL,No,No,Yes,Yes,Yes,Yes,One year,No,Mailed check,39.26,1363.64,No
CUST_01469,Female,0,No,Yes,35,Yes,Yes,Fiber optic,No,Yes,No,Yes,Yes,Yes,Month-to-month,Yes,Bank transfer (automatic),37.35,1356.7,No
CUST_01470,Male,0,No,Yes,24,Yes,No,DSL,No,No,Yes,Yes,No,No,One year,No,Electronic check,91.13,2234.93,No
CUST_01471,Male,1,No,Yes,54,Yes,Yes,DSL,Yes,No,No,Yes,No,Yes,One year,Yes,Credit card (automatic),18.77,1059.37,No
CUST_01472,Female,0,Yes,Yes,18,Yes,No phone service,Fiber optic,No,No,Yes,No,No,Yes,Month-to-month,No,Credit card (automatic),33.25,602.98,No
CUST_01473,Male,0,Yes,No,50,Yes,No,DSL,No,Yes,Yes,No,Yes,Yes,One year,No,Credit card (automatic),62.37,3156.14,No
CUST_01474,Female,0,No,No,46,Yes,Yes,Fiber optic,No,No,No,No,Yes,No,Month-to-month,No,Credit card (automatic),33.21,1571.34,Yes
CUST_01475,Female,0,Yes,Yes,48,Yes,No,Fiber optic,Yes,No,No,No,No,No,Month-to-month,Yes,Bank transfer (automatic),115.9,5579.91,No
CUST_01476,Female,1,No,No,33,Yes,No phone service,Fiber optic,Yes,No,No,No,Yes,Yes,Month-to-month,No,Mailed check,86.35,2860.55,Yes
CUST_01477,Male,0,No,Yes,27,Yes,Yes,No,No internet service,No internet service,No internet service,No internet service,No internet service,No internet service,Two year,No,Bank transfer (automatic),62.14,1715.27,No
CUST_01478,Female,0,No,Yes,1,Yes,Yes,DSL,No,No,No,No,Yes,No,One year,No,Credit card (automatic),29.45,33.99,Yes
CUST_01479,Female,0,No,Yes,59,Yes,Yes,Fiber optic,No,No,No,No,No,No,Month-to-month,No,Mailed check,57.29,3427.09,Yes
CUST_01480,Female,0,Yes,Yes,10,Yes,No phone service,No,No internet service,No internet service,No internet service,No internet service,No internet service,No internet service,Two year,Yes,Electronic check,84.36,851.42,No
CUST_01481,Male,0,Yes,No,25,Yes,No,Fiber optic,Yes,No,No,Yes,No,No,Month-to-month,Yes,Electronic check,116.82,2943.35,No
CUST_01482,Male,0,No,Yes,57,No,No phone service,DSL,No,Yes,No,No,Yes,Yes,Two year,No,Bank transfer (automatic),66.21,3823.34,No
CUST_01483,Female,0,No,No,66,Yes,No,No,No internet service,No internet service,No internet service,No internet service,No internet service,No internet service,One year,Yes,Electronic check,88.63,5898.73,No
CUST_01484,Male,0,No,Yes,15,Yes,No,DSL,No,Yes,Yes,Yes,No,No,One year,No,Credit card (automatic),37.93,607.7,No
CUST_01485,Male,0,No,No,28,Yes,No,DSL,No,No,Yes,No,No,No,Two year,Yes,Mailed check,81.61,2327.06,No
CUST_01486,Male,1,No,No,13,Yes,No phone service,DSL,No,Yes,Yes,No,Yes,Yes,One year,No,Mailed check,42.38,599.35,No
CUST_01487,Male,0,Yes,No,14,Yes,No phone service,DSL,No,No,Yes,Yes,No,Yes,Two year,No,Bank transfer (automatic),38.21,581.31,No
CUST_01488,Male,0,No,No,66,Yes,Yes,DSL,No,No,No,Yes,Yes,No,Two year,No,Mailed check,69.94,4647.18,No
CUST_01489,Male,0,No,Yes,34,Yes,Yes,DSL,Yes,No,Yes,Yes,No,No,Month-to-month,No,Electronic check,39.59,1382.78,Yes
CUST_01490,Male,1,Yes,No,25,Yes,No,Fiber optic,Yes,Yes,Yes,No,No,Yes,Month-to-month,No,Bank transfer (automatic),91.58,2319.07,No
CUST_01491,Male,0,Yes,Yes,54,Yes,No,DSL,Yes,Yes,Yes,No,No,No,Month-to-month,No,Credit card (automatic),113.61,6160.17,No
CUST_01492,Male,0,Yes,No,12,Yes,No,DSL,No,No,No,No,Yes,Yes,Month-to-month,Yes,Bank transfer (automatic),58.15,741.81,No
CUST_01493,Male,0,Yes,No,9,Yes,No phone service,Fiber optic,Yes,No,No,No,No,Yes,Month-to-month,Yes,Electronic check,50.89,494.92,Yes
CUST_01494,Female,0,Yes,No,31,Yes,No phone service,DSL,No,Yes,No,No,No,No,Month-to-month,Yes,Electronic check,35.94,1157.14,No
CUST_01495,Female,0,Yes,Yes,53,Yes,Yes,DSL,Yes,Yes,Yes,No,No,No,Month-to-month,No,Electronic check,57.82,3069.28,No
CUST_01496,Male,0,Yes,No,43,Yes,No,Fiber optic,Yes,No,Yes,No,Yes,Yes,Two year,Yes,Bank transfer (automatic),75.08,3257.38,Yes
CUST_01497,Female,0,Yes,Yes,38,Yes,No,DSL,Yes,Yes,Yes,No,Yes,No,Two year,No,Bank transfer (automatic),56.04,2146.11,No
CUST_01498,Female,0,Yes,Yes,42,Yes,No phone service,DSL,Yes,No,Yes,No,No,No,Month-to-month,Yes,Mailed check,81.55,3450.93,No
CUST_01499,Male,0,No,Yes,72,Yes,Yes,Fiber optic,Yes,Yes,Yes,No,No,No,Month-to-month,No,Bank transfer (automatic),85.57,6191.49,No
CUST_01500,Male,0,Yes,No,48,Yes,No,Fiber optic,No,Yes,Yes,Yes,No,Yes,Month-to-month,Yes,Credit card (automatic),27.98,1385.26,Yes
CUST_01501,Male,0,No,No,67,Yes,No,Fiber optic,No,Yes,No,No,No,Yes,Two year,No,Bank transfer (automatic),89.17,5976.24,Yes
CUST_01502,Female,0,No,No,66,Yes,Yes,No,No internet service,No internet service,No internet service,No internet service,No internet service,No internet service,Month-to-month,Yes,Mailed check,109.83,7257.14,Yes
CUST_01503,Female,0,No,No,16,Yes,No,Fiber optic,No,No,No,No,Yes,Yes,Two year,No,Credit card (automatic),20.68,376.92,No
CUST_01504,Male,0,No,No,16,Yes,No phone service,Fiber optic,Yes,No,No,Yes,Yes,Yes,Two year,Yes,Credit card (automatic),74.24,1236.17,No
CUST_01505,Male,0,No,No,31,Yes,Yes,DSL,Yes,No,Yes,No,Yes,Yes,Two year,No,Bank transfer (automatic),79.6,2470.22,No
CUST_01506,Male,0,No,No,58,Yes,No,Fiber optic,Yes,Yes,Yes,No,No,Yes,Month-to-month,Yes,Mailed check,90.4,5259.86,No
CUST_01507,Female,0,No,Yes,28,Yes,No,DSL,No,No,Yes,Yes,Yes,Yes,Month-to-month,Yes,Mailed check,57.35,1606.24,Yes
CUST_01508,Female,0,No,No,4,Yes,No phone service,Fiber optic,Yes,Yes,Yes,Yes,No,Yes,Two year,Yes,Credit card (automatic),101.51,443.91,No
CUST_01509,Female,0,Yes,Yes,10,Yes,No phone service,Fiber optic,Yes,No,Yes,Yes,Yes,Yes,Month-to-month,Yes,Credit card (automatic),73.07,764.79,No
CUST_01510,Female,0,No,Yes,51,Yes,No phone service,Fiber optic,No,No,Yes,Yes,No,No,One year,Yes,Mailed check,59.71,3073.53,No
CUST_01511,Male,0,No,No,18,Yes,No,No,No internet service,No internet service,No internet service,No internet service,No internet service,No internet service,Month-to-month,Yes,Electronic check,91.36,1679.14,No
CUST_01512,Male,0,No,No,47,Yes,No,No,No internet service,No internet service,No internet service,No internet service,No internet service,No internet service,Month-to-month,No,Electronic check,112.59,5318.73,No
CUST_01513,Male,0,No,Yes,32,Yes,No,DSL,No,Yes,No,No,Yes,No,Two year,Yes,Bank transfer (automatic),100.82,3238.32,No
CUST_01514,Male,0,Yes,Yes,30,Yes,Yes,DSL,No,Yes,Yes,No,Yes,Yes,One year,No,Mailed check,112.93,3425.55,No
CUST_01515,Female,0,No,No,36,Yes,No phone service,No,No internet service,No internet service,No internet service,No internet service,No internet service,No internet service,Two year,Yes,Credit card (automatic),45.13,1663.68,No
CUST_01516,Female,0,Yes,Yes,9,No,No phone service,Fiber optic,No,No,Yes,No,No,No,One year,No,Electronic check,30.09,313.51,No
CUST_01517,Male,1,Yes,Yes,36,No,No phone service,Fiber optic,No,Yes,Yes,No,No,Yes,One year,Yes,Credit card (automatic),72.5,2657.84,Yes
CUST_01518,Male,1,No,Yes,29,Yes,No,Fiber optic,No,Yes,No,Yes,No,No,Two year,No,Credit card (automatic),22.53,690.8,No
CUST_01519,Female,0,No,Yes,16,Yes,Yes,Fiber optic,No,Yes,Yes,No,No,Yes,Two year,No,Mailed check,86.81,1391.66,Yes
CUST_01520,Male,0,Yes,No,21,Yes,Yes,No,No internet service,No internet service,No internet service,No internet service,No internet service,No internet service,Two year,No,Credit card (automatic),42.48,893.13,No
CUST_01521,Female,0,No,No,64,Yes,No phone service,Fiber optic,No,No,No,Yes,Yes,No,Two year,Yes,Mailed check,64.34,4154.99,No
CUST_01522,Male,0,No,Yes,66,Yes,Yes,Fiber optic,No,No,Yes,Yes,Yes,Yes,Month-to-month,Yes,Credit card (automatic),84.87,5604.04,No
CUST_01523,Male,0,Yes,Yes,59,Yes,Yes,Fiber optic,No,No,No,No,No,No,Month-to-month,Yes,Electronic check,67.28,3985.06,No
CUST_01524,Male,0,Yes,Yes,28,Yes,No,No,No internet service,No internet service,No internet service,No internet service,No internet service,No internet service,Month-to-month,No,Mailed check,42.08,1185.0,No
CUST_01525,Male,0,No,No,55,Yes,No phone service,Fiber optic,No,No,Yes,Yes,Yes,No,Month-to-month,Yes,Credit card (automatic),107.8,5977.32,No
CUST_01526,Male,0,No,No,31,Yes,Yes,Fiber optic,No,Yes,No,Yes,Yes,No,Month-to-month,No,Bank transfer (automatic),95.98,2991.28,Yes
CUST_01527,Male,0,No,Yes,33,Yes,No,No,No internet service,No internet service,No internet service,No internet service,No internet service,No internet service,Month-to-month,Yes,Bank transfer (automatic),79.31,2619.97,No
CUST_01528,Male,0,Yes,Yes,60,Yes,Yes,Fiber optic,No,No,No,No,No,Yes,Month-to-month,No,Bank transfer (automatic),89.25,5402.55,Yes
CUST_01529,Female,0,No,Yes,41,Yes,No,DSL,Yes,Yes,Yes,Yes,No,Yes,Month-to-month,Yes,Bank transfer (automatic),60.36,2505.33,No
CUST_01530,Female,0,Yes,No,46,Yes,Yes,Fiber optic,Yes,No,Yes,Yes,Yes,No,One year,Yes,Electronic check,56.34,2593.49,Yes
CUST_01531,Female,0,Yes,Yes,49,Yes,No,Fiber optic,No,No,No,No,Yes,No,Month-to-month,Yes,Electronic check,34.33,1723.91,Yes
CUST_01532,Female,0,No,Yes,65,Yes,No,DSL,No,Yes,Yes,Yes,Yes,Yes,One year,No,Bank transfer (automatic),99.97,6505.44,No
CUST_01533,Female,0,Yes,Yes,42,Yes,No phone service,Fiber optic,Yes,Yes,No,Yes,Yes,No,Month-to-month,No,Credit card (automatic),56.87,2428.52,No
CUST_01534,Male,1,No,Yes,23,Yes,No,Fiber optic,Yes,No,Yes,No,Yes,No,One year,Yes,Electronic check,88.62,2068.33,No
CUST_01535,Male,0,No,Yes,27,No,No phone service,Fiber optic,No,No,No,Yes,Yes,No,Two year,Yes,Bank transfer (automatic),48.59,1320.9,No
CUST_01536,Female,1,Yes,No,32,Yes,No,Fiber optic,No,Yes,No,Yes,No,No,Month-to-month,No,Electronic check,99.19,3211.74,Yes
CUST_01537,Male,1,No,No,3,No,No phone service,Fiber optic,Yes,Yes,No,Yes,Yes,No,Two year,No,Electronic check,28.73,108.93,No
CUST_01538,Female,0,Yes,No,60,Yes,Yes,No,No internet service,No internet service,No internet service,No internet service,No internet service,No internet service,One year,Yes,Credit card (automatic),81.75,4936.99,Yes
CUST_01539,Female,0,Yes,Yes,17,Yes,Yes,DSL,Yes,Yes,Yes,Yes,Yes,Yes,Month-to-month,Yes,Credit card (automatic),100.37,1749.84,No
CUST_01540,Male,0,No,No,32,Yes,No,DSL,No,No,No,Yes,Yes,No,Month-to-month,Yes,Mailed check,85.35,2744.07,Yes
CUST_01541,Male,1,No,Yes,7,Yes,Yes,Fiber optic,Yes,No,Yes,No,Yes,Yes,Two year,No,Credit card (automatic),89.0,641.33,No
CUST_01542,Male,0,No,No,71,Yes,No,Fiber optic,No,Yes,Yes,Yes,Yes,No,One year,No,Bank transfer (automatic),71.65,5137.08,No
CUST_01543,Female,0,No,No,69,Yes,No,DSL,No,Yes,Yes,Yes,Yes,No,Month-to-month,Yes,Mailed check,75.02,5201.87,No
CUST_01544,Male,0,Yes,Yes,58,Yes,No,DSL,Yes,No,No,No,Yes,Yes,Two year,No,Bank transfer (automatic),24.72,1461.75,No
CUST_01545,Female,0,Yes,Yes,40,Yes,Yes,Fiber optic,No,Yes,No,No,Yes,No,Two year,Yes,Credit card (automatic),43.58,1757.55,Yes
CUST_01546,Female,0,Yes,Yes,48,Yes,No phone service,DSL,Yes,Yes,Yes,No,Yes,Yes,One year,Yes,Credit card (automatic),91.64,4419.36,No
CUST_01547,Female,0,No,No,51,No,No phone service,Fiber optic,Yes,Yes,Yes,Yes,No,Yes,Two year,No,Electronic check,114.43,5861.16,No
CUST_01548,Male,0,Yes,Yes,57,Yes,No,Fiber optic,Yes,Yes,Yes,No,Yes,Yes,Two year,Yes,Bank transfer (automatic),73.26,4188.84,No
CUST_01549,Male,1,Yes,No,71,No,No phone service,Fiber optic,No,Yes,No,No,Yes,Yes,Month-to-month,Yes,Mailed check,92.01,6544.64,No
CUST_01550,Female,0,No,No,37,Yes,Yes,DSL,Yes,No,No,No,No,No,One year,Yes,Credit card (automatic),87.73,3275.85,No
CUST_01551,Male,1,No,No,55,Yes,No phone service,Fiber optic,No,Yes,No,Yes,Yes,No,Two year,No,Mailed check,119.94,6605.73,Yes
CUST_01552,Male,0,No,Yes,41,Yes,No phone service,Fiber optic,Yes,Yes,Yes,No,Yes,No,Month-to-month,Yes,Credit card (automatic),99.09,4090.38,No
CUST_01553,Male,0,Yes,Yes,20,Yes,No phone service,No,No internet service,No internet service,No internet service,No internet service,No internet service,No internet service,Month-to-month,No,Credit card (automatic),82.02,1675.71,No
CUST_01554,Female,0,No,Yes,33,No,No phone service,No,No internet service,No internet service,No internet service,No internet service,No internet service,No internet service,Month-to-month,No,Electronic check,29.75,991.54,No
CUST_01555,Female,0,Yes,No,40,Yes,Yes,DSL,Yes,No,No,No,No,Yes,Month-to-month,Yes,Mailed check,54.99,2236.95,No
CUST_01556,Male,0,Yes,No,34,Yes,Yes,DSL,No,No,No,Yes,Yes,No,Month-to-month,No,Credit card (automatic),43.57,1499.41,Yes
CUST_01557,Female,0,Yes,Yes,62,No,No phone service,DSL,No,Yes,Yes,Yes,Yes,Yes,Two year,Yes,Credit card (automatic),105.07,6564.27,No
CUST_01558,Male,0,Yes,No,19,No,No phone service,DSL,No,No,Yes,Yes,Yes,No,Two year,No,Electronic check,63.51,1255.64,No
CUST_01559,Male,1,Yes,No,43,Yes,No,Fiber optic,No,Yes,Yes,Yes,Yes,No,Month-to-month,No,Credit card (automatic),72.6,3161.75,No
CUST_01560,Male,1,No,No,69,Yes,No,Fiber optic,No,Yes,Yes,Yes,Yes,Yes,One year,Yes,Electronic check,116.41,8049.56,Yes
CUST_01561,Male,0,Yes,Yes,63,Yes,No,DSL,No,No,No,No,No,No,One year,Yes,Electronic check,103.34,6557.39,No
CUST_01562,Female,0,No,No,10,No,No phone service,Fiber optic,Yes,No,Yes,Yes,No,No,Month-to-month,No,Electronic check,98.56,1035.56,Yes
CUST_01563,Female,0,Yes,No,13,Yes,Yes,No,No internet service,No internet service,No internet service,No internet service,No internet service,No internet service,Month-to-month,No,Credit card (automatic),32.51,445.7,No
CUST_01564,Female,0,Yes,Yes,5,Yes,Yes,Fiber optic,No,No,Yes,Yes,No,Yes,Month-to-month,Yes,Electronic check,20.32,132.34,Yes
CUST_01565,Male,1,No,Yes,58,Yes,No phone service,DSL,No,Yes,Yes,Yes,No,No,One year,Yes,Mailed check,30.81,1787.04,No
CUST_01566,Male,0,Yes,Yes,59,Yes,No phone service,Fiber optic,No,No,Yes,No,No,No,Month-to-month,No,Mailed check,93.51,5519.2,No
CUST_01567,Male,0,Yes,Yes,59,No,No phone service,Fiber optic,No,Yes,No,No,Yes,Yes,Month-to-month,No,Mailed check,59.89,3558.73,No
CUST_01568,Female,1,No,Yes,15,Yes,No phone service,No,No internet service,No internet service,No internet service,No internet service,No internet service,No internet service,Month-to-month,Yes,Mailed check,29.98,480.19,No
CUST_01569,Male,0,No,Yes,1,Yes,No phone service,DSL,Yes,No,No,Yes,No,Yes,Two year,Yes,Electronic check,93.38,109.0,No
CUST_01570,Female,0,Yes,No,38,Yes,No phone service,Fiber optic,Yes,No,No,No,No,Yes,Two year,No,Bank transfer (automatic),37.85,1443.16,No
CUST_01571,Female,0,Yes,No,53,Yes,No,Fiber optic,No,Yes,No,Yes,Yes,No,Month-to-month,Yes,Credit card (automatic),78.08,4177.48,Yes
CUST_01572,Female,0,Yes,No,52,Yes,No phone service,Fiber optic,Yes,No,Yes,Yes,No,Yes,Two year,No,Credit card (automatic),93.64,4890.08,No
CUST_01573,Female,0,No,No,1,No,No phone service,Fiber optic,No,Yes,Yes,No,Yes,No,Month-to-month,Yes,Bank transfer (automatic),80.02,112.46,Yes
CUST_01574,Female,0,Yes,Yes,11,Yes,No,DSL,Yes,Yes,No,No,Yes,No,One year,No,Bank transfer (automatic),119.35,1345.37,No
CUST_01575,Female,0,No,No,58,Yes,Yes,Fiber optic,No,Yes,Yes,Yes,No,Yes,Month-to-month,Yes,Credit card (automatic),62.28,3639.85,No
CUST_01576,Male,0,No,Yes,40,Yes,No,DSL,Yes,Yes,No,No,Yes,No,Month-to-month,No,Credit card (automatic),49.8,2001.09,No
CUST_01577,Male,0,Yes,Yes,60,Yes,Yes,DSL,Yes,Yes,No,Yes,No,No,Two year,No,Bank transfer (automatic),38.52,2342.13,No
CUST_01578,Female,0,No,No,44,Yes,No phone service,Fiber optic,No,Yes,Yes,Yes,No,No,Two year,Yes,Mailed check,69.39,3069.07,No
CUST_01579,Female,0,Yes,No,6,Yes,No,DSL,No,Yes,Yes,Yes,No,Yes,Month-to-month,No,Electronic check,104.95,670.67,No
CUST_01580,Male,0,Yes,Yes,28,Yes,Yes,DSL,Yes,Yes,No,Yes,Yes,Yes,Month-to-month,Yes,Credit card (automatic),114.59,3218.05,No
CUST_01581,Female,0,No,Yes,31,Yes,No,Fiber optic,No,Yes,Yes,No,No,No,Month-to-month,Yes,Credit card (automatic),117.15,3646.19,Yes
CUST_01582,Female,0,No,Yes,8,No,No phone service,Fiber optic,No,No,No,No,Yes,No,Two year,Yes,Credit card (automatic),72.2,599.62,No
CUST_01583,Male,0,No,Yes,5,Yes,No phone service,DSL,No,No,No,No,No,Yes,Month-to-month,Yes,Mailed check,79.74,435.68,No
CUST_01584,Female,0,No,No,54,Yes,No,Fiber optic,No,No,Yes,Yes,Yes,Yes,One year,Yes,Mailed check,77.32,4211.16,No
CUST_01585,Female,0,No,Yes,17,Yes,No,DSL,No,Yes,No,No,No,No,Two year,No,Credit card (automatic),65.53,1130.85,No
CUST_01586,Female,0,No,No,38,Yes,Yes,DSL,No,Yes,Yes,Yes,No,No,Month-to-month,Yes,Mailed check,33.53,1299.62,Yes
CUST_01587,Male,0,Yes,Yes,9,Yes,Yes,Fiber optic,Yes,No,Yes,No,Yes,No,Two year,Yes,Credit card (automatic),24.68,233.8,Yes
CUST_01588,Male,0,Yes,Yes,14,Yes,No phone service,DSL,No,No,No,Yes,Yes,Yes,Month-to-month,Yes,Electronic check,62.54,914.04,No
CUST_01589,Male,0,Yes,Yes,26,Yes,Yes,No,No internet service,No internet service,No internet service,No internet service,No internet service,No internet service,One year,No,Mailed check,36.99,971.55,No
CUST_01590,Female,0,No,No,62,No,No phone service,DSL,Yes,No,No,No,Yes,Yes,Two year,Yes,Electronic check,108.44,6764.15,No
CUST_01591,Female,0,No,Yes,25,Yes,Yes,Fiber optic,Yes,Yes,Yes,Yes,No,No,Month-to-month,Yes,Bank transfer (automatic),95.69,2439.18,No
CUST_01592,Male,0,No,No,36,Yes,No phone service,No,No internet service,No internet service,No internet service,No internet service,No internet service,No internet service,Month-to-month,No,Credit card (automatic),81.08,2968.37,No
CUST_01593,Female,0,Yes,No,33,Yes,No phone service,No,No internet service,No internet service,No internet service,No internet service,No internet service,No internet service,Two year,Yes,Mailed check,22.84,796.44,No
CUST_01594,Female,1,Yes,No,3,Yes,No,Fiber optic,Yes,Yes,No,No,Yes,Yes,Month-to-month,Yes,Electronic check,81.47,255.49,No
CUST_01595,Female,0,No,Yes,11,Yes,No phone service,No,No internet service,No internet service,No internet service,No internet service,No internet service,No internet service,One year,No,Mailed check,81.35,915.67,No
CUST_01596,Female,0,No,No,58,Yes,Yes,No,No internet service,No internet service,No internet service,No internet service,No internet service,No internet service,Month-to-month,No,Bank transfer (automatic),62.8,3646.82,No
CUST_01597,Female,0,No,No,64,Yes,No,DSL,Yes,No,No,Yes,No,Yes,Month-to-month,No,Electronic check,85.09,5454.04,Yes
CUST_01598,Male,0,No,Yes,18,No,No phone service,Fiber optic,Yes,Yes,No,Yes,No,No,One year,No,Bank transfer (automatic),105.51,1901.62,No
CUST_01599,Female,0,Yes,Yes,47,Yes,No phone service,DSL,Yes,Yes,Yes,No,Yes,Yes,One year,Yes,Bank transfer (automatic),95.31,4511.84,No
CUST_01600,Male,0,Yes,No,44,Yes,Yes,Fiber optic,Yes,No,No,No,No,Yes,Month-to-month,No,Electronic check,66.29,2943.43,Yes
CUST_01601,Female,0,Yes,No,59,Yes,Yes,Fiber optic,Yes,No,No,Yes,Yes,Yes,One year,No,Mailed check,44.75,2686.28,No
CUST_01602,Male,0,No,Yes,50,Yes,No phone service,DSL,No,No,No,Yes,No,No,Month-to-month,No,Electronic check,66.74,3360.12,Yes
CUST_01603,Female,0,Yes,No,69,Yes,No,Fiber optic,No,Yes,Yes,Yes,Yes,Yes,Month-to-month,No,Bank transfer (automatic),114.49,7931.86,No
CUST_01604,Male,0,No,No,29,Yes,Yes,DSL,Yes,Yes,No,Yes,No,Yes,Month-to-month,Yes,Credit card (automatic),101.64,2967.6,No
CUST_01605,Female,0,No,No,67,Yes,No phone service,No,No internet service,No internet service,No internet service,No internet service,No internet service,No internet service,One year,Yes,Electronic check,20.76,1432.26,No
CUST_01606,Male,0,No,Yes,2,Yes,No phone service,DSL,No,No,Yes,No,No,Yes,Month-to-month,Yes,Credit card (automatic),97.86,242.04,No
CUST_01607,Female,1,Yes,No,25,No,No phone service,Fiber optic,No,No,Yes,No,Yes,Yes,One year,Yes,Mailed check,35.4,906.51,Yes
CUST_01608,Male,0,Yes,Yes,19,Yes,No,DSL,Yes,Yes,Yes,No,Yes,No,One year,Yes,Electronic check,76.25,1452.95,No
CUST_01609,Female,1,No,Yes,40,Yes,No,DSL,Yes,No,Yes,Yes,Yes,Yes,Month-to-month,Yes,Credit card (automatic),100.26,4018.77,No
CUST_01610,Male,0,Yes,Yes,2,Yes,No,Fiber optic,No,No,No,Yes,No,Yes,One year,No,Bank transfer (automatic),75.25,186.53,No
CUST_01611,Male,0,No,No,65,Yes,Yes,DSL,Yes,Yes,No,Yes,Yes,No,Two year,Yes,Mailed check,59.19,3863.86,No
CUST_01612,Female,0,No,Yes,62,Yes,Yes,Fiber optic,No,Yes,Yes,No,Yes,Yes,Month-to-month,No,Credit card (automatic),50.77,3186.97,Yes
CUST_01613,Female,0,No,No,54,Yes,Yes,No,No internet service,No internet service,No internet service,No internet service,No internet service,No internet service,Two year,Yes,Mailed check,49.12,2689.98,No
CUST_01614,Male,0,Yes,Yes,45,Yes,No,DSL,No,No,No,No,No,No,Month-to-month,Yes,Electronic check,103.42,4688.51,No
CUST_01615,Female,0,Yes,No,49,Yes,No,No,No internet service,No internet service,No internet service,No internet service,No internet service,No internet service,Two year,No,Credit card (automatic),102.16,5046.32,Yes
CUST_01616,Male,0,No,No,69,Yes,Yes,DSL,Yes,Yes,No,Yes,Yes,Yes,One year,Yes,Electronic check,101.98,7074.75,No
CUST_01617,Male,1,Yes,No,38,Yes,Yes,DSL,No,No,Yes,Yes,Yes,Yes,One year,Yes,Electronic check,46.84,1811.49,No
CUST_01618,Male,0,Yes,Yes,4,Yes,Yes,DSL,No,Yes,No,No,Yes,No,Two year,No,Bank transfer (automatic),99.49,398.17,Yes
CUST_01619,Female,0,Yes,No,17,Yes,No,No,No internet service,No internet service,No internet service,No internet service,No internet service,No internet service,Month-to-month,Yes,Credit card (automatic),21.74,395.31,Yes
CUST_01620,Male,0,Yes,No,53,Yes,No phone service,DSL,No,No,Yes,Yes,No,No,Month-to-month,Yes,Credit card (automatic),39.06,2099.87,No
CUST_01621,Male,0,No,Yes,53,Yes,No phone service,No,No internet service,No internet service,No internet service,No internet service,No internet service,No internet service,Month-to-month,Yes,Credit card (automatic),70.48,3783.44,No
CUST_01622,Female,0,Yes,Yes,31,No,No phone service,No,No internet service,No internet service,No internet service,No internet service,No internet service,No internet service,One year,No,Mailed check,59.49,1876.66,No
CUST_01623,Female,0,No,No,22,Yes,Yes,DSL,No,No,No,Yes,Yes,Yes,Two year,No,Mailed check,29.41,675.85,Yes
CUST_01624,Female,1,No,Yes,11,Yes,Yes,Fiber optic,No,No,Yes,Yes,No,No,Month-to-month,Yes,Mailed check,22.26,271.87,Yes
CUST_01625,Female,0,Yes,Yes,34,No,No phone service,Fiber optic,Yes,Yes,No,No,No,No,Month-to-month,No,Mailed check,80.34,2736.71,No
CUST_01626,Male,0,No,Yes,15,Yes,Yes,DSL,Yes,No,No,Yes,Yes,No,One year,No,Credit card (automatic),49.98,771.01,No
CUST_01627,Male,0,No,No,10,Yes,No,DSL,Yes,No,No,Yes,Yes,Yes,Month-to-month,No,Credit card (automatic),19.63,203.0,Yes
CUST_01628,Male,1,Yes,Yes,53,Yes,No phone service,Fiber optic,Yes,Yes,No,No,Yes,Yes,Month-to-month,Yes,Mailed check,61.95,3286.05,No
CUST_01629,Male,0,No,No,48,No,No phone service,Fiber optic,No,Yes,No,Yes,No,Yes,Month-to-month,No,Bank transfer (automatic),49.29,2382.41,Yes
CUST_01630,Female,0,No,Yes,31,Yes,No,Fiber optic,No,No,Yes,Yes,No,Yes,One year,Yes,Credit card (automatic),76.81,2413.5,No
CUST_01631,Male,0,Yes,Yes,37,Yes,Yes,DSL,Yes,No,No,No,Yes,No,Month-to-month,No,Mailed check,112.84,4218.46,Yes
CUST_01632,Male,0,Yes,No,28,No,No phone service,DSL,Yes,Yes,No,No,No,Yes,Month-to-month,Yes,Electronic check,49.4,1423.78,No
CUST_01633,Female,0,Yes,Yes,31,Yes,No,No,No internet service,No internet service,No internet service,No internet service,No internet service,No internet service,One year,Yes,Bank transfer (automatic),119.71,3725.68,No
CUST_01634,Male,0,Yes,Yes,70,Yes,Yes,DSL,No,Yes,No,No,Yes,No,Two year,No,Credit card (automatic),26.78,1876.66,No
CUST_01635,Male,0,Yes,Yes,14,Yes,No phone service,Fiber optic,Yes,Yes,No,No,Yes,No,Month-to-month,No,Bank transfer (automatic),27.0,398.2,No
CUST_01636,Male,0,No,Yes,16,Yes,No,DSL,No,Yes,Yes,No,Yes,Yes,One year,Yes,Mailed check,90.72,1467.29,No
CUST_01637,Male,0,No,No,25,No,No phone service,No,No internet service,No internet service,No internet service,No internet service,No internet service,No internet service,One year,Yes,Electronic check,94.36,2377.57,No
CUST_01638,Male,0,Yes,No,39,Yes,No phone service,No,No internet service,No internet service,No internet service,No internet service,No internet service,No internet service,Two year,No,Electronic check,61.13,2412.14,No
CUST_01639,Male,0,Yes,No,66,Yes,No,DSL,No,Yes,Yes,Yes,No,No,One year,No,Mailed check,47.18,3115.19,No
CUST_01640,Female,0,No,No,38,Yes,No,DSL,Yes,Yes,No,Yes,No,No,One year,Yes,Bank transfer (automatic),98.99,3780.09,No
CUST_01641,Female,0,Yes,No,41,Yes,No phone service,Fiber optic,Yes,No,No,No,No,No,Two year,No,Credit card (automatic),115.54,4764.92,No
CUST_01642,Male,0,Yes,No,40,Yes,No phone service,DSL,Yes,No,Yes,No,No,No,Month-to-month,No,Mailed check,118.97,4780.35,No
CUST_01643,Male,0,No,No,64,Yes,No,Fiber optic,No,Yes,Yes,No,No,No,One year,No,Bank transfer (automatic),82.71,5327.08,No
CUST_01644,Female,0,No,Yes,16,Yes,Yes,Fiber optic,No,Yes,No,Yes,Yes,Yes,One year,Yes,Mailed check,93.49,1505.17,No
CUST_01645,Male,1,No,No,59,Yes,Yes,DSL,No,No,No,No,No,Yes,Month-to-month,Yes,Electronic check,101.87,6017.97,Yes
CUST_01646,Male,0,Yes,No,11,No,No phone service,DSL,Yes,No,No,Yes,Yes,Yes,Month-to-month,Yes,Credit card (automatic),99.48,1109.73,Yes
CUST_01647,Male,0,No,No,1,Yes,Yes,Fiber optic,No,No,Yes,No,Yes,Yes,Month-to-month,Yes,Mailed check,119.33,124.41,No
CUST_01648,Female,0,Yes,Yes,13,Yes,No,Fiber optic,No,Yes,Yes,Yes,Yes,Yes,Month-to-month,No,Electronic check,100.66,1320.45,Yes
CUST_01649,Male,0,No,No,30,No,No phone service,DSL,Yes,No,No,No,Yes,Yes,One year,No,Mailed check,85.58,2571.82,No
CUST_01650,Female,0,Yes,No,69,Yes,No phone service,Fiber optic,No,Yes,No,No,No,Yes,Two year,Yes,Electronic check,56.37,3909.91,No
CUST_01651,Male,0,Yes,No,18,No,No phone service,Fiber optic,No,Yes,No,Yes,No,No,Month-to-month,Yes,Electronic check,78.99,1457.48,Yes
CUST_01652,Female,0,Yes,Yes,13,Yes,No,Fiber optic,Yes,No,No,No,Yes,Yes,Month-to-month,Yes,Credit card (automatic),107.8,1415.68,No
CUST_01653,Female,0,No,No,32,Yes,Yes,DSL,No,Yes,No,No,Yes,No,Two year,No,Electronic check,49.16,1573.27,Yes
CUST_01654,Male,0,No,Yes,71,Yes,Yes,DSL,No,Yes,No,Yes,Yes,Yes,One year,Yes,Credit card (automatic),21.13,1527.84,No
CUST_01655,Female,0,No,Yes,72,Yes,No,No,No internet service,No internet service,No internet service,No internet service,No internet service,No internet service,Two year,No,Credit card (automatic),51.37,3733.42,No
CUST_01656,Male,0,Yes,Yes,50,Yes,Yes,No,No internet service,No internet service,No internet service,No internet service,No internet service,No internet service,Month-to-month,Yes,Electronic check,115.94,5816.74,Yes
CUST_01657,Female,0,No,Yes,71,Yes,No,Fiber optic,No,Yes,No,No,Yes,No,Two year,No,Electronic check,98.99,7043.49,No
CUST_01658,Male,1,No,No,31,Yes,Yes,DSL,No,No,Yes,No,No,Yes,Two year,No,Credit card (automatic),37.09,1174.27,No
CUST_01659,Male,1,Yes,Yes,51,Yes,No,Fiber optic,Yes,Yes,Yes,No,No,Yes,Month-to-month,No,Mailed check,19.22,985.49,No
CUST_01660,Female,0,Yes,Yes,27,Yes,Yes,No,No internet service,No internet service,No internet service,No internet service,No internet service,No internet service,Month-to-month,Yes,Mailed check,86.25,2360.95,No
CUST_01661,Male,0,No,No,60,Yes,No phone service,DSL,Yes,No,No,No,No,Yes,Month-to-month,Yes,Mailed check,77.06,4660.2,No
CUST_01662,Male,0,No,Yes,33,Yes,No phone service,DSL,No,Yes,Yes,Yes,Yes,Yes,Month-to-month,Yes,Bank transfer (automatic),26.46,908.55,No
CUST_01663,Female,0,No,Yes,53,Yes,No,Fiber optic,Yes,Yes,Yes,No,No,No,Two year,Yes,Electronic check,116.53,6192.61,Yes
CUST_01664,Male,0,Yes,Yes,72,Yes,No,No,No internet service,No internet service,No internet service,No internet service,No internet service,No internet service,Month-to-month,Yes,Credit card (automatic),81.01,5875.21,Yes
CUST_01665,Male,0,No,Yes,33,Yes,No,DSL,Yes,No,Yes,Yes,Yes,No,Two year,No,Bank transfer (automatic),84.46,2834.36,No
CUST_01666,Female,0,Yes,Yes,41,Yes,No phone service,Fiber optic,No,Yes,No,No,No,Yes,Two year,No,Electronic check,105.07,4322.6,Yes
CUST_01667,Female,0,Yes,Yes,19,Yes,No,Fiber optic,Yes,Yes,No,Yes,Yes,Yes,Month-to-month,Yes,Credit card (automatic),52.38,1008.36,Yes
CUST_01668,Male,0,No,No,41,Yes,Yes,Fiber optic,No,Yes,Yes,No,Yes,No,One year,Yes,Electronic check,74.94,3107.82,No
CUST_01669,Male,0,No,No,42,Yes,No,Fiber optic,Yes,No,No,Yes,Yes,No,Month-to-month,No,Mailed check,76.77,3259.8,No
CUST_01670,Female,0,Yes,No,23,Yes,No,Fiber optic,Yes,Yes,No,No,Yes,Yes,Month-to-month,No,Bank transfer (automatic),116.67,2708.94,No
CUST_01671,Female,0,Yes,No,33,Yes,Yes,DSL,Yes,Yes,No,Yes,Yes,Yes,Two year,Yes,Credit card (automatic),31.41,1082.75,No
CUST_01672,Male,1,No,Yes,20,Yes,Yes,DSL,Yes,Yes,Yes,No,No,Yes,Month-to-month,Yes,Electronic check,95.41,1915.5,Yes
CUST_01673,Female,0,No,Yes,25,Yes,No phone service,Fiber optic,No,Yes,Yes,Yes,Yes,Yes,Month-to-month,Yes,Credit card (automatic),76.67,1940.5,No
CUST_01674,Male,0,No,Yes,52,Yes,Yes,DSL,Yes,No,No,Yes,No,Yes,Two year,Yes,Credit card (automatic),104.23,5421.65,No
CUST_01675,Male,1,Yes,No,12,Yes,Yes,Fiber optic,Yes,No,Yes,Yes,Yes,No,One year,No,Credit card (automatic),102.86,1236.94,Yes
CUST_01676,Male,1,Yes,No,32,Yes,No,Fiber optic,Yes,Yes,Yes,Yes,Yes,No,One year,Yes,Mailed check,19.23,617.95,No
CUST_01677,Male,0,No,Yes,33,Yes,No phone service,DSL,No,Yes,Yes,Yes,Yes,Yes,Two year,No,Credit card (automatic),44.16,1481.82,No
CUST_01678,Male,0,Yes,Yes,68,Yes,Yes,Fiber optic,Yes,No,No,Yes,No,Yes,Month-to-month,Yes,Bank transfer (automatic),36.44,2507.6,No
CUST_01679,Female,0,Yes,No,15,Yes,No phone service,Fiber optic,Yes,Yes,No,No,Yes,Yes,Two year,No,Bank transfer (automatic),65.09,976.59,No
CUST_01680,Female,0,No,No,51,Yes,Yes,DSL,No,No,No,No,No,Yes,Two year,Yes,Electronic check,110.34,5658.93,No
CUST_01681,Female,0,Yes,No,6,Yes,No phone service,Fiber optic,No,No,Yes,Yes,No,Yes,Month-to-month,Yes,Electronic check,18.51,135.55,Yes
CUST_01682,Female,0,No,No,69,No,No phone service,No,No internet service,No internet service,No internet service,No internet service,No internet service,No internet service,One year,No,Credit card (automatic),67.8,4689.09,No
CUST_01683,Male,0,No,Yes,69,Yes,No,Fiber optic,Yes,No,No,Yes,Yes,Yes,Month-to-month,No,Mailed check,108.25,7469.93,No
CUST_01684,Male,0,Yes,No,35,Yes,No phone service,Fiber optic,Yes,Yes,Yes,No,No,Yes,Month-to-month,No,Bank transfer (automatic),112.47,3944.38,Yes
CUST_01685,Male,0,Yes,No,34,Yes,No phone service,DSL,Yes,No,Yes,Yes,Yes,No,Month-to-month,No,Credit card (automatic),85.04,2921.53,Yes
CUST_01686,Male,0,No,Yes,63,Yes,Yes,DSL,No,Yes,Yes,Yes,Yes,Yes,One year,Yes,Bank transfer (automatic),102.63,6498.93,Yes
CUST_01687,Female,0,Yes,Yes,68,Yes,No phone service,DSL,Yes,Yes,Yes,Yes,Yes,No,Two year,No,Electronic check,51.05,3504.09,Yes
CUST_01688,Male,0,No,Yes,18,Yes,Yes,Fiber optic,Yes,No,No,No,Yes,No,One year,Yes,Mailed check,47.17,856.68,Yes
CUST_01689,Male,0,Yes,No,26,Yes,No phone service,DSL,Yes,No,No,Yes,Yes,Yes,Two year,Yes,Bank transfer (automatic),23.01,643.83,No
CUST_01690,Female,0,Yes,No,61,Yes,No phone service,DSL,No,No,Yes,No,Yes,Yes,Month-to-month,Yes,Electronic check,69.33,4249.47,No
CUST_01691,Female,0,Yes,No,48,Yes,No,Fiber optic,No,Yes,No,Yes,No,No,Month-to-month,Yes,Bank transfer (automatic),64.49,3134.15,Yes
CUST_01692,Female,1,No,No,72,Yes,No,DSL,Yes,No,No,Yes,Yes,Yes,Two year,Yes,Credit card (automatic),55.94,4035.67,No
CUST_01693,Female,0,Yes,Yes,31,Yes,No phone service,DSL,No,No,No,No,Yes,Yes,Two year,Yes,Bank transfer (automatic),29.56,939.89,No
CUST_01694,Male,0,No,Yes,34,Yes,No,Fiber optic,Yes,No,Yes,Yes,No,Yes,Month-to-month,No,Bank transfer (automatic),41.54,1438.36,No
CUST_01695,Male,0,No,No,7,Yes,No phone service,DSL,Yes,Yes,No,Yes,No,No,One year,Yes,Credit card (automatic),38.77,309.94,No
CUST_01696,Female,0,No,No,7,Yes,Yes,Fiber optic,No,No,Yes,Yes,Yes,Yes,Month-to-month,Yes,Mailed check,114.28,831.07,Yes
CUST_01697,Male,0,Yes,No,47,Yes,No phone service,DSL,No,No,No,No,Yes,No,Month-to-month,No,Mailed check,116.58,5499.18,No
CUST_01698,Male,0,No,Yes,8,Yes,No phone service,DSL,No,No,No,No,No,Yes,Two year,Yes,Credit card (automatic),18.35,160.92,No
CUST_01699,Male,0,No,No,1,Yes,No,No,No internet service,No internet service,No internet service,No internet service,No internet service,No internet service,One year,No,Mailed check,35.4,84.04,No
CUST_01700,Female,0,Yes,Yes,3,Yes,No,No,No internet service,No internet service,No internet service,No internet service,No internet service,No internet service,Month-to-month,Yes,Mailed check,108.66,340.19,No
CUST_01701,Male,0,No,No,53,Yes,Yes,No,No internet service,No internet service,No internet service,No internet service,No internet service,No internet service,Month-to-month,Yes,Credit card (automatic),21.91,1167.74,No
CUST_01702,Female,0,No,Yes,38,Yes,Yes,No,No internet service,No internet service,No internet service,No internet service,No internet service,No internet service,Month-to-month,No,Bank transfer (automatic),114.23,4355.84,No
CUST_01703,Male,0,Yes,Yes,51,Yes,Yes,Fiber optic,Yes,Yes,No,Yes,Yes,Yes,Two year,No,Mailed check,56.77,2911.44,No
CUST_01704,Male,1,No,No,15,Yes,No phone service,Fiber optic,Yes,Yes,No,Yes,No,Yes,Month-to-month,Yes,Electronic check,72.95,1100.58,No
CUST_01705,Male,0,Yes,Yes,67,Yes,Yes,Fiber optic,Yes,Yes,No,Yes,No,No,Two year,No,Electronic check,95.91,6461.35,Yes
CUST_01706,Female,0,No,Yes,64,Yes,Yes,Fiber optic,No,No,No,No,No,No,Two year,Yes,Credit card (automatic),42.88,2775.17,No
CUST_01707,Male,0,No,No,68,Yes,No,Fiber optic,No,No,Yes,No,No,Yes,Month-to-month,No,Electronic check,28.27,1938.11,No
CUST_01708,Female,0,Yes,Yes,5,Yes,No,DSL,No,Yes,Yes,No,No,Yes,Two year,No,Electronic check,100.61,552.72,No
CUST_01709,Female,0,No,No,10,No,No phone service,No,No internet service,No internet service,No internet service,No internet service,No internet service,No internet service,One year,Yes,Credit card (automatic),118.43,1217.07,No
CUST_01710,Female,0,No,Yes,8,Yes,Yes,Fiber optic,No,Yes,Yes,Yes,Yes,Yes,Month-to-month,No,Electronic check,85.2,716.72,Yes
CUST_01711,Male,0,No,Yes,12,Yes,No phone service,No,No internet service,No internet service,No internet service,No internet service,No internet service,No internet service,Month-to-month,Yes,Electronic check,102.17,1253.93,Yes
CUST_01712,Male,0,Yes,Yes,64,Yes,No phone service,DSL,No,No,Yes,No,Yes,No,Two year,Yes,Bank transfer (automatic),114.01,7324.47,No
CUST_01713,Male,0,Yes,Yes,59,Yes,No,DSL,No,No,Yes,No,No,Yes,Month-to-month,No,Credit card (automatic),41.32,2438.59,No
CUST_01714,Male,0,Yes,No,67,Yes,Yes,DSL,Yes,Yes,No,Yes,No,Yes,One year,No,Mailed check,53.74,3639.22,No
CUST_01715,Female,0,Yes,No,50,Yes,Yes,Fiber optic,No,Yes,Yes,Yes,Yes,Yes,Month-to-month,Yes,Credit card (automatic),40.34,2062.57,Yes
CUST_01716,Female,0,Yes,No,23,Yes,Yes,DSL,Yes,Yes,Yes,Yes,No,No,Month-to-month,No,Electronic check,24.3,565.06,No
CUST_01717,Female,0,No,Yes,40,Yes,Yes,DSL,Yes,No,No,Yes,Yes,No,Two year,Yes,Electronic check,92.69,3747.47,Yes
CUST_01718,Male,0,Yes,Yes,18,Yes,Yes,DSL,Yes,Yes,Yes,No,No,Yes,Two year,No,Mailed check,32.86,618.14,No
CUST_01719,Female,0,Yes,No,21,Yes,No phone service,DSL,Yes,No,Yes,No,No,Yes,Month-to-month,No,Mailed check,27.46,590.85,No
CUST_01720,Male,0,Yes,No,1,Yes,No phone service,Fiber optic,Yes,No,Yes,Yes,No,No,Month-to-month,No,Bank transfer (automatic),54.48,100.52,No
CUST_01721,Female,0,No,No,38,Yes,Yes,No,No internet service,No internet service,No internet service,No internet service,No internet service,No internet service,One year,No,Electronic check,24.18,919.58,No
CUST_01722,Male,0,No,No,41,Yes,No phone service,DSL,No,No,No,Yes,Yes,No,Month-to-month,No,Electronic check,36.31,1502.62,No
CUST_01723,Male,1,Yes,Yes,42,Yes,No phone service,Fiber optic,Yes,Yes,Yes,No,Yes,No,Two year,Yes,Electronic check,25.13,1099.94,Yes
CUST_01724,Female,0,No,No,9,Yes,Yes,DSL,No,No,No,No,Yes,No,Month-to-month,Yes,Bank transfer (automatic),107.48,991.39,No
CUST_01725,Female,0,No,Yes,23,Yes,No phone service,DSL,Yes,Yes,No,No,Yes,Yes,Two year,No,Credit card (automatic),97.53,2273.2,No
CUST_01726,Female,0,No,No,11,Yes,Yes,Fiber optic,Yes,Yes,No,No,No,No,One year,Yes,Mailed check,105.67,1199.86,No
CUST_01727,Female,0,No,Yes,71,Yes,No phone service,Fiber optic,Yes,Yes,No,Yes,No,Yes,Month-to-month,Yes,Bank transfer (automatic),106.57,7573.85,No
CUST_01728,Male,0,Yes,No,31,Yes,Yes,No,No internet service,No internet service,No internet service,No internet service,No internet service,No internet service,Month-to-month,Yes,Bank transfer (automatic),114.34,3555.3,No
CUST_01729,Female,0,Yes,No,26,Yes,Yes,Fiber optic,No,Yes,Yes,No,No,No,Month-to-month,Yes,Electronic check,37.04,1012.94,Yes
CUST_01730,Female,0,No,Yes,30,Yes,No phone service,No,No internet service,No internet service,No internet service,No internet service,No internet service,No internet service,Month-to-month,Yes,Mailed check,109.8,3305.9,Yes
CUST_01731,Female,0,No,Yes,34,Yes,No phone service,DSL,No,No,No,Yes,Yes,No,One year,No,Credit card (automatic),71.55,2459.8,No
CUST_01732,Male,0,No,No,46,Yes,No,DSL,No,No,No,Yes,Yes,No,Month-to-month,No,Electronic check,34.96,1622.89,No
CUST_01733,Male,0,No,Yes,69,Yes,Yes,DSL,No,Yes,No,Yes,No,Yes,One year,No,Bank transfer (automatic),84.89,5899.9,No
CUST_01734,Female,1,Yes,No,5,Yes,Yes,Fiber optic,No,No,Yes,No,Yes,No,One year,Yes,Bank transfer (automatic),51.35,304.86,No
CUST_01735,Male,0,No,Yes,61,Yes,Yes,DSL,Yes,Yes,Yes,Yes,Yes,No,Month-to-month,Yes,Mailed check,22.74,1394.2,Yes
CUST_01736,Female,0,Yes,No,38,No,No phone service,DSL,No,No,Yes,No,No,Yes,Month-to-month,No,Mailed check,26.02,1018.87,No
CUST_01737,Male,0,No,No,28,Yes,No phone service,Fiber optic,Yes,No,Yes,Yes,No,Yes,Two year,No,Mailed check,61.22,1754.71,No
CUST_01738,Male,0,Yes,No,26,Yes,No phone service,DSL,No,Yes,Yes,No,Yes,No,Month-to-month,Yes,Electronic check,102.3,2700.99,Yes
CUST_01739,Male,0,No,No,61,Yes,No,DSL,Yes,Yes,Yes,Yes,Yes,Yes,One year,Yes,Bank transfer (automatic),49.72,3055.24,No
CUST_01740,Male,0,Yes,No,23,Yes,Yes,DSL,Yes,No,No,Yes,Yes,No,Month-to-month,Yes,Mailed check,96.14,2222.6,Yes
CUST_01741,Female,0,Yes,No,46,Yes,No,DSL,No,No,No,Yes,No,No,Month-to-month,Yes,Credit card (automatic),23.69,1108.91,No
CUST_01742,Female,0,Yes,No,30,Yes,No,Fiber optic,No,No,Yes,Yes,No,No,Month-to-month,Yes,Mailed check,58.16,1782.38,No
CUST_01743,Female,0,No,No,67,Yes,No,Fiber optic,No,No,No,Yes,No,Yes,Month-to-month,Yes,Mailed check,31.0,2126.62,No
CUST_01744,Male,0,Yes,Yes,33,Yes,No,DSL,Yes,No,Yes,Yes,No,No,Two year,No,Electronic check,106.08,3528.42,No
CUST_01745,Female,0,No,Yes,3,Yes,No,DSL,No,No,No,No,No,Yes,Month-to-month,No,Electronic check,116.73,359.95,No
CUST_01746,Female,1,Yes,Yes,69,Yes,No phone service,No,No internet service,No internet service,No internet service,No internet service,No internet service,No internet service,Month-to-month,No,Electronic check,51.21,3535.78,No
CUST_01747,Female,0,Yes,No,42,Yes,No phone service,Fiber optic,No,No,Yes,No,Yes,No,One year,No,Electronic check,118.86,5039.47,No
CUST_01748,Male,0,No,No,62,Yes,No,Fiber optic,Yes,Yes,Yes,Yes,Yes,Yes,Month-to-month,Yes,Mailed check,94.74,5897.74,Yes
CUST_01749,Male,0,Yes,No,58,Yes,No phone service,Fiber optic,No,No,No,Yes,Yes,No,Month-to-month,Yes,Bank transfer (automatic),18.13,1087.13,No
CUST_01750,Male,1,No,Yes,57,Yes,No phone service,DSL,No,Yes,Yes,Yes,No,No,Two year,No,Credit card (automatic),67.5,3880.38,No
CUST_01751,Female,0,No,Yes,1,Yes,No,No,No internet service,No internet service,No internet service,No internet service,No internet service,No internet service,Month-to-month,Yes,Credit card (automatic),103.08,147.62,Yes
CUST_01752,Female,0,No,Yes,60,Yes,No phone service,Fiber optic,No,Yes,Yes,No,Yes,Yes,Two year,No,Bank transfer (automatic),72.46,4360.62,No
CUST_01753,Female,0,No,Yes,69,Yes,No phone service,DSL,Yes,Yes,No,Yes,Yes,No,Month-to-month,No,Credit card (automatic),74.1,5134.71,Yes
CUST_01754,Male,0,Yes,Yes,59,Yes,Yes,Fiber optic,Yes,No,No,Yes,No,No,Month-to-month,No,Mailed check,63.67,3801.94,Yes
CUST_01755,Male,0,Yes,No,46,Yes,No,DSL,Yes,Yes,Yes,Yes,No,Yes,Two year,No,Bank transfer (automatic),58.29,2710.8,No
CUST_01756,Female,0,No,Yes,34,Yes,Yes,DSL,Yes,Yes,Yes,No,No,No,Two year,No,Electronic check,20.79,710.58,No
CUST_01757,Male,1,Yes,No,25,Yes,Yes,No,No internet service,No internet service,No internet service,No internet service,No internet service,No internet service,Month-to-month,Yes,Electronic check,81.42,2045.14,No
CUST_01758,Male,0,Yes,No,42,Yes,No,No,No internet service,No internet service,No internet service,No internet service,No internet service,No internet service,One year,Yes,Electronic check,96.21,4052.52,No
CUST_01759,Male,0,No,No,29,Yes,Yes,DSL,Yes,No,Yes,Yes,No,Yes,Month-to-month,No,Mailed check,98.6,2909.04,No
CUST_01760,Male,0,Yes,Yes,25,Yes,Yes,DSL,Yes,Yes,Yes,Yes,No,No,One year,No,Electronic check,81.71,2054.03,No
CUST_01761,Female,0,No,Yes,54,Yes,No phone service,Fiber optic,Yes,No,No,Yes,No,Yes,One year,Yes,Electronic check,52.81,2895.24,No
CUST_01762,Male,1,Yes,No,67,Yes,Yes,DSL,Yes,Yes,No,No,Yes,Yes,Month-to-month,No,Electronic check,20.31,1364.42,No
CUST_01763,Male,0,Yes,Yes,15,Yes,No,Fiber optic,Yes,Yes,No,No,Yes,Yes,Month-to-month,Yes,Credit card (automatic),109.37,1649.63,Yes
CUST_01764,Male,0,No,Yes,4,Yes,No phone service,Fiber optic,Yes,Yes,Yes,No,No,No,One year,Yes,Bank transfer (automatic),61.76,290.65,No
CUST_01765,Male,0,Yes,No,38,Yes,No phone service,Fiber optic,Yes,No,Yes,No,No,No,Month-to-month,No,Credit card (automatic),79.32,3059.1,Yes
CUST_01766,Female,0,Yes,No,20,Yes,No phone service,Fiber optic,Yes,Yes,Yes,No,No,Yes,Month-to-month,Yes,Mailed check,37.84,765.7,No
CUST_01767,Female,0,No,No,23,Yes,No,Fiber optic,No,Yes,Yes,No,No,Yes,Month-to-month,No,Mailed check,32.48,758.52,No
CUST_01768,Male,0,Yes,No,37,Yes,No,No,No internet service,No internet service,No internet service,No internet service,No internet service,No internet service,One year,Yes,Mailed check,26.86,1020.18,No
CUST_01769,Male,0,No,No,62,Yes,No,DSL,No,No,No,Yes,No,No,One year,Yes,Credit card (automatic),99.47,6170.03,No
CUST_01770,Male,1,Yes,Yes,8,Yes,Yes,No,No internet service,No internet service,No internet service,No internet service,No internet service,No internet service,Month-to-month,No,Bank transfer (automatic),83.94,718.78,Yes
CUST_01771,Male,0,No,No,37,Yes,Yes,DSL,No,Yes,Yes,No,No,No,Two year,Yes,Electronic check,81.36,3028.36,Yes
CUST_01772,Male,1,No,Yes,45,Yes,No phone service,DSL,No,Yes,No,Yes,Yes,Yes,One year,No,Mailed check,111.78,5054.5,No
CUST_01773,Male,0,No,Yes,33,No,No phone service,DSL,No,Yes,Yes,No,Yes,Yes,Month-to-month,No,Mailed check,34.19,1133.48,No
CUST_01774,Female,0,No,No,7,Yes,No,Fiber optic,No,Yes,No,Yes,No,No,Two year,No,Credit card (automatic),35.37,249.2,No
CUST_01775,Male,0,No,No,22,No,No phone service,DSL,Yes,No,No,No,Yes,No,Two year,No,Electronic check,37.33,844.56,No
CUST_01776,Female,0,Yes,Yes,5,Yes,Yes,No,No internet service,No internet service,No internet service,No internet service,No internet service,No internet service,Month-to-month,No,Electronic check,61.18,312.0,No
CUST_01777,Female,0,Yes,No,15,No,No phone service,Fiber optic,Yes,No,No,Yes,Yes,No,One year,Yes,Credit card (automatic),107.17,1639.08,No
CUST_01778,Male,0,No,Yes,21,Yes,No,DSL,Yes,Yes,No,No,Yes,No,One year,Yes,Credit card (automatic),107.91,2305.84,Yes
CUST_01779,Female,0,Yes,No,17,Yes,No,Fiber optic,No,Yes,Yes,Yes,No,Yes,Month-to-month,Yes,Credit card (automatic),78.24,1331.66,Yes
CUST_01780,Female,0,No,No,56,Yes,Yes,No,No internet service,No internet service,No internet service,No internet service,No internet service,No internet service,Month-to-month,No,Bank transfer (automatic),85.13,4797.92,No
CUST_01781,Female,0,Yes,Yes,50,No,No phone service,Fiber optic,Yes,Yes,Yes,Yes,No,No,One year,Yes,Mailed check,109.57,5519.37,No
CUST_01782,Female,0,Yes,Yes,7,Yes,No phone service,DSL,No,Yes,No,Yes,No,No,Month-to-month,Yes,Mailed check,81.67,593.66,Yes
CUST_01783,Female,0,No,No,50,Yes,Yes,No,No internet service,No internet service,No internet service,No internet service,No internet service,No internet service,Two year,No,Mailed check,41.44,2119.96,No
CUST_01784,Female,0,No,No,60,Yes,Yes,Fiber optic,No,Yes,Yes,Yes,Yes,Yes,Month-to-month,No,Bank transfer (automatic),89.9,5399.63,Yes
CUST_01785,Male,0,Yes,No,7,Yes,No phone service,DSL,No,No,Yes,Yes,Yes,No,Two year,No,Credit card (automatic),96.53,691.85,Yes
CUST_01786,Female,0,Yes,Yes,40,Yes,Yes,DSL,No,No,Yes,No,Yes,Yes,Two year,No,Mailed check,82.81,3323.71,No
CUST_01787,Female,1,No,No,45,Yes,No phone service,Fiber optic,No,Yes,No,No,No,No,One year,Yes,Mailed check,45.9,2115.49,No
CUST_01788,Female,0,Yes,No,59,Yes,No phone service,No,No internet service,No internet service,No internet service,No internet service,No internet service,No internet service,Month-to-month,Yes,Mailed check,58.79,3483.41,No
CUST_01789,Male,0,Yes,No,55,Yes,Yes,DSL,Yes,No,Yes,Yes,No,Yes,One year,Yes,Bank transfer (automatic),66.0,3649.42,No
CUST_01790,Female,0,No,No,64,Yes,No,DSL,No,Yes,Yes,No,Yes,Yes,Month-to-month,Yes,Credit card (automatic),32.82,2142.89,No
CUST_01791,Male,0,Yes,Yes,65,Yes,No,No,No internet service,No internet service,No internet service,No internet service,No internet service,No internet service,One year,Yes,Mailed check,64.13,4214.74,No
CUST_01792,Female,0,No,Yes,54,Yes,No,DSL,Yes,Yes,Yes,Yes,No,Yes,Month-to-month,No,Mailed check,34.44,1906.76,No
CUST_01793,Male,0,No,Yes,40,Yes,No,No,No internet service,No internet service,No internet service,No internet service,No internet service,No internet service,Two year,Yes,Bank transfer (automatic),68.94,2785.67,No
CUST_01794,Male,1,No,No,53,Yes,No,DSL,No,Yes,No,Yes,Yes,Yes,Month-to-month,No,Credit card (automatic),23.18,1261.85,No
CUST_01795,Female,0,Yes,No,44,Yes,No,Fiber optic,No,No,Yes,No,No,Yes,One year,Yes,Credit card (automatic),114.75,5066.47,No
CUST_01796,Female,0,Yes,No,63,Yes,No,DSL,No,Yes,Yes,No,No,No,Two year,No,Mailed check,43.13,2747.37,No
CUST_01797,Male,0,No,Yes,2,Yes,Yes,No,No internet service,No internet service,No internet service,No internet service,No internet service,No internet service,One year,Yes,Electronic check,65.64,146.41,No
CUST_01798,Female,0,No,Yes,21,Yes,Yes,Fiber optic,No,Yes,No,No,No,No,Month-to-month,Yes,Bank transfer (automatic),21.34,485.46,No
CUST_01799,Male,0,Yes,Yes,50,Yes,No,No,No internet service,No internet service,No internet service,No internet service,No internet service,No internet service,Month-to-month,No,Electronic check,37.66,1898.24,No
CUST_01800,Male,0,Yes,Yes,52,Yes,Yes,Fiber optic,Yes,No,No,No,No,Yes,One year,No,Electronic check,88.71,4656.94,Yes
CUST_01801,Male,0,Yes,No,9,Yes,No phone service,DSL,No,No,No,No,Yes,No,Month-to-month,No,Mailed check,29.4,271.81,Yes
CUST_01802,Male,1,No,Yes,20,Yes,No,DSL,Yes,Yes,No,Yes,No,No,Month-to-month,No,Mailed check,82.07,1670.01,No
CUST_01803,Male,0,No,Yes,18,Yes,No phone service,Fiber optic,No,Yes,Yes,Yes,No,Yes,Month-to-month,Yes,Mailed check,18.21,353.83,No
CUST_01804,Female,0,Yes,No,30,Yes,Yes,Fiber optic,No,Yes,Yes,Yes,No,No,Two year,Yes,Bank transfer (automatic),65.43,1976.11,No
CUST_01805,Male,0,Yes,Yes,65,No,No phone service,No,No internet service,No internet service,No internet service,No internet service,No internet service,No internet service,Month-to-month,No,Bank transfer (automatic),91.58,5953.91,Yes
CUST_01806,Male,0,Yes,No,24,No,No phone service,DSL,Yes,Yes,Yes,Yes,No,No,Two year,Yes,Bank transfer (automatic),112.48,2706.99,Yes
CUST_01807,Female,0,No,No,47,Yes,Yes,Fiber optic,Yes,Yes,Yes,Yes,Yes,No,Month-to-month,No,Electronic check,68.27,3257.05,No
CUST_01808,Male,0,No,No,44,Yes,No,No,No internet service,No internet service,No internet service,No internet service,No internet service,No internet service,Two year,Yes,Bank transfer (automatic),103.73,4611.37,Yes
CUST_01809,Female,0,Yes,No,29,Yes,No,DSL,No,No,No,Yes,No,No,Month-to-month,No,Credit card (automatic),99.86,2902.03,No
CUST_01810,Female,0,Yes,No,68,Yes,No phone service,No,No internet service,No internet service,No internet service,No internet service,No internet service,No internet service,Two year,No,Bank transfer (automatic),48.17,3294.21,No
CUST_01811,Female,0,No,Yes,17,Yes,No phone service,Fiber optic,Yes,Yes,No,Yes,Yes,No,Month-to-month,Yes,Mailed check,107.22,1846.04,No
CUST_01812,Male,1,No,Yes,5,Yes,No phone service,Fiber optic,Yes,No,No,No,Yes,No,Month-to-month,Yes,Electronic check,83.31,440.45,No
CUST_01813,Male,0,Yes,No,50,Yes,Yes,DSL,No,Yes,Yes,Yes,No,No,Month-to-month,Yes,Bank transfer (automatic),28.63,1446.28,No
CUST_01814,Male,1,Yes,Yes,40,Yes,No phone service,DSL,No,Yes,Yes,Yes,Yes,No,Month-to-month,No,Mailed check,113.79,4597.23,No
CUST_01815,Female,1,Yes,No,46,Yes,No phone service,DSL,No,No,Yes,Yes,No,Yes,Month-to-month,Yes,Mailed check,36.02,1702.39,No
CUST_01816,Male,0,No,Yes,51,Yes,No phone service,No,No internet service,No internet service,No internet service,No internet service,No internet service,No internet service,Two year,Yes,Credit card (automatic),65.98,3365.76,No
CUST_01817,Female,0,Yes,Yes,11,Yes,No,No,No internet service,No internet service,No internet service,No internet service,No internet service,No internet service,Month-to-month,No,Credit card (automatic),65.57,753.76,Yes
CUST_01818,Male,0,No,Yes,12,Yes,No phone service,DSL,No,Yes,No,Yes,Yes,Yes,One year,Yes,Bank transfer (automatic),81.77,985.01,No
CUST_01819,Female,0,No,Yes,13,Yes,No phone service,No,No internet service,No internet service,No internet service,No internet service,No internet service,No internet service,Two year,No,Electronic check,85.83,1145.61,No
CUST_01820,Male,0,Yes,Yes,64,Yes,Yes,Fiber optic,No,Yes,Yes,No,Yes,No,Two year,Yes,Electronic check,41.76,2715.77,Yes
CUST_01821,Male,0,Yes,Yes,8,Yes,Yes,No,No internet service,No internet service,No internet service,No internet service,No internet service,No internet service,Month-to-month,No,Bank transfer (automatic),53.95,464.07,No
CUST_01822,Male,1,No,Yes,65,No,No phone service,DSL,No,Yes,No,Yes,Yes,No,Month-to-month,No,Bank transfer (automatic),32.75,2152.08,No
CUST_01823,Female,0,Yes,No,9,Yes,Yes,DSL,Yes,No,No,Yes,Yes,Yes,Month-to-month,Yes,Bank transfer (automatic),30.85,325.58,Yes
CUST_01824,Female,0,No,No,2,Yes,Yes,Fiber optic,Yes,Yes,No,Yes,Yes,Yes,Month-to-month,Yes,Electronic check,102.16,241.64,No
CUST_01825,Male,0,Yes,No,13,Yes,Yes,DSL,Yes,Yes,No,No,Yes,Yes,Month-to-month,Yes,Credit card (automatic),94.57,1241.92,Yes
CUST_01826,Male,1,Yes,Yes,2,Yes,No,Fiber optic,No,Yes,Yes,Yes,No,Yes,Month-to-month,No,Electronic check,63.15,145.65,Yes
CUST_01827,Female,0,Yes,Yes,68,No,No phone service,Fiber optic,No,No,Yes,Yes,No,No,Month-to-month,Yes,Mailed check,27.78,1927.22,No
CUST_01828,Female,1,Yes,No,48,Yes,No phone service,DSL,Yes,No,Yes,Yes,No,No,One year,No,Credit card (automatic),63.89,3067.78,No
CUST_01829,Female,0,No,No,3,Yes,No phone service,DSL,Yes,Yes,Yes,Yes,No,Yes,Month-to-month,Yes,Mailed check,48.03,147.3,Yes
CUST_01830,Male,0,No,Yes,68,Yes,Yes,No,No internet service,No internet service,No internet service,No internet service,No internet service,No internet service,Month-to-month,No,Electronic check,97.35,6662.62,No
CUST_01831,Female,0,No,No,6,Yes,Yes,DSL,Yes,No,No,Yes,No,No,Month-to-month,Yes,Mailed check,27.86,169.29,No
CUST_01832,Male,0,Yes,No,5,Yes,Yes,DSL,No,No,Yes,No,Yes,Yes,One year,Yes,Electronic check,64.04,354.12,No
CUST_01833,Female,0,No,No,3,No,No phone service,Fiber optic,No,No,Yes,Yes,Yes,Yes,One year,Yes,Credit card (automatic),78.32,250.91,No
CUST_01834,Male,0,No,No,10,Yes,Yes,Fiber optic,No,No,No,Yes,Yes,Yes,Two year,No,Credit card (automatic),118.54,1226.73,No
CUST_01835,Female,0,No,Yes,43,Yes,No,Fiber optic,No,No,No,Yes,No,No,Two year,No,Credit card (automatic),27.14,1209.39,No
CUST_01836,Female,0,Yes,No,19,Yes,No phone service,Fiber optic,Yes,No,No,No,Yes,No,Two year,No,Mailed check,29.62,610.52,No
CUST_01837,Female,0,No,No,14,No,No phone service,DSL,No,Yes,Yes,Yes,Yes,No,Month-to-month,No,Bank transfer (automatic),118.78,1667.71,No
CUST_01838,Female,1,Yes,No,21,Yes,No,DSL,Yes,Yes,Yes,No,Yes,No,Month-to-month,Yes,Credit card (automatic),59.37,1267.99,Yes
CUST_01839,Female,0,Yes,No,43,Yes,No,Fiber optic,Yes,Yes,No,No,Yes,No,Two year,No,Electronic check,93.86,4064.63,No
CUST_01840,Male,0,No,Yes,28,Yes,Yes,No,No internet service,No internet service,No internet service,No internet service,No internet service,No internet service,Two year,Yes,Mailed check,97.91,2787.41,No
CUST_01841,Female,0,Yes,No,21,Yes,No,Fiber optic,No,No,No,Yes,Yes,Yes,Two year,Yes,Credit card (automatic),50.09,1065.11,No
CUST_01842,Female,0,No,No,36,Yes,Yes,DSL,No,Yes,Yes,No,Yes,Yes,One year,No,Bank transfer (automatic),39.86,1438.49,No
CUST_01843,Female,0,No,No,24,No,No phone service,DSL,Yes,Yes,No,Yes,No,Yes,Month-to-month,Yes,Credit card (automatic),46.16,1117.96,No
CUST_01844,Male,0,No,No,54,Yes,No phone service,DSL,No,No,Yes,Yes,No,Yes,Two year,Yes,Mailed check,95.97,5207.06,Yes
CUST_01845,Female,0,No,No,38,Yes,No phone service,Fiber optic,No,Yes,No,No,No,No,Month-to-month,Yes,Mailed check,103.73,3975.75,Yes
CUST_01846,Male,0,No,Yes,17,Yes,No phone service,DSL,No,Yes,Yes,No,Yes,Yes,Month-to-month,Yes,Bank transfer (automatic),89.35,1553.48,Yes
CUST_01847,Female,0,Yes,No,22,Yes,Yes,DSL,No,No,No,Yes,Yes,Yes,Month-to-month,Yes,Bank transfer (automatic),63.01,1389.85,No
CUST_01848,Female,0,No,No,45,Yes,No phone service,Fiber optic,No,Yes,No,Yes,Yes,Yes,One year,No,Electronic check,44.78,2053.24,Yes
CUST_01849,Male,0,Yes,Yes,61,Yes,No phone service,Fiber optic,Yes,Yes,No,No,No,Yes,Month-to-month,No,Credit card (automatic),61.38,3776.91,No
CUST_01850,Female,0,No,No,11,No,No phone service,Fiber optic,No,No,No,Yes,Yes,No,Month-to-month,No,Mailed check,111.28,1244.48,No
CUST_01851,Male,0,No,Yes,61,Yes,Yes,Fiber optic,No,No,Yes,Yes,No,Yes,One year,Yes,Bank transfer (automatic),106.05,6497.36,Yes
CUST_01852,Male,0,No,No,38,Yes,No,Fiber optic,Yes,No,No,No,No,No,Month-to-month,Yes,Mailed check,50.98,1975.79,Yes
CUST_01853,Female,0,Yes,Yes,66,Yes,Yes,DSL,No,No,No,Yes,No,Yes,Month-to-month,No,Bank transfer (automatic),51.45,3408.8,Yes
CUST_01854,Male,1,Yes,Yes,33,Yes,Yes,Fiber optic,Yes,Yes,No,Yes,Yes,No,One year,Yes,Electronic check,97.56,3266.39,No
CUST_01855,Female,0,Yes,No,43,Yes,No phone service,DSL,Yes,Yes,Yes,Yes,No,Yes,Two year,No,Credit card (automatic),61.51,2651.84,No
CUST_01856,Female,0,Yes,Yes,31,No,No phone service,DSL,No,No,No,Yes,No,No,Month-to-month,Yes,Bank transfer (automatic),76.42,2414.06,No
CUST_01857,Male,0,No,No,35,Yes,No phone service,Fiber optic,Yes,No,Yes,No,Yes,No,One year,Yes,Mailed check,61.08,2174.72,Yes
CUST_01858,Male,0,No,Yes,37,Yes,No phone service,Fiber optic,Yes,No,No,Yes,No,No,One year,No,Mailed check,42.72,1613.61,No
CUST_01859,Male,0,Yes,Yes,47,Yes,Yes,Fiber optic,No,Yes,No,No,No,Yes,Month-to-month,Yes,Electronic check,37.26,1755.51,No
CUST_01860,Male,0,Yes,No,23,Yes,Yes,Fiber optic,Yes,Yes,No,No,Yes,Yes,Month-to-month,Yes,Electronic check,32.23,787.32,No
CUST_01861,Female,0,Yes,Yes,36,Yes,Yes,No,No internet service,No internet service,No internet service,No internet service,No internet service,No internet service,Month-to-month,No,Bank transfer (automatic),19.17,704.71,No
CUST_01862,Female,0,No,No,40,Yes,No phone service,Fiber optic,Yes,No,Yes,Yes,No,No,One year,No,Credit card (automatic),46.62,1902.2,No
CUST_01863,Male,0,Yes,Yes,15,Yes,No,Fiber optic,No,No,Yes,Yes,No,No,One year,No,Bank transfer (automatic),35.48,576.5,Yes
CUST_01864,Female,0,Yes,Yes,37,No,No phone service,Fiber optic,Yes,Yes,No,Yes,Yes,No,Month-to-month,No,Mailed check,44.31,1651.72,No
CUST_01865,Female,0,No,No,4,No,No phone service,DSL,No,Yes,No,No,No,Yes,One year,No,Bank transfer (automatic),25.73,148.66,No
CUST_01866,Female,0,Yes,No,22,Yes,No,DSL,No,No,No,Yes,No,Yes,Two year,No,Electronic check,52.84,1193.06,No
CUST_01867,Female,0,No,Yes,22,Yes,No phone service,Fiber optic,Yes,No,Yes,No,No,No,Month-to-month,Yes,Bank transfer (automatic),71.04,1595.74,Yes
CUST_01868,Male,0,No,No,17,Yes,No,DSL,Yes,No,No,Yes,No,Yes,Two year,Yes,Electronic check,114.35,1989.61,No
CUST_01869,Male,0,No,No,72,Yes,No phone service,Fiber optic,No,No,Yes,Yes,Yes,No,Two year,No,Mailed check,53.4,3871.23,No
CUST_01870,Female,0,No,Yes,38,Yes,No,Fiber optic,Yes,No,Yes,No,No,Yes,Two year,Yes,Credit card (automatic),21.16,826.28,No
CUST_01871,Male,0,No,Yes,24,Yes,Yes,No,No internet service,No internet service,No internet service,No internet service,No internet service,No internet service,Two year,Yes,Bank transfer (automatic),54.96,1350.73,No
CUST_01872,Male,0,Yes,No,6,Yes,Yes,No,No internet service,No internet service,No internet service,No internet service,No internet service,No internet service,Month-to-month,No,Electronic check,101.36,635.84,Yes
CUST_01873,Male,0,Yes,Yes,68,Yes,Yes,DSL,No,No,No,No,No,No,Month-to-month,Yes,Bank transfer (automatic),52.7,3586.34,No
CUST_01874,Female,0,No,No,6,Yes,Yes,Fiber optic,No,Yes,Yes,No,No,Yes,Two year,Yes,Electronic check,47.76,295.56,No
CUST_01875,Female,0,No,No,26,Yes,No phone service,DSL,No,Yes,No,Yes,No,Yes,Month-to-month,Yes,Electronic check,111.74,2905.85,No
CUST_01876,Female,0,Yes,No,41,Yes,No,DSL,Yes,Yes,No,No,No,No,Month-to-month,No,Electronic check,48.32,1986.42,No
CUST_01877,Male,0,Yes,No,38,Yes,No phone service,Fiber optic,Yes,No,No,No,Yes,Yes,Month-to-month,Yes,Bank transfer (automatic),116.97,4481.23,Yes
CUST_01878,Female,0,No,No,43,Yes,Yes,DSL,Yes,Yes,No,Yes,Yes,Yes,One year,No,Electronic check,102.93,4426.18,Yes
CUST_01879,Female,0,Yes,No,53,Yes,No,DSL,No,Yes,No,Yes,No,No,Month-to-month,No,Bank transfer (automatic),87.79,4668.28,No
CUST_01880,Male,0,Yes,Yes,15,Yes,No phone service,No,No internet service,No internet service,No internet service,No internet service,No internet service,No internet service,Month-to-month,Yes,Electronic check,79.03,1207.91,No
CUST_01881,Female,0,No,No,56,Yes,Yes,No,No internet service,No internet service,No internet service,No internet service,No internet service,No internet service,Two year,Yes,Credit card (automatic),40.93,2338.84,No
CUST_01882,Female,0,Yes,Yes,56,Yes,No,Fiber optic,No,No,Yes,Yes,Yes,Yes,Month-to-month,No,Electronic check,92.5,5196.39,No
CUST_01883,Male,0,Yes,No,31,Yes,No,No,No internet service,No internet service,No internet service,No internet service,No internet service,No internet service,One year,No,Bank transfer (automatic),53.41,1694.81,No
CUST_01884,Male,0,Yes,Yes,57,Yes,Yes,Fiber optic,Yes,Yes,No,Yes,No,No,Month-to-month,No,Bank transfer (automatic),67.54,3869.96,No
CUST_01885,Male,1,Yes,Yes,51,Yes,Yes,DSL,Yes,Yes,No,Yes,Yes,Yes,Month-to-month,Yes,Bank transfer (automatic),28.62,1464.29,Yes
CUST_01886,Female,0,No,Yes,24,Yes,No,Fiber optic,No,No,No,Yes,Yes,Yes,Month-to-month,No,Mailed check,48.21,1161.93,No
CUST_01887,Female,1,Yes,No,58,Yes,Yes,Fiber optic,Yes,Yes,No,No,Yes,Yes,One year,No,Credit card (automatic),71.97,4195.89,No
CUST_01888,Female,0,No,Yes,4,Yes,No phone service,DSL,Yes,Yes,No,No,Yes,No,Two year,No,Credit card (automatic),65.74,265.86,No
CUST_01889,Male,0,Yes,Yes,10,Yes,Yes,No,No internet service,No internet service,No internet service,No internet service,No internet service,No internet service,One year,No,Credit card (automatic),53.04,558.96,No
CUST_01890,Male,0,No,No,63,Yes,Yes,Fiber optic,No,No,Yes,No,Yes,No,Month-to-month,No,Mailed check,66.14,4191.3,Yes
CUST_01891,Female,0,No,Yes,15,Yes,Yes,DSL,Yes,No,No,No,Yes,Yes,Two year,Yes,Mailed check,93.98,1444.86,No
CUST_01892,Female,0,Yes,Yes,63,Yes,No,DSL,No,No,No,Yes,No,No,Month-to-month,Yes,Credit card (automatic),64.85,4094.91,Yes
CUST_01893,Male,0,No,No,19,Yes,No,DSL,Yes,No,No,Yes,No,Yes,Month-to-month,Yes,Electronic check,69.63,1352.58,Yes
CUST_01894,Male,0,No,Yes,63,Yes,Yes,No,No internet service,No internet service,No internet service,No internet service,No internet service,No internet service,Two year,No,Electronic check,89.52,5648.29,No
CUST_01895,Male,1,No,Yes,56,Yes,No,Fiber optic,No,No,No,Yes,No,No,Month-to-month,No,Credit card (automatic),103.84,5851.42,Yes
CUST_01896,Male,0,No,No,21,Yes,Yes,Fiber optic,No,No,Yes,No,Yes,Yes,One year,Yes,Electronic check,71.74,1521.9,Yes
CUST_01897,Female,0,No,Yes,34,Yes,No phone service,Fiber optic,Yes,No,No,Yes,No,No,Month-to-month,Yes,Bank transfer (automatic),114.71,3930.99,No
CUST_01898,Male,0,Yes,Yes,17,Yes,No,Fiber optic,No,No,No,No,Yes,No,Month-to-month,Yes,Mailed check,54.05,963.01,Yes
CUST_01899,Female,0,No,Yes,18,Yes,Yes,Fiber optic,No,No,Yes,Yes,No,No,One year,No,Credit card (automatic),43.76,812.1,No
CUST_01900,Female,0,No,Yes,66,Yes,No,Fiber optic,Yes,No,Yes,No,No,No,Month-to-month,No,Electronic check,88.7,5863.5,Yes
CUST_01901,Female,0,Yes,No,51,Yes,No phone service,No,No internet service,No internet service,No internet service,No internet service,No internet service,No internet service,Month-to-month,Yes,Credit card (automatic),35.93,1876.56,No
CUST_01902,Male,0,Yes,No,65,Yes,No phone service,No,No internet service,No internet service,No internet service,No internet service,No internet service,No internet service,Month-to-month,Yes,Credit card (automatic),109.8,7154.72,No
CUST_01903,Male,0,No,No,43,Yes,Yes,No,No internet service,No internet service,No internet service,No internet service,No internet service,No internet service,Month-to-month,No,Bank transfer (automatic),57.43,2506.03,No
CUST_01904,Male,0,Yes,No,57,Yes,No,Fiber optic,No,Yes,No,Yes,No,No,Two year,No,Mailed check,89.21,5101.04,No
CUST_01905,Male,1,Yes,Yes,10,Yes,No phone service,No,No internet service,No internet service,No internet service,No internet service,No internet service,No internet service,Two year,No,Mailed check,76.16,776.5,No
CUST_01906,Female,0,Yes,No,37,Yes,No,Fiber optic,Yes,No,No,Yes,No,Yes,One year,Yes,Credit card (automatic),23.55,903.37,No
CUST_01907,Male,1,Yes,No,48,Yes,Yes,No,No internet service,No internet service,No internet service,No internet service,No internet service,No internet service,Month-to-month,Yes,Bank transfer (automatic),90.33,4343.46,Yes
CUST_01908,Male,0,Yes,Yes,69,Yes,No phone service,No,No internet service,No internet service,No internet service,No internet service,No internet service,No internet service,Month-to-month,No,Electronic check,98.58,6845.4,Yes
CUST_01909,Female,0,Yes,Yes,56,Yes,No phone service,No,No internet service,No internet service,No internet service,No internet service,No internet service,No internet service,One year,Yes,Mailed check,118.21,6639.26,No
CUST_01910,Male,0,No,Yes,36,No,No phone service,No,No internet service,No internet service,No internet service,No internet service,No internet service,No internet service,Month-to-month,Yes,Credit card (automatic),60.45,2176.98,No
CUST_01911,Female,0,No,No,31,Yes,No phone service,Fiber optic,No,Yes,Yes,No,Yes,Yes,Month-to-month,No,Electronic check,69.3,2163.54,No
CUST_01912,Female,0,Yes,Yes,55,No,No phone service,DSL,Yes,No,No,Yes,Yes,Yes,Two year,No,Credit card (automatic),107.24,5937.25,No
CUST_01913,Female,0,Yes,Yes,38,Yes,Yes,DSL,Yes,No,No,No,Yes,No,Month-to-month,Yes,Electronic check,45.46,1770.38,No
CUST_01914,Female,0,No,Yes,15,Yes,No phone service,Fiber optic,Yes,No,Yes,Yes,No,No,One year,No,Electronic check,37.29,587.78,No
CUST_01915,Female,0,Yes,No,16,Yes,Yes,DSL,Yes,No,No,Yes,Yes,Yes,Month-to-month,Yes,Electronic check,31.56,519.62,No
CUST_01916,Female,0,No,No,53,Yes,No phone service,Fiber optic,No,Yes,Yes,Yes,No,Yes,Two year,Yes,Electronic check,117.78,6268.82,No
CUST_01917,Female,0,Yes,No,56,Yes,No phone service,Fiber optic,No,No,Yes,No,No,No,Month-to-month,No,Electronic check,45.58,2594.11,No
CUST_01918,Female,0,No,No,7,Yes,No phone service,Fiber optic,No,Yes,Yes,Yes,No,No,Two year,Yes,Electronic check,95.25,682.58,No
CUST_01919,Male,0,No,No,57,Yes,No phone service,No,No internet service,No internet service,No internet service,No internet service,No internet service,No internet service,Month-to-month,Yes,Bank transfer (automatic),63.87,3659.64,No
CUST_01920,Male,0,Yes,No,55,Yes,No,Fiber optic,No,No,No,Yes,No,No,Two year,No,Electronic check,42.54,2366.61,No
CUST_01921,Male,0,Yes,No,52,Yes,No phone service,Fiber optic,Yes,No,Yes,No,No,No,Month-to-month,No,Electronic check,111.16,5824.68,Yes
CUST_01922,Male,1,Yes,Yes,4,Yes,Yes,Fiber optic,No,No,Yes,Yes,No,No,One year,No,Mailed check,65.31,290.34,Yes
CUST_01923,Female,0,Yes,Yes,43,Yes,No,No,No internet service,No internet service,No internet service,No internet service,No internet service,No internet service,Two year,No,Mailed check,75.73,3266.66,No
CUST_01924,Male,0,No,Yes,40,Yes,Yes,DSL,Yes,No,No,Yes,Yes,Yes,Month-to-month,Yes,Electronic check,40.69,1632.23,Yes
CUST_01925,Female,0,Yes,No,30,Yes,No phone service,DSL,No,Yes,No,No,Yes,No,Month-to-month,Yes,Credit card (automatic),51.06,1536.66,No
CUST_01926,Male,0,No,No,10,Yes,Yes,No,No internet service,No internet service,No internet service,No internet service,No internet service,No internet service,Two year,Yes,Mailed check,94.26,990.15,No
CUST_01927,Male,0,Yes,Yes,7,Yes,No,Fiber optic,No,No,Yes,No,No,Yes,Month-to-month,Yes,Bank transfer (automatic),52.99,412.05,Yes
CUST_01928,Male,0,No,Yes,36,Yes,Yes,Fiber optic,Yes,Yes,No,No,Yes,Yes,One year,Yes,Bank transfer (automatic),69.61,2544.17,No
CUST_01929,Female,0,Yes,No,35,Yes,No,Fiber optic,Yes,No,Yes,No,No,Yes,Month-to-month,No,Bank transfer (automatic),29.66,1063.07,No
CUST_01930,Male,0,Yes,No,39,Yes,No phone service,DSL,No,Yes,Yes,No,Yes,Yes,One year,No,Mailed check,104.71,4117.19,No
CUST_01931,Female,0,No,No,36,Yes,No phone service,Fiber optic,Yes,No,No,Yes,No,Yes,Month-to-month,No,Bank transfer (automatic),93.23,3362.77,Yes
CUST_01932,Female,0,Yes,No,20,Yes,Yes,DSL,No,Yes,Yes,Yes,No,Yes,One year,Yes,Bank transfer (automatic),95.6,1942.96,No
CUST_01933,Male,0,Yes,No,49,Yes,Yes,Fiber optic,Yes,No,No,Yes,No,Yes,Month-to-month,No,Credit card (automatic),36.17,1813.11,Yes
CUST_01934,Male,1,Yes,No,59,Yes,No phone service,Fiber optic,Yes,Yes,No,No,No,No,Month-to-month,Yes,Credit card (automatic),68.51,4044.96,Yes
CUST_01935,Male,0,Yes,No,49,Yes,No phone service,Fiber optic,No,Yes,No,Yes,No,No,Month-to-month,No,Mailed check,20.81,1034.46,No
CUST_01936,Female,0,Yes,No,26,Yes,Yes,Fiber optic,Yes,No,No,No,Yes,No,One year,No,Electronic check,50.14,1309.13,No
CUST_01937,Male,0,No,Yes,36,Yes,No phone service,No,No internet service,No internet service,No internet service,No internet service,No internet service,No internet service,Month-to-month,No,Credit card (automatic),53.5,1938.94,No
CUST_01938,Female,0,Yes,No,43,Yes,No,Fiber optic,Yes,No,No,Yes,No,Yes,Month-to-month,No,Electronic check,111.2,4820.07,Yes
CUST_01939,Female,1,No,No,43,No,No phone service,No,No internet service,No internet service,No internet service,No internet service,No internet service,No internet service,One year,No,Credit card (automatic),119.26,5144.95,No
CUST_01940,Male,0,Yes,No,33,Yes,Yes,Fiber optic,Yes,No,No,Yes,No,No,Month-to-month,Yes,Credit card (automatic),81.01,2707.82,Yes
CUST_01941,Male,1,Yes,Yes,45,Yes,Yes,Fiber optic,No,Yes,Yes,No,Yes,Yes,Two year,Yes,Credit card (automatic),70.71,3220.63,No
CUST_01942,Female,0,No,Yes,45,Yes,No phone service,DSL,No,No,Yes,Yes,Yes,No,One year,Yes,Credit card (automatic),62.89,2870.84,No
CUST_01943,Female,0,No,No,15,Yes,No phone service,DSL,No,No,Yes,No,Yes,No,One year,Yes,Electronic check,19.87,341.66,No
CUST_01944,Female,0,No,Yes,17,Yes,No,Fiber optic,No,Yes,Yes,No,No,Yes,Month-to-month,Yes,Mailed check,99.61,1723.28,Yes
CUST_01945,Male,0,No,Yes,12,Yes,Yes,DSL,Yes,Yes,No,No,Yes,No,One year,Yes,Electronic check,86.53,1052.35,No
CUST_01946,Female,1,No,Yes,22,Yes,Yes,Fiber optic,No,Yes,Yes,Yes,No,No,Month-to-month,No,Bank transfer (automatic),84.23,1860.53,Yes
CUST_01947,Male,0,Yes,No,23,Yes,Yes,Fiber optic,Yes,No,Yes,Yes,No,Yes,Two year,No,Electronic check,100.52,2337.2,No
CUST_01948,Female,0,No,No,12,Yes,Yes,No,No internet service,No internet service,No internet service,No internet service,No internet service,No internet service,Month-to-month,No,Bank transfer (automatic),112.66,1357.12,No
CUST_01949,Female,0,No,No,68,Yes,No,No,No internet service,No internet service,No internet service,No internet service,No internet service,No internet service,Month-to-month,Yes,Electronic check,57.73,3971.32,No
CUST_01950,Male,0,Yes,No,51,No,No phone service,DSL,No,Yes,No,No,Yes,No,Month-to-month,Yes,Electronic check,61.49,3158.27,No
CUST_01951,Female,0,Yes,No,13,Yes,Yes,DSL,No,No,No,No,No,No,Two year,Yes,Credit card (automatic),117.46,1570.68,No
CUST_01952,Male,0,No,No,57,Yes,No,Fiber optic,No,Yes,No,No,No,Yes,Two year,No,Electronic check,85.77,4924.43,Yes
CUST_01953,Male,0,No,No,55,Yes,Yes,DSL,Yes,No,Yes,No,Yes,No,Month-to-month,No,Credit card (automatic),104.84,5808.94,No
CUST_01954,Female,0,No,Yes,28,No,No phone service,DSL,No,Yes,Yes,Yes,No,No,Two year,No,Mailed check,40.6,1181.0,Yes
CUST_01955,Male,1,Yes,No,44,Yes,No phone service,No,No internet service,No internet service,No internet service,No internet service,No internet service,No internet service,Month-to-month,No,Electronic check,50.34,2217.7,No
CUST_01956,Male,0,No,No,19,Yes,No,No,No internet service,No internet service,No internet service,No internet service,No internet service,No internet service,One year,No,Credit card (automatic),57.94,1137.19,No
CUST_01957,Female,0,Yes,No,46,Yes,Yes,Fiber optic,No,Yes,Yes,Yes,Yes,Yes,One year,No,Bank transfer (automatic),50.33,2326.38,No
CUST_01958,Male,0,Yes,No,3,Yes,No phone service,Fiber optic,Yes,Yes,No,No,Yes,Yes,Two year,Yes,Credit card (automatic),108.19,374.04,No
CUST_01959,Male,0,Yes,No,20,Yes,Yes,Fiber optic,Yes,No,Yes,No,Yes,No,Month-to-month,Yes,Bank transfer (automatic),70.17,1442.4,No
CUST_01960,Male,0,Yes,No,25,Yes,No phone service,Fiber optic,Yes,No,No,Yes,Yes,No,Month-to-month,No,Electronic check,115.27,2881.99,No
CUST_01961,Female,0,No,No,56,Yes,No phone service,Fiber optic,No,Yes,No,No,No,Yes,One year,No,Mailed check,50.77,2889.76,No
CUST_01962,Male,0,Yes,No,61,Yes,No,Fiber optic,Yes,No,No,Yes,Yes,Yes,Month-to-month,Yes,Electronic check,21.8,1344.35,No
CUST_01963,Female,1,Yes,Yes,55,Yes,No,DSL,No,No,Yes,Yes,No,Yes,Month-to-month,No,Electronic check,32.08,1785.36,No
CUST_01964,Female,0,No,Yes,35,Yes,No phone service,No,No internet service,No internet service,No internet service,No internet service,No internet service,No internet service,One year,Yes,Credit card (automatic),40.14,1435.56,No
CUST_01965,Male,0,Yes,No,59,Yes,No phone service,Fiber optic,No,Yes,No,Yes,Yes,No,One year,No,Bank transfer (automatic),83.28,4959.15,No
CUST_01966,Male,0,No,No,39,Yes,No phone service,Fiber optic,Yes,Yes,Yes,Yes,No,Yes,Month-to-month,No,Mailed check,36.47,1468.73,No
CUST_01967,Male,0,Yes,Yes,57,Yes,Yes,No,No internet service,No internet service,No internet service,No internet service,No internet service,No internet service,Month-to-month,No,Bank transfer (automatic),56.91,3272.21,No
CUST_01968,Female,0,No,No,67,Yes,No,DSL,No,Yes,Yes,Yes,No,No,Month-to-month,No,Mailed check,99.13,6657.51,Yes
CUST_01969,Male,1,Yes,No,34,Yes,Yes,DSL,Yes,Yes,Yes,Yes,No,No,One year,Yes,Electronic check,30.73,1058.62,No
CUST_01970,Male,1,Yes,Yes,41,Yes,No,No,No internet service,No internet service,No internet service,No internet service,No internet service,No internet service,One year,Yes,Credit card (automatic),26.21,1092.79,No
CUST_01971,Male,1,No,No,22,Yes,Yes,No,No internet service,No internet service,No internet service,No internet service,No internet service,No internet service,Two year,No,Bank transfer (automatic),73.08,1616.72,No
CUST_01972,Male,1,Yes,No,27,Yes,No,Fiber optic,Yes,No,Yes,Yes,No,No,Two year,Yes,Electronic check,89.2,2441.97,No
CUST_01973,Male,0,Yes,No,21,No,No phone service,DSL,Yes,No,Yes,Yes,Yes,No,Two year,No,Electronic check,110.92,2355.65,No
CUST_01974,Female,0,No,Yes,41,Yes,No phone service,Fiber optic,No,Yes,No,No,No,No,Month-to-month,Yes,Credit card (automatic),85.52,3545.06,Yes
CUST_01975,Female,0,Yes,Yes,31,Yes,No,DSL,Yes,Yes,No,Yes,No,Yes,Month-to-month,Yes,Bank transfer (automatic),114.51,3554.52,No
CUST_01976,Male,0,Yes,No,27,Yes,No phone service,Fiber optic,No,No,Yes,No,Yes,Yes,Two year,No,Electronic check,42.94,1179.42,No
CUST_01977,Male,0,No,Yes,37,Yes,No phone service,DSL,No,Yes,Yes,No,No,No,Month-to-month,Yes,Credit card (automatic),52.87,1968.03,Yes
CUST_01978,Male,0,No,Yes,66,Yes,Yes,No,No internet service,No internet service,No internet service,No internet service,No internet service,No internet service,Two year,No,Mailed check,103.61,6864.99,No
CUST_01979,Male,0,No,Yes,54,Yes,No,Fiber optic,Yes,Yes,Yes,No,No,Yes,Two year,Yes,Electronic check,100.73,5462.7,Yes
CUST_01980,Female,0,No,No,9,Yes,No phone service,No,No internet service,No internet service,No internet service,No internet service,No internet service,No internet service,One year,No,Mailed check,85.82,794.85,Yes
CUST_01981,Male,0,No,Yes,42,Yes,No,DSL,No,No,No,No,No,Yes,Month-to-month,Yes,Electronic check,69.61,2939.59,No
CUST_01982,Female,0,Yes,Yes,36,Yes,Yes,DSL,Yes,No,No,Yes,No,Yes,One year,No,Credit card (automatic),19.81,749.38,No
CUST_01983,Female,0,No,Yes,10,Yes,No,No,No internet service,No internet service,No internet service,No internet service,No internet service,No internet service,One year,Yes,Mailed check,46.61,490.13,No
CUST_01984,Male,0,Yes,No,59,Yes,Yes,DSL,No,No,No,No,No,Yes,Two year,No,Credit card (automatic),34.15,2024.99,No
CUST_01985,Female,0,No,Yes,40,Yes,Yes,Fiber optic,No,No,No,No,Yes,No,Month-to-month,No,Bank transfer (automatic),23.22,956.17,No
CUST_01986,Female,0,Yes,Yes,54,Yes,Yes,DSL,Yes,Yes,Yes,No,No,Yes,Two year,Yes,Electronic check,97.16,5276.48,No
CUST_01987,Female,0,Yes,No,39,Yes,No phone service,Fiber optic,Yes,Yes,No,Yes,Yes,Yes,One year,Yes,Bank transfer (automatic),31.39,1225.43,No
CUST_01988,Female,0,No,Yes,7,Yes,Yes,DSL,Yes,Yes,No,Yes,Yes,No,Month-to-month,Yes,Bank transfer (automatic),54.46,391.38,No
CUST_01989,Male,0,Yes,Yes,4,Yes,No,Fiber optic,No,Yes,No,No,No,Yes,Month-to-month,No,Mailed check,117.7,482.92,Yes
CUST_01990,Male,0,Yes,Yes,15,Yes,No,Fiber optic,Yes,No,Yes,No,Yes,No,One year,No,Electronic check,59.73,908.41,No
CUST_01991,Female,0,No,No,48,Yes,No phone service,Fiber optic,Yes,No,No,No,Yes,Yes,Month-to-month,Yes,Bank transfer (automatic),32.43,1568.76,Yes
CUST_01992,Male,0,No,No,6,Yes,No phone service,DSL,No,Yes,No,No,No,Yes,Month-to-month,Yes,Electronic check,88.36,543.72,Yes
CUST_01993,Male,0,No,Yes,35,Yes,Yes,Fiber optic,Yes,Yes,No,No,No,No,Month-to-month,Yes,Credit card (automatic),100.61,3534.63,Yes
CUST_01994,Male,0,No,Yes,72,Yes,Yes,Fiber optic,Yes,Yes,No,No,Yes,No,Two year,No,Mailed check,46.47,3390.29,No
CUST_01995,Male,0,Yes,Yes,71,Yes,Yes,DSL,Yes,Yes,Yes,Yes,Yes,No,Month-to-month,Yes,Bank transfer (automatic),100.55,7155.3,Yes
CUST_01996,Male,0,Yes,Yes,68,Yes,No phone service,Fiber optic,No,Yes,Yes,Yes,Yes,Yes,Month-to-month,No,Credit card (automatic),45.7,3124.76,No
CUST_01997,Female,0,Yes,Yes,58,No,No phone service,No,No internet service,No internet service,No internet service,No internet service,No internet service,No internet service,Month-to-month,No,Credit card (automatic),88.7,5157.76,No
CUST_01998,Male,0,Yes,Yes,19,Yes,No,DSL,Yes,Yes,No,No,Yes,No,One year,No,Mailed check,30.73,632.25,No
CUST_01999,Male,0,Yes,No,62,Yes,Yes,Fiber optic,No,No,Yes,Yes,Yes,Yes,One year,No,Credit card (automatic),61.64,3848.33,No
CUST_02000,Male,0,Yes,Yes,71,Yes,Yes,Fiber optic,Yes,Yes,Yes,Yes,Yes,No,Two year,No,Credit card (automatic),71.09,5077.94,No
CUST_02001,Male,0,No,Yes,10,Yes,No,DSL,Yes,No,Yes,No,No,Yes,One year,No,Bank transfer (automatic),91.98,956.56,Yes
CUST_02002,Female,0,Yes,Yes,25,Yes,No,DSL,Yes,Yes,Yes,No,Yes,Yes,One year,No,Credit card (automatic),84.3,2124.27,No
CUST_02003,Female,0,Yes,No,44,Yes,No,Fiber optic,Yes,Yes,Yes,No,Yes,No,Month-to-month,No,Mailed check,105.04,4670.24,Yes
CUST_02004,Female,0,Yes,Yes,58,Yes,No,Fiber optic,No,No,No,No,No,No,One year,No,Credit card (automatic),36.8,2141.88,No
CUST_02005,Female,0,No,No,25,Yes,Yes,DSL,Yes,No,No,No,Yes,Yes,Month-to-month,Yes,Electronic check,85.45,2159.07,No
CUST_02006,Male,0,No,Yes,40,Yes,No phone service,No,No internet service,No internet service,No internet service,No internet service,No internet service,No internet service,One year,Yes,Credit card (automatic),31.03,1248.49,No
CUST_02007,Female,0,No,Yes,70,Yes,Yes,Fiber optic,No,No,No,Yes,Yes,Yes,Month-to-month,No,Credit card (automatic),66.76,4713.01,No
CUST_02008,Male,0,No,Yes,10,Yes,No,DSL,Yes,No,No,No,No,No,Two year,Yes,Credit card (automatic),71.5,720.41,No
CUST_02009,Male,0,Yes,Yes,66,Yes,No phone service,Fiber optic,Yes,No,No,No,No,No,One year,Yes,Credit card (automatic),20.78,1399.23,No
CUST_02010,Male,1,Yes,Yes,25,Yes,Yes,No,No internet service,No internet service,No internet service,No internet service,No internet service,No internet service,One year,Yes,Bank transfer (automatic),25.18,634.65,No
CUST_02011,Male,0,Yes,Yes,71,Yes,No,DSL,Yes,No,Yes,Yes,Yes,Yes,One year,No,Bank transfer (automatic),103.61,7378.64,No
CUST_02012,Male,0,No,No,11,No,No phone service,Fiber optic,No,Yes,No,Yes,No,No,Two year,No,Electronic check,47.25,533.79,No
CUST_02013,Female,0,Yes,Yes,36,Yes,No phone service,Fiber optic,No,Yes,No,No,No,Yes,Month-to-month,Yes,Bank transfer (automatic),53.31,1964.21,Yes
CUST_02014,Female,0,Yes,Yes,49,Yes,No phone service,DSL,No,Yes,No,No,Yes,No,Month-to-month,No,Mailed check,83.32,4085.41,Yes
CUST_02015,Female,0,Yes,Yes,48,Yes,Yes,DSL,No,No,No,No,Yes,No,Month-to-month,No,Bank transfer (automatic),40.51,1977.12,Yes
CUST_02016,Female,0,No,No,7,Yes,No,DSL,Yes,No,Yes,No,No,Yes,Month-to-month,No,Bank transfer (automatic),37.67,298.47,No
CUST_02017,Male,0,No,Yes,51,Yes,Yes,DSL,Yes,Yes,Yes,Yes,Yes,Yes,Month-to-month,No,Bank transfer (automatic),61.0,3155.31,Yes
CUST_02018,Female,1,No,No,17,Yes,Yes,DSL,No,No,No,Yes,Yes,Yes,Month-to-month,Yes,Mailed check,24.02,452.19,No
CUST_02019,Male,0,Yes,Yes,32,Yes,Yes,No,No internet service,No internet service,No internet service,No internet service,No internet service,No internet service,Two year,Yes,Electronic check,111.53,3617.84,No
CUST_02020,Female,0,Yes,Yes,26,Yes,No phone service,No,No internet service,No internet service,No internet service,No internet service,No internet service,No internet service,Two year,Yes,Credit card (automatic),113.89,2973.86,No
CUST_02021,Male,1,Yes,No,22,Yes,No,DSL,Yes,No,No,No,No,Yes,Month-to-month,Yes,Mailed check,63.72,1415.5,No
CUST_02022,Male,0,Yes,No,13,Yes,Yes,Fiber optic,Yes,No,No,Yes,Yes,Yes,Month-to-month,No,Mailed check,39.34,531.32,No
CUST_02023,Female,1,No,Yes,12,Yes,No,DSL,No,No,No,No,Yes,No,Month-to-month,No,Bank transfer (automatic),66.0,818.86,Yes
CUST_02024,Male,0,Yes,No,71,Yes,No phone service,DSL,Yes,Yes,Yes,No,No,No,Month-to-month,No,Bank transfer (automatic),28.19,2020.07,No
CUST_02025,Male,0,No,No,1,Yes,Yes,DSL,No,Yes,Yes,Yes,No,Yes,Two year,No,Electronic check,58.58,95.59,Yes
CUST_02026,Female,0,Yes,Yes,33,Yes,No,DSL,No,Yes,Yes,Yes,Yes,Yes,Month-to-month,No,Bank transfer (automatic),25.51,842.39,No
CUST_02027,Male,0,No,Yes,14,Yes,No phone service,No,No internet service,No internet service,No internet service,No internet service,No internet service,No internet service,Two year,No,Mailed check,90.03,1261.29,No
CUST_02028,Female,1,Yes,Yes,64,Yes,Yes,DSL,Yes,Yes,No,Yes,No,No,Month-to-month,No,Bank transfer (automatic),46.12,2987.66,No
CUST_02029,Female,0,Yes,No,43,Yes,Yes,Fiber optic,No,Yes,Yes,Yes,Yes,Yes,Month-to-month,No,Bank transfer (automatic),71.11,3101.77,No
CUST_02030,Female,0,No,Yes,58,No,No phone service,DSL,Yes,Yes,Yes,No,No,No,Two year,No,Electronic check,19.38,1162.93,Yes
CUST_02031,Male,0,No,Yes,41,No,No phone service,DSL,Yes,Yes,No,No,Yes,No,Month-to-month,No,Mailed check,71.51,2937.88,No
CUST_02032,Male,0,Yes,No,68,Yes,Yes,No,No internet service,No internet service,No internet service,No internet service,No internet service,No internet service,Month-to-month,Yes,Mailed check,18.33,1293.42,No
CUST_02033,Male,0,Yes,No,39,Yes,Yes,DSL,Yes,Yes,Yes,Yes,Yes,Yes,Month-to-month,Yes,Credit card (automatic),112.37,4408.51,Yes
CUST_02034,Female,0,Yes,Yes,1,Yes,No phone service,No,No internet service,No internet service,No internet service,No internet service,No internet service,No internet service,One year,No,Credit card (automatic),69.12,106.23,Yes
CUST_02035,Male,0,No,No,41,Yes,No phone service,DSL,Yes,No,No,Yes,Yes,Yes,Month-to-month,No,Electronic check,28.21,1166.53,No
CUST_02036,Female,0,Yes,No,45,No,No phone service,Fiber optic,No,No,No,Yes,Yes,No,Two year,No,Mailed check,52.79,2402.88,No
CUST_02037,Female,0,No,No,13,Yes,No,No,No internet service,No internet service,No internet service,No internet service,No internet service,No internet service,Two year,Yes,Mailed check,22.7,311.59,No
CUST_02038,Male,0,Yes,Yes,71,Yes,No,DSL,No,Yes,No,No,Yes,Yes,Two year,No,Bank transfer (automatic),72.15,5171.48,No
CUST_02039,Female,0,Yes,Yes,9,Yes,Yes,Fiber optic,No,Yes,Yes,No,Yes,Yes,Month-to-month,Yes,Electronic check,30.48,298.02,Yes
CUST_02040,Male,0,Yes,Yes,63,Yes,No phone service,Fiber optic,Yes,No,No,Yes,Yes,No,Two year,No,Electronic check,66.26,4211.97,No
CUST_02041,Male,0,Yes,No,23,Yes,Yes,DSL,No,Yes,No,No,Yes,Yes,One year,Yes,Credit card (automatic),49.16,1160.88,No
CUST_02042,Male,0,No,Yes,54,Yes,No,Fiber optic,Yes,Yes,No,No,No,Yes,Month-to-month,No,Credit card (automatic),95.68,5171.52,Yes
CUST_02043,Male,0,No,Yes,47,Yes,Yes,DSL,No,Yes,Yes,Yes,No,Yes,Month-to-month,Yes,Bank transfer (automatic),67.19,3185.08,No
CUST_02044,Male,0,Yes,No,39,Yes,Yes,DSL,No,No,Yes,Yes,Yes,No,One year,No,Credit card (automatic),104.51,4103.09,No
CUST_02045,Female,0,Yes,No,26,Yes,No phone service,DSL,Yes,Yes,Yes,No,Yes,Yes,One year,Yes,Electronic check,114.02,3000.24,No
CUST_02046,Female,0,Yes,Yes,1,Yes,No,No,No internet service,No internet service,No internet service,No internet service,No internet service,No internet service,Month-to-month,No,Electronic check,116.89,132.99,No
CUST_02047,Female,0,No,No,14,Yes,No,DSL,No,No,No,Yes,Yes,Yes,One year,No,Credit card (automatic),44.54,666.59,No
CUST_02048,Male,0,Yes,Yes,65,Yes,Yes,DSL,Yes,Yes,Yes,No,Yes,Yes,Two year,No,Bank transfer (automatic),96.29,6290.11,Yes
CUST_02049,Male,0,No,Yes,69,Yes,No,Fiber optic,Yes,No,No,No,No,No,Month-to-month,Yes,Bank transfer (automatic),62.69,4327.39,No
CUST_02050,Male,0,No,Yes,67,Yes,No,DSL,Yes,No,Yes,No,No,No,Month-to-month,Yes,Credit card (automatic),61.47,4153.81,No
CUST_02051,Female,1,No,No,49,Yes,No,Fiber optic,Yes,No,No,Yes,Yes,Yes,Two year,Yes,Mailed check,106.56,5266.76,No
CUST_02052,Male,0,No,No,50,Yes,No,DSL,No,No,Yes,Yes,Yes,No,Month-to-month,Yes,Mailed check,32.86,1677.07,No
CUST_02053,Female,0,Yes,Yes,58,Yes,No phone service,Fiber optic,Yes,No,Yes,Yes,No,No,Two year,No,Credit card (automatic),66.74,3889.73,No
CUST_02054,Female,1,Yes,Yes,53,Yes,No phone service,Fiber optic,No,Yes,Yes,No,No,Yes,Two year,No,Bank transfer (automatic),78.47,4188.66,No
CUST_02055,Male,0,No,Yes,57,Yes,No phone service,DSL,No,Yes,Yes,Yes,Yes,Yes,Month-to-month,No,Credit card (automatic),24.74,1419.01,No
CUST_02056,Male,0,Yes,Yes,18,Yes,No phone service,DSL,No,No,No,Yes,Yes,No,Month-to-month,Yes,Credit card (automatic),106.18,1941.31,No
CUST_02057,Female,0,Yes,No,16,Yes,No phone service,Fiber optic,No,No,Yes,No,No,Yes,Month-to-month,No,Electronic check,50.06,826.05,No
CUST_02058,Male,0,Yes,Yes,2,Yes,No,Fiber optic,No,No,No,No,Yes,No,Month-to-month,Yes,Bank transfer (automatic),85.0,171.3,No
CUST_02059,Female,1,No,Yes,13,No,No phone service,DSL,No,No,No,No,No,No,One year,Yes,Bank transfer (automatic),112.66,1480.73,No
CUST_02060,Male,1,Yes,No,45,Yes,Yes,DSL,No,No,Yes,No,No,No,Month-to-month,Yes,Bank transfer (automatic),91.41,4123.24,No
CUST_02061,Male,0,Yes,Yes,72,No,No phone service,DSL,Yes,No,Yes,Yes,No,Yes,One year,No,Credit card (automatic),108.37,7822.39,No
CUST_02062,Female,0,Yes,Yes,43,Yes,No,Fiber optic,No,No,Yes,Yes,Yes,No,One year,Yes,Mailed check,25.09,1091.11,No
CUST_02063,Male,1,Yes,Yes,72,Yes,No phone service,No,No internet service,No internet service,No internet service,No internet service,No internet service,No internet service,One year,Yes,Credit card (automatic),68.26,4956.36,No
CUST_02064,Female,0,Yes,Yes,54,Yes,Yes,DSL,Yes,No,No,Yes,No,No,Two year,Yes,Bank transfer (automatic),75.61,4117.98,No
CUST_02065,Male,0,Yes,Yes,31,Yes,No,DSL,No,Yes,No,Yes,Yes,No,One year,Yes,Electronic check,88.28,2773.75,No
CUST_02066,Female,1,Yes,No,9,Yes,No,DSL,No,Yes,Yes,No,No,No,Two year,Yes,Bank transfer (automatic),29.92,287.32,Yes
CUST_02067,Female,0,Yes,No,48,Yes,No,DSL,No,No,No,No,No,Yes,Month-to-month,No,Bank transfer (automatic),84.99,4079.81,No
CUST_02068,Male,0,Yes,No,18,No,No phone service,Fiber optic,Yes,Yes,Yes,No,Yes,Yes,One year,Yes,Bank transfer (automatic),32.89,603.0,No
CUST_02069,Female,0,Yes,No,11,Yes,Yes,No,No internet service,No internet service,No internet service,No internet service,No internet service,No internet service,One year,Yes,Credit card (automatic),24.9,311.63,No
CUST_02070,Male,1,No,Yes,62,Yes,No phone service,DSL,Yes,Yes,Yes,Yes,Yes,No,Two year,Yes,Mailed check,65.87,4114.12,Yes
CUST_02071,Male,0,Yes,No,19,Yes,No phone service,Fiber optic,No,Yes,No,Yes,Yes,Yes,One year,Yes,Electronic check,79.24,1532.46,No
CUST_02072,Male,0,No,No,24,Yes,Yes,DSL,Yes,No,Yes,Yes,No,No,Month-to-month,No,Electronic check,115.73,2791.5,Yes
CUST_02073,Female,0,Yes,No,13,Yes,No phone service,No,No internet service,No internet service,No internet service,No internet service,No internet service,No internet service,Month-to-month,Yes,Mailed check,89.26,1164.16,No
CUST_02074,Female,0,No,No,46,Yes,Yes,Fiber optic,Yes,Yes,Yes,Yes,No,No,Month-to-month,No,Mailed check,78.32,3642.05,No
CUST_02075,Male,0,No,No,53,Yes,No,DSL,No,Yes,Yes,No,No,No,Month-to-month,Yes,Mailed check,39.89,2115.87,No
CUST_02076,Male,0,Yes,No,29,Yes,No phone service,No,No internet service,No internet service,No internet service,No internet service,No internet service,No internet service,Month-to-month,Yes,Electronic check,33.51,974.7,No
CUST_02077,Female,0,No,No,36,Yes,Yes,DSL,No,No,Yes,No,Yes,Yes,Two year,Yes,Electronic check,79.94,2892.65,Yes
CUST_02078,Male,0,No,No,71,Yes,Yes,Fiber optic,Yes,Yes,Yes,No,Yes,Yes,Month-to-month,No,Bank transfer (automatic),40.74,2921.24,Yes
CUST_02079,Male,1,No,Yes,17,No,No phone service,No,No internet service,No internet service,No internet service,No internet service,No internet service,No internet service,Month-to-month,No,Credit card (automatic),90.07,1580.86,Yes
CUST_02080,Female,0,Yes,No,48,Yes,No phone service,DSL,Yes,No,No,No,No,No,Two year,Yes,Credit card (automatic),29.68,1429.01,No
CUST_02081,Male,1,No,Yes,24,Yes,No phone service,Fiber optic,Yes,No,Yes,No,Yes,Yes,Month-to-month,No,Credit card (automatic),52.64,1287.09,Yes
CUST_02082,Female,0,No,No,54,Yes,No,No,No internet service,No internet service,No internet service,No internet service,No internet service,No internet service,Two year,No,Electronic check,96.85,5260.25,No
CUST_02083,Male,0,Yes,No,1,Yes,No phone service,No,No internet service,No internet service,No internet service,No internet service,No internet service,No internet service,Month-to-month,No,Mailed check,102.77,143.92,Yes
CUST_02084,Female,0,No,No,67,No,No phone service,Fiber optic,No,Yes,Yes,Yes,No,No,Month-to-month,Yes,Electronic check,53.21,3599.86,No
CUST_02085,Male,0,No,Yes,6,Yes,No phone service,DSL,No,Yes,Yes,Yes,Yes,Yes,Month-to-month,No,Electronic check,39.09,274.9,No
CUST_02086,Male,1,No,Yes,55,Yes,No,Fiber optic,No,Yes,Yes,Yes,Yes,Yes,Two year,No,Electronic check,115.74,6391.62,No
CUST_02087,Female,0,Yes,No,38,Yes,No,Fiber optic,Yes,No,Yes,No,Yes,No,Two year,No,Electronic check,95.63,3655.63,No
CUST_02088,Male,0,No,Yes,33,Yes,No,Fiber optic,Yes,No,Yes,No,Yes,No,Two year,No,Credit card (automatic),100.32,3341.5,No
CUST_02089,Female,0,Yes,No,8,Yes,No phone service,No,No internet service,No internet service,No internet service,No internet service,No internet service,No internet service,Month-to-month,No,Bank transfer (automatic),40.72,370.81,No
CUST_02090,Male,0,No,Yes,20,Yes,Yes,DSL,No,No,No,No,No,Yes,Two year,No,Mailed check,61.29,1253.4,No
CUST_02091,Female,0,No,Yes,55,Yes,No phone service,DSL,Yes,No,Yes,No,No,Yes,Two year,Yes,Electronic check,24.96,1402.93,No
CUST_02092,Female,0,No,Yes,48,Yes,No,Fiber optic,Yes,No,Yes,Yes,Yes,Yes,Month-to-month,Yes,Mailed check,29.16,1416.52,No
CUST_02093,Female,0,No,No,56,Yes,No phone service,No,No internet service,No internet service,No internet service,No internet service,No internet service,No internet service,One year,No,Mailed check,40.54,2299.92,No
CUST_02094,Female,0,Yes,Yes,10,Yes,No phone service,Fiber optic,No,No,Yes,No,Yes,Yes,Two year,No,Electronic check,48.93,520.69,Yes
CUST_02095,Male,0,No,Yes,52,Yes,Yes,No,No internet service,No internet service,No internet service,No internet service,No internet service,No internet service,Month-to-month,Yes,Bank transfer (automatic),119.71,6262.74,Yes
CUST_02096,Male,0,Yes,No,50,Yes,Yes,No,No internet service,No internet service,No internet service,No internet service,No internet service,No internet service,Month-to-month,No,Bank transfer (automatic),61.05,3081.26,Yes
CUST_02097,Female,0,No,Yes,34,Yes,No phone service,No,No internet service,No internet service,No internet service,No internet service,No internet service,No internet service,Two year,Yes,Credit card (automatic),89.18,3042.11,No
CUST_02098,Female,0,Yes,No,36,Yes,No,No,No internet service,No internet service,No internet service,No internet service,No internet service,No internet service,Month-to-month,No,Credit card (automatic),110.25,3998.23,No
CUST_02099,Female,0,No,No,61,Yes,No phone service,No,No internet service,No internet service,No internet service,No internet service,No internet service,No internet service,Two year,Yes,Bank transfer (automatic),43.1,2643.86,No
CUST_02100,Male,0,No,Yes,16,Yes,No phone service,No,No internet service,No internet service,No internet service,No internet service,No internet service,No internet service,One year,Yes,Electronic check,32.76,528.55,No
CUST_02101,Male,0,Yes,No,18,Yes,No phone service,Fiber optic,No,No,Yes,No,No,No,Month-to-month,No,Credit card (automatic),42.81,811.89,Yes
CUST_02102,Male,0,Yes,Yes,71,Yes,No,DSL,No,Yes,No,No,No,No,Month-to-month,No,Electronic check,108.01,7671.8,No
CUST_02103,Male,1,Yes,Yes,47,Yes,No,DSL,Yes,No,No,Yes,No,No,One year,No,Electronic check,85.9,4068.88,No
CUST_02104,Female,0,Yes,No,32,Yes,No,DSL,No,No,No,Yes,No,No,Month-to-month,Yes,Electronic check,64.04,2098.58,No
CUST_02105,Female,0,No,Yes,43,Yes,No,DSL,No,Yes,No,Yes,No,Yes,Month-to-month,Yes,Electronic check,101.67,4376.14,No
CUST_02106,Female,1,Yes,Yes,40,No,No phone service,DSL,No,Yes,Yes,Yes,Yes,Yes,Month-to-month,Yes,Mailed check,42.15,1696.85,No
CUST_02107,Male,0,Yes,No,65,Yes,No phone service,No,No internet service,No internet service,No internet service,No internet service,No internet service,No internet service,One year,Yes,Mailed check,42.4,2793.77,No
CUST_02108,Male,0,Yes,No,35,Yes,No,Fiber optic,Yes,No,Yes,Yes,Yes,No,Two year,Yes,Electronic check,75.86,2659.82,No
CUST_02109,Male,1,No,Yes,69,Yes,No phone service,DSL,No,Yes,No,Yes,Yes,No,One year,No,Bank transfer (automatic),98.59,6844.1,No
CUST_02110,Female,0,No,No,50,Yes,No phone service,Fiber optic,No,No,No,Yes,Yes,No,One year,Yes,Mailed check,44.47,2223.76,Yes
CUST_02111,Female,0,No,No,12,Yes,No phone service,Fiber optic,No,Yes,Yes,Yes,Yes,No,Month-to-month,Yes,Electronic check,39.42,517.58,No
CUST_02112,Male,0,No,No,58,Yes,Yes,DSL,No,No,Yes,Yes,No,No,One year,No,Electronic check,66.35,3851.38,No
CUST_02113,Female,0,Yes,No,63,No,No phone service,No,No internet service,No internet service,No internet service,No internet service,No internet service,No internet service,One year,No,Credit card (automatic),31.69,2042.5,No
CUST_02114,Male,0,No,Yes,49,Yes,No,DSL,No,Yes,No,Yes,Yes,No,Two year,Yes,Credit card (automatic),94.28,4662.79,No
CUST_02115,Male,0,Yes,Yes,36,Yes,No phone service,Fiber optic,No,No,Yes,No,Yes,No,Two year,Yes,Credit card (automatic),76.89,2794.94,Yes
CUST_02116,Female,0,No,No,54,No,No phone service,DSL,No,Yes,No,No,No,No,One year,No,Mailed check,70.28,3833.97,No
CUST_02117,Male,0,Yes,Yes,47,Yes,No,Fiber optic,No,No,Yes,No,No,Yes,Two year,No,Mailed check,106.97,5031.37,No
CUST_02118,Female,1,Yes,No,32,Yes,No phone service,No,No internet service,No internet service,No internet service,No internet service,No internet service,No internet service,Two year,Yes,Credit card (automatic),92.72,2973.84,Yes
CUST_02119,Male,0,Yes,No,53,Yes,Yes,DSL,No,No,No,Yes,No,No,Month-to-month,Yes,Credit card (automatic),33.23,1779.42,No
CUST_02120,Female,1,Yes,Yes,32,Yes,No phone service,No,No internet service,No internet service,No internet service,No internet service,No internet service,No internet service,One year,No,Electronic check,60.88,1975.16,No
CUST_02121,Female,1,Yes,Yes,62,Yes,Yes,DSL,Yes,Yes,Yes,No,Yes,Yes,Two year,No,Bank transfer (automatic),50.77,3191.13,No
CUST_02122,Female,0,No,Yes,37,No,No phone service,Fiber optic,No,Yes,Yes,No,No,Yes,Two year,No,Credit card (automatic),99.81,3720.14,No
CUST_02123,Male,0,Yes,Yes,38,Yes,No,No,No internet service,No internet service,No internet service,No internet service,No internet service,No internet service,Month-to-month,Yes,Electronic check,91.34,3504.25,Yes
CUST_02124,Male,0,Yes,No,30,Yes,No phone service,No,No internet service,No internet service,No internet service,No internet service,No internet service,No internet service,One year,Yes,Mailed check,66.15,2018.35,No
CUST_02125,Female,1,Yes,No,58,Yes,No phone service,DSL,Yes,Yes,Yes,Yes,No,No,Month-to-month,Yes,Credit card (automatic),102.01,5960.57,No
CUST_02126,Female,0,Yes,Yes,32,Yes,Yes,DSL,No,No,Yes,Yes,No,No,Month-to-month,No,Mailed check,59.83,1953.3,No
CUST_02127,Male,0,No,No,66,Yes,Yes,Fiber optic,Yes,Yes,No,No,No,Yes,Two year,Yes,Electronic check,99.96,6646.36,Yes
CUST_02128,Male,0,No,Yes,51,Yes,No,DSL,Yes,No,No,No,No,Yes,Two year,Yes,Credit card (automatic),21.27,1085.85,No
CUST_02129,Male,0,Yes,Yes,11,Yes,No phone service,Fiber optic,No,No,Yes,No,Yes,Yes,One year,No,Mailed check,31.73,359.43,Yes
CUST_02130,Female,0,Yes,Yes,59,Yes,Yes,Fiber optic,Yes,Yes,No,No,No,Yes,Month-to-month,Yes,Electronic check,95.11,5657.98,Yes
CUST_02131,Male,0,Yes,No,20,No,No phone service,Fiber optic,No,No,Yes,Yes,No,No,Two year,Yes,Credit card (automatic),29.67,632.97,No
CUST_02132,Male,0,Yes,No,37,Yes,No,DSL,No,No,Yes,No,Yes,Yes,Month-to-month,No,Bank transfer (automatic),87.74,3259.88,Yes
CUST_02133,Female,0,No,Yes,49,No,No phone service,Fiber optic,No,Yes,Yes,Yes,No,No,Month-to-month,No,Bank transfer (automatic),91.8,4547.13,No
CUST_02134,Male,1,No,Yes,19,Yes,Yes,No,No internet service,No internet service,No internet service,No internet service,No internet service,No internet service,Month-to-month,No,Credit card (automatic),85.54,1668.83,No
CUST_02135,Male,0,Yes,Yes,55,Yes,No phone service,Fiber optic,No,Yes,No,Yes,Yes,Yes,Month-to-month,Yes,Credit card (automatic),101.46,5583.52,Yes
CUST_02136,Male,1,Yes,Yes,40,Yes,No,Fiber optic,Yes,Yes,Yes,Yes,No,No,One year,Yes,Electronic check,70.18,2847.96,No
CUST_02137,Female,0,Yes,No,7,No,No phone service,DSL,No,No,Yes,No,No,No,Month-to-month,Yes,Mailed check,109.5,805.71,Yes
CUST_02138,Female,0,Yes,No,5,No,No phone service,DSL,Yes,Yes,No,Yes,Yes,No,Month-to-month,Yes,Mailed check,76.09,391.5,Yes
CUST_02139,Female,0,Yes,Yes,42,No,No phone service,DSL,Yes,Yes,No,Yes,No,Yes,Two year,No,Credit card (automatic),69.8,2965.19,No
CUST_02140,Female,0,No,Yes,48,No,No phone service,Fiber optic,No,Yes,Yes,No,No,No,Two year,Yes,Bank transfer (automatic),69.96,3406.47,Yes
CUST_02141,Female,1,No,No,7,Yes,No,DSL,Yes,No,Yes,No,Yes,No,Month-to-month,No,Mailed check,111.03,811.02,No
CUST_02142,Female,0,Yes,Yes,11,Yes,Yes,Fiber optic,Yes,No,No,No,Yes,No,Month-to-month,Yes,Credit card (automatic),42.86,512.12,No
CUST_02143,Female,1,No,No,49,Yes,No phone service,Fiber optic,No,Yes,No,No,No,Yes,One year,No,Mailed check,88.89,4360.76,No
CUST_02144,Male,0,No,No,30,Yes,No phone service,Fiber optic,No,Yes,Yes,Yes,No,No,Month-to-month,No,Electronic check,42.75,1318.78,Yes
CUST_02145,Male,0,No,Yes,41,No,No phone service,DSL,No,Yes,Yes,Yes,No,No,Month-to-month,Yes,Credit card (automatic),27.4,1133.71,No
CUST_02146,Female,0,Yes,No,3,Yes,No phone service,Fiber optic,Yes,No,Yes,Yes,No,No,Month-to-month,Yes,Bank transfer (automatic),115.28,349.44,Yes
CUST_02147,Male,0,No,No,40,Yes,Yes,Fiber optic,Yes,No,Yes,Yes,Yes,Yes,Two year,No,Bank transfer (automatic),31.23,1276.88,No
CUST_02148,Male,0,No,No,51,Yes,Yes,DSL,Yes,No,Yes,Yes,Yes,Yes,Two year,No,Electronic check,87.99,4525.11,No
CUST_02149,Female,1,Yes,No,32,Yes,No,DSL,Yes,No,Yes,Yes,Yes,Yes,Two year,Yes,Electronic check,61.3,1989.1,No
CUST_02150,Male,0,No,Yes,48,Yes,No,Fiber optic,No,Yes,No,No,No,No,One year,No,Bank transfer (automatic),103.38,5009.03,Yes
CUST_02151,Male,0,Yes,No,71,Yes,Yes,DSL,Yes,No,No,No,Yes,No,One year,Yes,Bank transfer (automatic),96.87,6912.31,No
CUST_02152,Male,0,No,No,71,Yes,Yes,DSL,Yes,Yes,No,Yes,No,No,Month-to-month,Yes,Electronic check,32.66,2325.05,Yes
CUST_02153,Male,0,Yes,No,20,Yes,No,DSL,No,Yes,Yes,Yes,No,No,One year,Yes,Bank transfer (automatic),65.72,1361.07,No
CUST_02154,Male,0,Yes,Yes,35,Yes,Yes,DSL,Yes,Yes,Yes,Yes,Yes,No,One year,Yes,Bank transfer (automatic),20.81,735.93,No
CUST_02155,Female,0,No,Yes,24,Yes,No phone service,No,No internet service,No internet service,No internet service,No internet service,No internet service,No internet service,One year,No,Mailed check,61.81,1521.39,No
CUST_02156,Female,0,No,Yes,40,No,No phone service,Fiber optic,Yes,No,No,Yes,Yes,Yes,Month-to-month,No,Bank transfer (automatic),89.42,3584.31,No
CUST_02157,Female,0,Yes,No,52,Yes,No phone service,Fiber optic,No,Yes,Yes,No,No,No,Month-to-month,No,Electronic check,41.68,2217.29,No
CUST_02158,Male,0,Yes,Yes,39,Yes,No,No,No internet service,No internet service,No internet service,No internet service,No internet service,No internet service,Two year,No,Mailed check,100.62,3940.92,No
CUST_02159,Female,0,No,Yes,68,Yes,Yes,Fiber optic,No,No,No,No,No,Yes,Month-to-month,No,Mailed check,23.42,1617.55,No
CUST_02160,Male,0,No,Yes,61,Yes,No,Fiber optic,Yes,No,Yes,Yes,Yes,No,Month-to-month,No,Bank transfer (automatic),21.53,1336.41,No
CUST_02161,Male,0,No,No,65,Yes,No,DSL,Yes,Yes,No,Yes,No,No,Month-to-month,Yes,Mailed check,20.8,1357.11,No
CUST_02162,Male,0,No,Yes,62,Yes,Yes,Fiber optic,No,Yes,No,No,Yes,Yes,Month-to-month,Yes,Credit card (automatic),46.56,2911.59,Yes
CUST_02163,Male,0,Yes,Yes,2,Yes,No,DSL,No,Yes,No,Yes,No,Yes,Month-to-month,No,Electronic check,65.64,138.76,Yes
CUST_02164,Female,0,Yes,Yes,6,Yes,No phone service,Fiber optic,No,Yes,Yes,Yes,No,No,Month-to-month,Yes,Electronic check,28.96,213.86,Yes
CUST_02165,Female,0,Yes,No,43,No,No phone service,DSL,Yes,Yes,Yes,Yes,Yes,No,One year,Yes,Bank transfer (automatic),119.67,5193.63,No
CUST_02166,Male,0,No,No,40,Yes,No phone service,DSL,No,No,No,Yes,No,No,Month-to-month,No,Bank transfer (automatic),119.96,4838.61,Yes
CUST_02167,Female,0,No,Yes,39,Yes,No phone service,DSL,No,Yes,No,No,Yes,Yes,One year,Yes,Electronic check,71.02,2791.33,No
CUST_02168,Male,0,Yes,Yes,28,No,No phone service,DSL,Yes,No,Yes,Yes,No,Yes,Month-to-month,Yes,Electronic check,75.94,2126.35,Yes
CUST_02169,Female,0,Yes,Yes,63,Yes,No phone service,No,No internet service,No internet service,No internet service,No internet service,No internet service,No internet service,Month-to-month,Yes,Bank transfer (automatic),112.53,7091.5,No
CUST_02170,Female,0,Yes,No,64,Yes,No phone service,DSL,No,No,Yes,Yes,Yes,No,Two year,Yes,Electronic check,96.52,6201.96,No
CUST_02171,Male,0,Yes,No,12,Yes,No phone service,No,No internet service,No internet service,No internet service,No internet service,No internet service,No internet service,Two year,Yes,Bank transfer (automatic),35.13,455.54,No
CUST_02172,Female,1,Yes,Yes,41,Yes,Yes,Fiber optic,Yes,Yes,Yes,No,Yes,No,One year,Yes,Mailed check,98.83,4093.16,No
CUST_02173,Male,0,Yes,No,29,No,No phone service,Fiber optic,Yes,Yes,No,Yes,No,No,Month-to-month,No,Credit card (automatic),41.56,1235.1,No
CUST_02174,Female,0,No,Yes,23,Yes,Yes,DSL,Yes,Yes,Yes,No,No,Yes,Month-to-month,Yes,Credit card (automatic),61.89,1472.28,Yes
CUST_02175,Male,0,Yes,No,51,Yes,No,No,No internet service,No internet service,No internet service,No internet service,No internet service,No internet service,Two year,No,Credit card (automatic),72.32,3712.8,No
CUST_02176,Male,1,Yes,Yes,45,No,No phone service,DSL,Yes,No,No,No,Yes,No,Month-to-month,Yes,Mailed check,91.13,4131.03,No
CUST_02177,Female,0,Yes,No,22,Yes,No,Fiber optic,Yes,No,Yes,No,No,No,Two year,Yes,Bank transfer (automatic),33.32,744.44,No
CUST_02178,Female,1,Yes,Yes,10,Yes,No,Fiber optic,Yes,No,Yes,No,No,No,One year,No,Bank transfer (automatic),25.77,274.68,No
CUST_02179,Male,0,Yes,No,7,Yes,No phone service,Fiber optic,No,No,Yes,Yes,No,Yes,One year,Yes,Bank transfer (automatic),106.34,778.57,No
CUST_02180,Female,0,Yes,Yes,15,Yes,Yes,DSL,Yes,No,No,No,No,No,One year,No,Electronic check,102.33,1565.07,No
CUST_02181,Female,0,Yes,Yes,46,Yes,No,Fiber optic,Yes,Yes,Yes,Yes,No,Yes,Month-to-month,Yes,Credit card (automatic),71.37,3301.64,Yes
CUST_02182,Male,0,No,Yes,61,Yes,Yes,No,No internet service,No internet service,No internet service,No internet service,No internet service,No internet service,Month-to-month,No,Bank transfer (automatic),85.56,5224.83,No
CUST_02183,Male,1,Yes,Yes,61,Yes,Yes,No,No internet service,No internet service,No internet service,No internet service,No internet service,No internet service,One year,No,Bank transfer (automatic),91.37,5590.62,No
CUST_02184,Female,0,No,No,51,Yes,No phone service,No,No internet service,No internet service,No internet service,No internet service,No internet service,No internet service,Two year,Yes,Mailed check,66.61,3399.12,No
CUST_02185,Male,0,No,Yes,38,Yes,No,DSL,Yes,Yes,No,No,No,No,Month-to-month,Yes,Bank transfer (automatic),44.24,1710.06,No
CUST_02186,Male,0,No,No,12,Yes,No,DSL,Yes,No,Yes,No,No,No,Month-to-month,No,Credit card (automatic),67.1,821.38,No
CUST_02187,Male,0,Yes,No,66,Yes,Yes,DSL,Yes,Yes,Yes,No,Yes,No,Month-to-month,No,Bank transfer (automatic),114.98,7607.76,Yes
CUST_02188,Female,0,Yes,Yes,54,Yes,No phone service,No,No internet service,No internet service,No internet service,No internet service,No internet service,No internet service,One year,Yes,Mailed check,103.46,5615.54,No
CUST_02189,Female,0,Yes,Yes,39,No,No phone service,DSL,No,No,No,Yes,Yes,Yes,Month-to-month,Yes,Credit card (automatic),65.49,2583.01,Yes
CUST_02190,Male,1,Yes,Yes,39,Yes,Yes,Fiber optic,Yes,Yes,Yes,No,No,No,Two year,Yes,Electronic check,41.01,1628.77,No
CUST_02191,Female,0,Yes,Yes,30,Yes,Yes,No,No internet service,No internet service,No internet service,No internet service,No internet service,No internet service,One year,No,Bank transfer (automatic),108.74,3286.8,Yes
CUST_02192,Male,0,Yes,No,48,Yes,Yes,Fiber optic,Yes,No,No,No,Yes,No,Two year,Yes,Bank transfer (automatic),83.1,4013.23,Yes
CUST_02193,Female,0,Yes,No,31,Yes,No phone service,Fiber optic,No,No,Yes,Yes,Yes,No,Two year,No,Bank transfer (automatic),59.28,1878.85,Yes
CUST_02194,Male,0,Yes,No,25,No,No phone service,DSL,No,No,Yes,Yes,Yes,No,Month-to-month,No,Bank transfer (automatic),29.39,758.1,Yes
CUST_02195,Male,0,Yes,No,68,Yes,Yes,Fiber optic,Yes,Yes,No,Yes,No,Yes,Month-to-month,Yes,Mailed check,94.68,6465.03,Yes
CUST_02196,Female,1,Yes,Yes,51,Yes,Yes,No,No internet service,No internet service,No internet service,No internet service,No internet service,No internet service,Two year,No,Mailed check,50.33,2616.3,No
CUST_02197,Male,0,No,No,13,No,No phone service,Fiber optic,No,No,Yes,Yes,Yes,Yes,One year,No,Credit card (automatic),79.84,1047.01,No
CUST_02198,Female,0,Yes,Yes,63,Yes,Yes,DSL,Yes,Yes,Yes,No,Yes,Yes,Month-to-month,No,Mailed check,76.1,4830.68,No
CUST_02199,Female,0,Yes,Yes,42,Yes,Yes,DSL,Yes,No,Yes,Yes,No,No,Two year,Yes,Bank transfer (automatic),89.36,3776.84,No
CUST_02200,Male,1,Yes,No,54,Yes,No phone service,DSL,No,No,No,No,No,No,Month-to-month,No,Credit card (automatic),72.84,3974.74,No
CUST_02201,Male,0,No,No,67,No,No phone service,Fiber optic,No,No,Yes,No,Yes,No,Month-to-month,Yes,Electronic check,82.3,5534.43,Yes
CUST_02202,Female,0,Yes,No,56,Yes,Yes,DSL,No,Yes,No,Yes,Yes,Yes,One year,Yes,Credit card (automatic),26.32,1488.92,No
CUST_02203,Male,0,Yes,No,19,Yes,Yes,Fiber optic,No,Yes,Yes,Yes,Yes,Yes,Two year,No,Bank transfer (automatic),85.86,1641.7,No
CUST_02204,Male,0,No,No,46,Yes,No phone service,Fiber optic,Yes,Yes,Yes,No,No,No,Month-to-month,Yes,Bank transfer (automatic),37.81,1782.76,No
CUST_02205,Male,0,Yes,No,15,Yes,No phone service,Fiber optic,No,No,No,No,Yes,Yes,Month-to-month,Yes,Electronic check,57.98,905.65,Yes
CUST_02206,Male,0,No,Yes,32,Yes,No phone service,DSL,Yes,No,Yes,Yes,No,No,Month-to-month,Yes,Bank transfer (automatic),70.28,2252.76,No
CUST_02207,Male,0,No,Yes,49,Yes,No,Fiber optic,Yes,Yes,No,Yes,Yes,No,Two year,Yes,Credit card (automatic),88.06,4350.69,No
CUST_02208,Female,0,No,Yes,21,Yes,No,Fiber optic,Yes,Yes,Yes,No,Yes,No,Two year,Yes,Mailed check,93.73,1970.03,No
CUST_02209,Female,0,No,No,65,Yes,No,DSL,No,Yes,Yes,No,No,No,Month-to-month,No,Mailed check,89.9,5852.72,No
CUST_02210,Male,0,Yes,Yes,70,Yes,No,No,No internet service,No internet service,No internet service,No internet service,No internet service,No internet service,One year,Yes,Credit card (automatic),27.7,1968.69,No
CUST_02211,Male,0,No,Yes,27,Yes,No phone service,DSL,Yes,No,Yes,No,Yes,No,Month-to-month,Yes,Credit card (automatic),57.46,1574.71,Yes
CUST_02212,Male,0,No,Yes,23,Yes,Yes,Fiber optic,Yes,Yes,Yes,Yes,Yes,No,One year,Yes,Credit card (automatic),46.63,1114.46,Yes
CUST_02213,Female,0,Yes,Yes,47,Yes,No phone service,DSL,Yes,Yes,No,Yes,Yes,No,Two year,No,Electronic check,58.64,2786.43,No
CUST_02214,Male,0,Yes,Yes,12,Yes,No,Fiber optic,Yes,Yes,No,Yes,Yes,No,One year,Yes,Mailed check,83.98,1056.02,No
CUST_02215,Female,0,Yes,Yes,66,Yes,No phone service,Fiber optic,Yes,Yes,No,Yes,No,No,Two year,Yes,Electronic check,37.68,2529.5,Yes
CUST_02216,Female,0,No,No,5,Yes,Yes,DSL,No,No,Yes,Yes,Yes,Yes,One year,No,Electronic check,69.21,363.08,No
CUST_02217,Female,0,Yes,No,9,Yes,No,Fiber optic,No,Yes,Yes,Yes,No,No,Month-to-month,Yes,Bank transfer (automatic),108.26,1016.02,Yes
CUST_02218,Male,1,No,No,20,Yes,Yes,Fiber optic,No,Yes,Yes,No,No,No,Two year,No,Mailed check,92.57,1895.0,Yes
CUST_02219,Female,0,No,Yes,63,Yes,Yes,Fiber optic,No,No,Yes,Yes,No,Yes,Month-to-month,Yes,Electronic check,91.99,5843.68,Yes
CUST_02220,Male,1,Yes,No,72,Yes,Yes,DSL,Yes,No,No,No,No,No,One year,Yes,Credit card (automatic),104.57,7529.6,No
CUST_02221,Female,0,Yes,No,71,Yes,No,DSL,Yes,Yes,No,Yes,Yes,No,One year,Yes,Credit card (automatic),58.72,4213.07,Yes
CUST_02222,Male,0,Yes,Yes,30,Yes,No phone service,Fiber optic,No,No,Yes,Yes,No,No,Two year,No,Credit card (automatic),95.47,2867.51,No
CUST_02223,Female,0,Yes,No,16,No,No phone service,DSL,Yes,Yes,No,No,No,No,Month-to-month,No,Bank transfer (automatic),23.99,410.21,Yes
CUST_02224,Male,0,Yes,Yes,5,Yes,No,Fiber optic,Yes,Yes,Yes,Yes,No,No,Two year,No,Electronic check,23.76,139.51,No
CUST_02225,Female,0,Yes,No,29,No,No phone service,DSL,Yes,Yes,Yes,No,No,No,Two year,Yes,Mailed check,51.84,1549.45,No
CUST_02226,Male,0,No,Yes,47,Yes,No phone service,DSL,No,No,Yes,No,No,No,Month-to-month,No,Mailed check,38.08,1809.94,No
CUST_02227,Male,1,No,Yes,22,Yes,No phone service,No,No internet service,No internet service,No internet service,No internet service,No internet service,No internet service,Two year,No,Bank transfer (automatic),70.89,1589.4,No
CUST_02228,Male,0,Yes,No,57,Yes,No phone service,Fiber optic,No,Yes,Yes,Yes,No,No,Month-to-month,No,Credit card (automatic),36.69,2125.73,No
CUST_02229,Male,0,No,Yes,35,Yes,Yes,Fiber optic,No,No,No,No,Yes,No,Month-to-month,Yes,Credit card (automatic),117.51,4113.75,Yes
CUST_02230,Female,0,No,No,60,Yes,No,No,No internet service,No internet service,No internet service,No internet service,No internet service,No internet service,Two year,No,Electronic check,104.81,6318.31,No
CUST_02231,Female,0,No,Yes,70,Yes,No,Fiber optic,No,No,Yes,No,Yes,Yes,Month-to-month,No,Mailed check,118.22,8301.19,Yes
CUST_02232,Male,0,No,No,60,No,No phone service,Fiber optic,Yes,Yes,No,No,No,No,One year,No,Mailed check,100.39,6053.21,No
CUST_02233,Female,0,No,No,58,Yes,No phone service,No,No internet service,No internet service,No internet service,No internet service,No internet service,No internet service,One year,No,Credit card (automatic),115.01,6674.55,Yes
CUST_02234,Male,1,No,Yes,3,Yes,No,Fiber optic,Yes,Yes,No,Yes,No,No,Month-to-month,Yes,Credit card (automatic),55.55,169.42,Yes
CUST_02235,Male,0,Yes,No,34,Yes,Yes,Fiber optic,No,Yes,Yes,Yes,Yes,Yes,One year,No,Mailed check,68.79,2347.61,No
CUST_02236,Female,0,Yes,No,45,No,No phone service,Fiber optic,No,Yes,Yes,Yes,Yes,No,Month-to-month,No,Mailed check,42.46,1954.13,No
CUST_02237,Male,0,Yes,No,50,Yes,No,No,No internet service,No internet service,No internet service,No internet service,No internet service,No internet service,Month-to-month,Yes,Mailed check,82.85,4160.43,Yes
CUST_02238,Male,0,No,Yes,2,No,No phone service,DSL,No,No,Yes,Yes,Yes,Yes,Two year,No,Electronic check,98.4,218.5,No
CUST_02239,Female,0,Yes,Yes,15,Yes,Yes,DSL,Yes,Yes,Yes,Yes,No,No,Two year,No,Electronic check,68.87,1052.58,No
CUST_02240,Male,0,Yes,No,37,Yes,No,DSL,No,Yes,No,No,Yes,No,Month-to-month,Yes,Credit card (automatic),48.23,1820.23,No
CUST_02241,Male,0,Yes,No,15,Yes,No phone service,DSL,Yes,Yes,Yes,No,No,Yes,Month-to-month,Yes,Bank transfer (automatic),69.78,1059.71,Yes
CUST_02242,Male,0,No,Yes,60,Yes,No phone service,DSL,No,Yes,Yes,Yes,Yes,No,Month-to-month,No,Credit card (automatic),24.42,1468.34,No
CUST_02243,Male,0,Yes,Yes,64,Yes,No,No,No internet service,No internet service,No internet service,No internet service,No internet service,No internet service,Two year,Yes,Mailed check,91.55,5878.38,No
CUST_02244,Female,1,No,No,52,Yes,No,Fiber optic,No,Yes,Yes,Yes,No,No,Month-to-month,No,Bank transfer (automatic),64.06,3367.72,No
CUST_02245,Female,0,Yes,Yes,23,Yes,No,DSL,Yes,Yes,Yes,No,No,Yes,Month-to-month,Yes,Electronic check,109.62,2567.01,Yes
CUST_02246,Female,0,Yes,Yes,37,Yes,No,Fiber optic,No,Yes,No,Yes,No,Yes,Two year,No,Credit card (automatic),112.17,4152.89,Yes
CUST_02247,Male,0,Yes,No,41,Yes,No phone service,Fiber optic,No,No,Yes,Yes,No,No,Month-to-month,Yes,Electronic check,30.8,1303.39,No
CUST_02248,Male,0,No,Yes,57,Yes,No,Fiber optic,No,No,No,Yes,No,Yes,Month-to-month,Yes,Bank transfer (automatic),119.6,6820.7,No
CUST_02249,Female,0,No,Yes,25,Yes,Yes,DSL,No,Yes,No,Yes,Yes,No,Month-to-month,Yes,Electronic check,116.92,2939.58,Yes
CUST_02250,Male,0,No,Yes,37,Yes,No phone service,No,No internet service,No internet service,No internet service,No internet service,No internet service,No internet service,Two year,No,Mailed check,81.97,3033.91,No
CUST_02251,Male,0,No,No,40,Yes,No phone service,DSL,No,Yes,Yes,Yes,No,Yes,Month-to-month,Yes,Mailed check,102.2,4133.4,No
CUST_02252,Male,0,No,Yes,46,Yes,Yes,DSL,Yes,No,No,No,No,No,Month-to-month,No,Electronic check,19.88,949.85,No
CUST_02253,Male,0,Yes,No,60,Yes,No,DSL,Yes,No,Yes,Yes,No,Yes,Two year,No,Credit card (automatic),116.98,7037.22,No
CUST_02254,Female,0,Yes,Yes,19,Yes,No,Fiber optic,Yes,Yes,No,No,No,Yes,Two year,Yes,Mailed check,64.54,1245.21,No
CUST_02255,Female,1,No,Yes,9,Yes,No,Fiber optic,Yes,Yes,No,Yes,No,No,Month-to-month,No,Bank transfer (automatic),110.79,1029.1,Yes
CUST_02256,Female,1,No,No,69,Yes,No,DSL,Yes,Yes,No,Yes,Yes,Yes,One year,No,Credit card (automatic),57.28,3956.99,No
CUST_02257,Male,0,Yes,No,5,Yes,No,DSL,Yes,Yes,Yes,No,No,Yes,Month-to-month,No,Electronic check,98.39,499.22,No
CUST_02258,Female,0,No,No,26,Yes,Yes,Fiber optic,No,Yes,No,Yes,No,Yes,One year,No,Bank transfer (automatic),60.63,1618.75,No
CUST_02259,Female,0,Yes,No,19,Yes,No,Fiber optic,No,No,Yes,Yes,Yes,Yes,Month-to-month,No,Electronic check,55.0,1055.04,No
CUST_02260,Male,1,No,Yes,30,No,No phone service,DSL,No,Yes,No,No,Yes,Yes,Month-to-month,No,Credit card (automatic),114.57,3473.47,No
CUST_02261,Male,0,Yes,No,48,Yes,Yes,No,No internet service,No internet service,No internet service,No internet service,No internet service,No internet service,One year,Yes,Mailed check,89.31,4298.14,No
CUST_02262,Female,1,No,No,16,Yes,Yes,No,No internet service,No internet service,No internet service,No internet service,No internet service,No internet service,One year,No,Mailed check,103.69,1663.42,No
CUST_02263,Female,0,No,No,71,Yes,No,DSL,Yes,Yes,No,Yes,Yes,No,Month-to-month,No,Mailed check,73.42,5258.0,No
CUST_02264,Female,0,Yes,Yes,18,Yes,No,Fiber optic,Yes,No,No,Yes,Yes,Yes,Month-to-month,Yes,Mailed check,111.67,2055.17,No
CUST_02265,Female,0,Yes,Yes,56,Yes,No phone service,DSL,Yes,No,Yes,No,No,No,Two year,Yes,Bank transfer (automatic),93.48,5264.92,No
CUST_02266,Male,1,No,No,21,Yes,No phone service,Fiber optic,No,No,Yes,No,Yes,Yes,Month-to-month,Yes,Bank transfer (automatic),25.36,555.68,No
CUST_02267,Female,1,No,No,31,Yes,Yes,Fiber optic,No,Yes,No,No,No,No,One year,No,Credit card (automatic),96.22,3010.48,No
CUST_02268,Female,0,Yes,No,1,Yes,No phone service,DSL,Yes,No,No,Yes,Yes,No,Month-to-month,Yes,Credit card (automatic),19.91,40.31,No
CUST_02269,Male,0,No,No,3,Yes,Yes,Fiber optic,No,No,No,Yes,Yes,Yes,One year,No,Credit card (automatic),102.57,345.55,No
CUST_02270,Female,0,Yes,Yes,25,Yes,No phone service,No,No internet service,No internet service,No internet service,No internet service,No internet service,No internet service,Month-to-month,Yes,Electronic check,51.85,1333.99,Yes
CUST_02271,Male,0,Yes,No,8,Yes,No,DSL,Yes,Yes,Yes,No,No,Yes,Month-to-month,No,Mailed check,79.03,673.15,No
CUST_02272,Male,0,No,Yes,65,Yes,No,DSL,No,No,No,No,Yes,Yes,One year,No,Mailed check,94.44,6164.52,Yes
CUST_02273,Male,0,Yes,No,62,Yes,Yes,DSL,No,No,Yes,No,Yes,Yes,Month-to-month,Yes,Credit card (automatic),82.97,5184.23,No
CUST_02274,Female,0,Yes,No,7,Yes,Yes,Fiber optic,Yes,Yes,Yes,Yes,Yes,Yes,One year,No,Credit card (automatic),86.58,613.86,No
CUST_02275,Female,0,No,Yes,7,Yes,No,Fiber optic,Yes,Yes,No,No,Yes,No,Month-to-month,Yes,Bank transfer (automatic),109.05,764.87,No
CUST_02276,Male,0,Yes,No,8,Yes,No,Fiber optic,No,No,Yes,No,Yes,Yes,Month-to-month,No,Mailed check,56.15,481.56,No
CUST_02277,Female,0,Yes,No,19,Yes,No,Fiber optic,No,No,Yes,Yes,Yes,Yes,One year,Yes,Mailed check,73.81,1407.64,No
CUST_02278,Female,0,Yes,No,17,Yes,No phone service,Fiber optic,No,No,Yes,No,No,Yes,Month-to-month,No,Mailed check,35.84,636.86,Yes
CUST_02279,Male,0,Yes,No,11,Yes,No phone service,Fiber optic,Yes,Yes,Yes,No,Yes,Yes,Month-to-month,Yes,Bank transfer (automatic),65.69,758.64,Yes
CUST_02280,Male,0,No,Yes,49,Yes,No phone service,Fiber optic,Yes,Yes,Yes,Yes,Yes,No,Month-to-month,Yes,Credit card (automatic),33.3,1652.24,No
CUST_02281,Female,0,Yes,No,11,Yes,No phone service,Fiber optic,Yes,Yes,No,No,Yes,Yes,Month-to-month,Yes,Bank transfer (automatic),82.63,911.08,Yes
CUST_02282,Male,0,No,No,41,Yes,Yes,No,No internet service,No internet service,No internet service,No internet service,No internet service,No internet service,Month-to-month,No,Credit card (automatic),51.07,2138.38,No
CUST_02283,Female,0,Yes,Yes,62,Yes,Yes,DSL,No,Yes,Yes,No,Yes,No,Month-to-month,No,Credit card (automatic),105.62,6550.57,No
CUST_02284,Female,0,No,No,52,Yes,No phone service,DSL,Yes,No,Yes,Yes,No,Yes,Month-to-month,Yes,Credit card (automatic),53.04,2803.57,No
CUST_02285,Female,0,Yes,Yes,66,Yes,Yes,DSL,Yes,No,Yes,No,Yes,No,Two year,No,Credit card (automatic),47.26,3121.6,No
CUST_02286,Female,0,No,No,68,Yes,No phone service,No,No internet service,No internet service,No internet service,No internet service,No internet service,No internet service,Month-to-month,No,Mailed check,68.11,4668.21,No
CUST_02287,Male,1,Yes,No,67,Yes,No phone service,Fiber optic,No,No,No,Yes,No,Yes,Two year,Yes,Bank transfer (automatic),35.88,2450.44,No
CUST_02288,Male,1,Yes,No,40,Yes,No,DSL,No,Yes,Yes,Yes,Yes,Yes,Two year,Yes,Mailed check,38.79,1596.88,Yes
CUST_02289,Male,0,Yes,Yes,5,No,No phone service,No,No internet service,No internet service,No internet service,No internet service,No internet service,No internet service,Month-to-month,Yes,Electronic check,97.88,534.07,No
CUST_02290,Male,0,Yes,Yes,22,Yes,Yes,No,No internet service,No internet service,No internet service,No internet service,No internet service,No internet service,Month-to-month,No,Mailed check,68.72,1555.93,No
CUST_02291,Female,0,No,No,37,Yes,No phone service,No,No internet service,No internet service,No internet service,No internet service,No internet service,No internet service,Month-to-month,No,Credit card (automatic),39.05,1470.25,No
CUST_02292,Female,1,No,Yes,11,Yes,No,DSL,No,Yes,Yes,No,No,Yes,One year,Yes,Credit card (automatic),21.22,261.25,No
CUST_02293,Male,0,Yes,No,44,Yes,Yes,No,No internet service,No internet service,No internet service,No internet service,No internet service,No internet service,One year,Yes,Credit card (automatic),65.58,2916.54,No
CUST_02294,Female,0,No,Yes,53,Yes,No,DSL,Yes,No,No,Yes,Yes,Yes,One year,No,Mailed check,93.75,5013.46,Yes
CUST_02295,Female,0,Yes,No,61,Yes,No phone service,DSL,Yes,No,Yes,Yes,No,No,One year,Yes,Credit card (automatic),53.82,3325.01,No
CUST_02296,Female,0,Yes,Yes,67,Yes,No phone service,DSL,Yes,No,No,No,No,Yes,Month-to-month,No,Electronic check,43.29,2939.74,No
CUST_02297,Male,0,No,No,13,Yes,No phone service,Fiber optic,No,Yes,Yes,Yes,No,No,Two year,Yes,Mailed check,58.43,793.39,No
CUST_02298,Male,0,No,Yes,11,Yes,No phone service,DSL,Yes,No,No,Yes,Yes,Yes,Month-to-month,Yes,Mailed check,115.83,1305.06,No
CUST_02299,Male,0,No,Yes,11,Yes,Yes,Fiber optic,No,Yes,No,No,Yes,No,Two year,Yes,Electronic check,61.16,718.91,No
CUST_02300,Female,0,Yes,Yes,7,Yes,No phone service,No,No internet service,No internet service,No internet service,No internet service,No internet service,No internet service,Month-to-month,Yes,Mailed check,44.48,321.01,No
CUST_02301,Male,0,Yes,Yes,17,Yes,No,DSL,No,Yes,No,Yes,No,Yes,Month-to-month,Yes,Credit card (automatic),76.06,1302.7,No
CUST_02302,Male,0,No,No,48,Yes,Yes,DSL,No,Yes,Yes,No,Yes,No,Two year,No,Credit card (automatic),100.7,4882.52,No
CUST_02303,Male,1,Yes,No,14,Yes,Yes,DSL,Yes,Yes,Yes,Yes,Yes,Yes,One year,Yes,Electronic check,20.28,311.55,No
CUST_02304,Male,0,No,Yes,63,Yes,Yes,No,No internet service,No internet service,No internet service,No internet service,No internet service,No internet service,One year,Yes,Electronic check,74.93,4744.53,Yes
CUST_02305,Male,0,No,No,64,Yes,No,DSL,No,No,Yes,Yes,Yes,Yes,Month-to-month,No,Mailed check,103.3,6653.98,Yes
CUST_02306,Male,0,No,Yes,65,Yes,No,Fiber optic,Yes,Yes,Yes,No,No,No,Two year,Yes,Mailed check,39.99,2642.07,No
CUST_02307,Female,0,No,No,34,Yes,No,DSL,No,No,Yes,Yes,Yes,No,Two year,Yes,Mailed check,112.01,3817.23,No
CUST_02308,Female,1,No,Yes,9,Yes,No,No,No internet service,No internet service,No internet service,No internet service,No internet service,No internet service,Month-to-month,Yes,Credit card (automatic),76.92,701.0,No
CUST_02309,Male,0,No,No,37,Yes,No phone service,DSL,No,Yes,No,No,Yes,No,Month-to-month,Yes,Electronic check,70.71,2655.89,No
CUST_02310,Male,1,Yes,No,30,Yes,No phone service,Fiber optic,No,Yes,Yes,No,Yes,Yes,One year,Yes,Credit card (automatic),116.29,3528.09,Yes
CUST_02311,Female,0,Yes,Yes,41,Yes,No,Fiber optic,Yes,Yes,Yes,No,Yes,Yes,Two year,No,Electronic check,31.22,1291.46,No
CUST_02312,Female,1,No,Yes,45,Yes,No,No,No internet service,No internet service,No internet service,No internet service,No internet service,No internet service,One year,No,Bank transfer (automatic),93.49,4249.32,No
CUST_02313,Male,0,No,Yes,47,Yes,No phone service,DSL,No,No,Yes,No,Yes,Yes,Two year,Yes,Electronic check,101.49,4794.23,No
CUST_02314,Male,0,No,Yes,7,Yes,No phone service,Fiber optic,No,Yes,Yes,Yes,No,No,Month-to-month,No,Bank transfer (automatic),67.83,498.33,Yes
CUST_02315,Male,0,Yes,Yes,14,Yes,No,DSL,No,No,Yes,Yes,No,Yes,Two year,Yes,Electronic check,18.66,310.53,No
CUST_02316,Male,1,No,No,48,Yes,Yes,No,No internet service,No internet service,No internet service,No internet service,No internet service,No internet service,Month-to-month,No,Credit card (automatic),71.48,3457.11,Yes
CUST_02317,Female,1,No,Yes,6,Yes,Yes,Fiber optic,No,No,No,Yes,No,No,Month-to-month,Yes,Mailed check,33.66,208.8,No
CUST_02318,Male,0,No,No,34,Yes,No,Fiber optic,No,Yes,No,Yes,No,No,Month-to-month,Yes,Mailed check,75.38,2577.0,No
CUST_02319,Male,1,Yes,Yes,46,No,No phone service,Fiber optic,Yes,No,Yes,No,Yes,Yes,One year,Yes,Mailed check,93.34,4310.28,Yes
CUST_02320,Male,0,No,No,59,Yes,No phone service,DSL,Yes,No,Yes,Yes,No,No,Month-to-month,No,Bank transfer (automatic),72.17,4305.91,No
CUST_02321,Male,0,Yes,No,70,Yes,Yes,DSL,No,No,Yes,No,Yes,No,Two year,No,Mailed check,82.34,5777.13,No
CUST_02322,Female,0,Yes,Yes,8,Yes,No,Fiber optic,No,No,No,Yes,Yes,Yes,Two year,No,Credit card (automatic),28.6,250.34,No
CUST_02323,Female,0,No,Yes,24,Yes,Yes,No,No internet service,No internet service,No internet service,No internet service,No internet service,No internet service,Two year,No,Credit card (automatic),27.9,707.05,No
CUST_02324,Female,0,Yes,No,67,No,No phone service,DSL,Yes,No,No,No,Yes,Yes,Month-to-month,No,Electronic check,104.8,7035.03,Yes
CUST_02325,Male,0,Yes,No,4,Yes,Yes,No,No internet service,No internet service,No internet service,No internet service,No internet service,No internet service,Month-to-month,No,Mailed check,23.03,127.21,No
CUST_02326,Male,0,Yes,Yes,1,No,No phone service,DSL,No,Yes,No,No,No,Yes,Month-to-month,Yes,Credit card (automatic),47.0,57.37,Yes
CUST_02327,Female,0,No,No,34,Yes,No phone service,No,No internet service,No internet service,No internet service,No internet service,No internet service,No internet service,Two year,Yes,Mailed check,113.65,3876.06,No
CUST_02328,Male,0,Yes,No,9,Yes,No phone service,DSL,No,No,Yes,Yes,No,Yes,Month-to-month,No,Electronic check,64.8,632.56,Yes
CUST_02329,Male,0,No,No,63,Yes,No,DSL,Yes,No,No,Yes,No,No,One year,Yes,Bank transfer (automatic),86.8,5487.03,No
CUST_02330,Female,0,No,No,10,Yes,Yes,Fiber optic,No,No,Yes,No,No,No,One year,Yes,Credit card (automatic),40.61,442.61,Yes
CUST_02331,Female,0,No,No,10,Yes,No phone service,Fiber optic,Yes,No,Yes,No,No,No,One year,Yes,Credit card (automatic),45.59,497.93,Yes
CUST_02332,Female,0,Yes,No,50,Yes,No phone service,Fiber optic,No,Yes,No,Yes,No,Yes,Month-to-month,No,Mailed check,69.92,3513.25,No
CUST_02333,Female,0,No,Yes,44,Yes,Yes,Fiber optic,No,No,Yes,No,Yes,No,One year,No,Bank transfer (automatic),83.09,3673.65,No
CUST_02334,Male,0,Yes,Yes,48,Yes,No,Fiber optic,Yes,No,No,No,Yes,No,Month-to-month,No,Credit card (automatic),115.97,5605.07,Yes
CUST_02335,Male,0,Yes,Yes,6,Yes,Yes,DSL,Yes,Yes,No,No,No,No,Month-to-month,Yes,Bank transfer (automatic),76.59,489.9,No
CUST_02336,Female,0,Yes,Yes,24,No,No phone service,DSL,No,No,No,Yes,No,Yes,Two year,No,Mailed check,27.79,685.02,No
CUST_02337,Male,0,Yes,No,58,Yes,Yes,DSL,Yes,No,Yes,No,No,Yes,Month-to-month,Yes,Electronic check,55.43,3252.17,No
CUST_02338,Female,0,No,Yes,64,Yes,No phone service,Fiber optic,Yes,No,No,No,Yes,Yes,Two year,Yes,Credit card (automatic),42.91,2789.11,No
CUST_02339,Female,0,No,No,56,Yes,No phone service,Fiber optic,Yes,Yes,No,No,No,No,Month-to-month,Yes,Bank transfer (automatic),43.95,2472.89,Yes
CUST_02340,Male,0,Yes,No,12,Yes,No phone service,Fiber optic,No,No,No,No,No,No,Month-to-month,Yes,Electronic check,69.55,835.81,Yes
CUST_02341,Female,1,No,Yes,35,Yes,No,Fiber optic,No,No,Yes,No,No,Yes,Month-to-month,Yes,Bank transfer (automatic),50.3,1774.21,No
CUST_02342,Male,1,No,Yes,71,Yes,Yes,DSL,Yes,No,Yes,No,No,No,Two year,Yes,Mailed check,47.51,3406.9,No
CUST_02343,Male,0,No,No,6,Yes,No,Fiber optic,Yes,No,Yes,No,No,Yes,Two year,No,Electronic check,116.74,746.19,No
CUST_02344,Male,0,Yes,Yes,65,Yes,No phone service,DSL,Yes,No,No,No,No,Yes,Month-to-month,Yes,Credit card (automatic),77.56,5084.8,No
CUST_02345,Male,0,No,Yes,60,Yes,No,Fiber optic,No,Yes,No,No,No,Yes,Month-to-month,Yes,Credit card (automatic),44.7,2693.19,Yes
CUST_02346,Female,0,Yes,No,68,Yes,No,DSL,Yes,No,No,No,Yes,Yes,One year,Yes,Electronic check,46.14,3181.48,No
CUST_02347,Male,1,No,No,29,Yes,No,Fiber optic,Yes,Yes,Yes,Yes,No,Yes,Two year,Yes,Bank transfer (automatic),100.72,2961.56,No
CUST_02348,Female,0,Yes,No,38,Yes,Yes,Fiber optic,No,No,No,Yes,Yes,Yes,One year,No,Electronic check,108.42,4156.7,No
CUST_02349,Female,0,Yes,No,22,Yes,No,Fiber optic,Yes,No,No,Yes,No,Yes,Two year,Yes,Mailed check,87.26,1954.16,No
CUST_02350,Female,0,Yes,No,8,Yes,No,Fiber optic,No,No,Yes,Yes,Yes,No,Month-to-month,No,Credit card (automatic),62.01,536.42,No
CUST_02351,Female,1,No,No,63,Yes,No,DSL,No,Yes,Yes,Yes,No,No,One year,Yes,Electronic check,95.99,6090.24,No
CUST_02352,Male,0,Yes,Yes,13,Yes,No phone service,DSL,Yes,Yes,No,No,Yes,Yes,One year,No,Credit card (automatic),113.61,1517.92,No
CUST_02353,Male,0,No,Yes,27,Yes,No phone service,Fiber optic,No,No,No,No,Yes,No,Month-to-month,No,Electronic check,34.95,949.81,No
CUST_02354,Female,0,Yes,Yes,18,Yes,Yes,No,No internet service,No internet service,No internet service,No internet service,No internet service,No internet service,Two year,No,Bank transfer (automatic),105.89,1942.2,Yes
CUST_02355,Female,0,No,No,18,Yes,No phone service,DSL,No,Yes,Yes,No,Yes,No,Two year,Yes,Credit card (automatic),104.58,1924.5,No
CUST_02356,Male,0,Yes,No,62,Yes,Yes,DSL,No,Yes,Yes,Yes,No,Yes,Two year,No,Electronic check,55.38,3443.04,No
CUST_02357,Female,0,No,Yes,14,Yes,No phone service,Fiber optic,Yes,Yes,No,Yes,No,No,Month-to-month,Yes,Electronic check,47.76,679.36,No
CUST_02358,Male,1,Yes,Yes,11,Yes,Yes,Fiber optic,No,No,Yes,No,No,Yes,Month-to-month,No,Mailed check,75.66,871.58,Yes
CUST_02359,Female,1,Yes,Yes,17,Yes,Yes,Fiber optic,Yes,Yes,Yes,No,Yes,No,Month-to-month,No,Credit card (automatic),45.77,795.35,Yes
CUST_02360,Male,1,Yes,No,51,Yes,Yes,No,No internet service,No internet service,No internet service,No internet service,No internet service,No internet service,Month-to-month,Yes,Electronic check,32.83,1694.24,No
CUST_02361,Female,0,No,Yes,14,Yes,No phone service,Fiber optic,No,Yes,No,No,Yes,Yes,Two year,No,Mailed check,115.21,1631.85,No
CUST_02362,Female,0,Yes,Yes,57,No,No phone service,DSL,Yes,Yes,Yes,No,No,No,Month-to-month,Yes,Electronic check,68.12,3893.44,Yes
CUST_02363,Male,0,Yes,Yes,6,Yes,No phone service,DSL,No,No,Yes,Yes,No,Yes,Two year,Yes,Credit card (automatic),66.17,443.96,No
CUST_02364,Female,0,Yes,No,57,Yes,No,Fiber optic,Yes,Yes,Yes,No,Yes,Yes,Month-to-month,Yes,Electronic check,30.86,1799.46,No
CUST_02365,Female,0,Yes,Yes,4,Yes,No phone service,Fiber optic,No,Yes,Yes,No,No,Yes,One year,No,Credit card (automatic),69.42,290.22,No
CUST_02366,Male,0,No,Yes,11,Yes,No,DSL,No,No,No,No,No,No,Month-to-month,No,Credit card (automatic),93.77,1036.76,No
CUST_02367,Female,0,Yes,No,11,Yes,No phone service,No,No internet service,No internet service,No internet service,No internet service,No internet service,No internet service,Month-to-month,No,Mailed check,43.3,494.94,No
CUST_02368,Male,0,Yes,No,8,Yes,Yes,DSL,No,No,No,Yes,No,No,Month-to-month,No,Electronic check,55.63,465.78,Yes
CUST_02369,Male,0,No,No,59,Yes,Yes,Fiber optic,No,Yes,Yes,Yes,No,No,One year,No,Credit card (automatic),36.25,2139.07,No
CUST_02370,Female,0,No,No,21,Yes,Yes,DSL,Yes,No,No,Yes,Yes,No,Two year,Yes,Electronic check,54.22,1182.93,No
CUST_02371,Female,0,No,No,65,Yes,No,No,No internet service,No internet service,No internet service,No internet service,No internet service,No internet service,Month-to-month,No,Bank transfer (automatic),105.85,6922.86,No
CUST_02372,Female,0,Yes,Yes,24,Yes,No,Fiber optic,No,No,No,Yes,Yes,Yes,Month-to-month,Yes,Bank transfer (automatic),42.18,1054.83,No
CUST_02373,Female,0,No,Yes,30,Yes,Yes,DSL,No,No,No,Yes,No,No,One year,No,Electronic check,21.01,670.69,No
CUST_02374,Female,0,No,No,57,Yes,No,No,No internet service,No internet service,No internet service,No internet service,No internet service,No internet service,Two year,No,Mailed check,72.69,4180.26,Yes
CUST_02375,Female,0,No,No,17,Yes,Yes,DSL,No,No,Yes,Yes,No,No,Month-to-month,Yes,Bank transfer (automatic),77.11,1342.57,No
CUST_02376,Female,0,Yes,No,59,Yes,No phone service,Fiber optic,Yes,No,Yes,No,Yes,Yes,Month-to-month,Yes,Credit card (automatic),51.55,3089.4,No
CUST_02377,Male,0,Yes,No,31,Yes,No,No,No internet service,No internet service,No internet service,No internet service,No internet service,No internet service,Month-to-month,Yes,Electronic check,83.44,2622.23,Yes
CUST_02378,Female,0,Yes,Yes,64,Yes,No,Fiber optic,No,Yes,Yes,No,Yes,No,Month-to-month,No,Credit card (automatic),21.87,1430.94,No
CUST_02379,Male,0,No,Yes,48,No,No phone service,No,No internet service,No internet service,No internet service,No internet service,No internet service,No internet service,Month-to-month,No,Credit card (automatic),52.74,2570.89,Yes
CUST_02380,Female,0,Yes,No,23,Yes,No,No,No internet service,No internet service,No internet service,No internet service,No internet service,No internet service,One year,Yes,Bank transfer (automatic),32.75,765.48,No
CUST_02381,Female,0,No,No,70,Yes,No,No,No internet service,No internet service,No internet service,No internet service,No internet service,No internet service,Two year,Yes,Credit card (automatic),41.44,2949.17,No
CUST_02382,Male,0,No,No,30,No,No phone service,DSL,No,No,No,Yes,No,No,Month-to-month,No,Electronic check,57.02,1711.51,Yes
CUST_02383,Female,0,No,No,55,Yes,No phone service,DSL,No,Yes,Yes,No,No,No,Two year,Yes,Mailed check,68.33,3790.45,No
CUST_02384,Female,0,Yes,Yes,7,Yes,Yes,Fiber optic,No,No,No,No,No,Yes,One year,Yes,Bank transfer (automatic),27.51,196.4,No
CUST_02385,Male,0,No,No,12,Yes,Yes,Fiber optic,No,Yes,No,No,No,No,Two year,Yes,Bank transfer (automatic),28.33,382.68,Yes
CUST_02386,Female,1,No,No,60,Yes,No phone service,Fiber optic,Yes,No,Yes,Yes,Yes,No,Two year,No,Electronic check,86.75,5253.54,Yes
CUST_02387,Female,0,Yes,Yes,52,Yes,No phone service,DSL,No,Yes,Yes,No,No,No,Two year,No,Mailed check,59.22,3099.95,No
CUST_02388,Female,0,No,No,27,Yes,No phone service,No,No internet service,No internet service,No internet service,No internet service,No internet service,No internet service,One year,No,Mailed check,36.01,1015.0,Yes
CUST_02389,Male,0,No,Yes,12,Yes,Yes,No,No internet service,No internet service,No internet service,No internet service,No internet service,No internet service,Two year,Yes,Credit card (automatic),41.96,520.32,No
CUST_02390,Female,0,No,No,13,Yes,No phone service,Fiber optic,No,No,No,Yes,Yes,Yes,Month-to-month,Yes,Mailed check,91.45,1196.76,Yes
CUST_02391,Female,0,Yes,No,72,Yes,Yes,DSL,No,Yes,Yes,No,Yes,Yes,Month-to-month,No,Electronic check,23.28,1689.95,Yes
CUST_02392,Female,0,No,Yes,62,Yes,No phone service,DSL,No,No,Yes,Yes,Yes,No,Two year,No,Mailed check,69.89,4348.38,No
CUST_02393,Female,0,Yes,No,29,Yes,No,DSL,No,No,No,Yes,No,Yes,One year,Yes,Mailed check,54.75,1619.36,No
CUST_02394,Male,0,Yes,Yes,35,Yes,Yes,Fiber optic,Yes,No,Yes,Yes,Yes,Yes,Month-to-month,No,Credit card (automatic),100.74,3565.6,No
CUST_02395,Male,0,No,Yes,60,Yes,Yes,No,No internet service,No internet service,No internet service,No internet service,No internet service,No internet service,Two year,Yes,Credit card (automatic),98.59,5925.72,No
CUST_02396,Female,0,No,Yes,29,Yes,No phone service,DSL,Yes,Yes,Yes,No,Yes,Yes,Month-to-month,No,Electronic check,88.3,2565.07,No
CUST_02397,Female,0,No,No,31,Yes,No,Fiber optic,Yes,No,No,Yes,No,No,Month-to-month,No,Mailed check,57.25,1785.77,Yes
CUST_02398,Male,0,No,No,61,No,No phone service,Fiber optic,No,Yes,No,No,Yes,Yes,One year,No,Mailed check,82.39,5040.38,No
CUST_02399,Male,0,Yes,Yes,2,No,No phone service,DSL,No,No,Yes,Yes,Yes,Yes,One year,No,Bank transfer (automatic),83.26,180.52,Yes
CUST_02400,Female,1,Yes,No,33,Yes,No,Fiber optic,No,Yes,No,Yes,Yes,Yes,One year,No,Mailed check,51.88,1723.18,No
CUST_02401,Male,0,No,No,72,Yes,Yes,Fiber optic,Yes,No,No,Yes,Yes,Yes,Month-to-month,No,Bank transfer (automatic),107.76,7781.84,Yes
CUST_02402,Female,0,Yes,No,62,Yes,No phone service,No,No internet service,No internet service,No internet service,No internet service,No internet service,No internet service,Two year,Yes,Credit card (automatic),118.46,7387.04,No
CUST_02403,Male,0,No,Yes,59,Yes,No,Fiber optic,Yes,Yes,Yes,No,Yes,No,Two year,Yes,Credit card (automatic),50.07,2959.32,No
CUST_02404,Male,0,No,Yes,40,No,No phone service,Fiber optic,No,Yes,Yes,No,Yes,Yes,Month-to-month,Yes,Credit card (automatic),99.73,4032.11,Yes
CUST_02405,Male,1,No,No,49,Yes,Yes,DSL,No,No,Yes,No,Yes,Yes,Month-to-month,No,Bank transfer (automatic),69.09,3410.39,No
CUST_02406,Male,0,No,Yes,32,Yes,No,DSL,Yes,Yes,No,Yes,Yes,No,Month-to-month,No,Bank transfer (automatic),65.29,2122.38,Yes
CUST_02407,Female,1,Yes,No,38,Yes,No phone service,DSL,Yes,Yes,No,No,Yes,Yes,Two year,No,Bank transfer (automatic),57.43,2223.09,No
CUST_02408,Male,0,Yes,No,13,Yes,No phone service,DSL,No,Yes,Yes,Yes,No,No,Two year,Yes,Mailed check,47.79,636.44,No
CUST_02409,Male,0,No,No,54,Yes,No,DSL,Yes,Yes,Yes,No,Yes,No,One year,No,Credit card (automatic),111.79,6084.36,Yes
CUST_02410,Female,0,No,Yes,13,Yes,Yes,DSL,Yes,Yes,Yes,Yes,No,No,Two year,Yes,Bank transfer (automatic),93.56,1220.51,No
CUST_02411,Male,1,Yes,Yes,39,Yes,No,Fiber optic,Yes,No,Yes,No,Yes,No,One year,No,Credit card (automatic),62.95,2481.5,No
CUST_02412,Male,0,Yes,No,23,Yes,No,Fiber optic,Yes,Yes,No,Yes,Yes,No,Month-to-month,Yes,Bank transfer (automatic),94.66,2189.91,No
CUST_02413,Female,0,Yes,Yes,14,Yes,No,DSL,Yes,Yes,Yes,Yes,No,No,Month-to-month,Yes,Bank transfer (automatic),91.3,1298.56,Yes
CUST_02414,Male,0,No,No,17,Yes,Yes,DSL,Yes,Yes,No,No,No,Yes,Month-to-month,Yes,Credit card (automatic),45.27,792.01,No
CUST_02415,Female,0,Yes,Yes,24,Yes,No,Fiber optic,Yes,Yes,Yes,No,No,No,Month-to-month,No,Mailed check,35.97,908.9,Yes
CUST_02416,Female,1,No,Yes,58,Yes,No,DSL,No,No,Yes,Yes,Yes,Yes,One year,Yes,Electronic check,103.3,6013.63,No
CUST_02417,Female,0,No,Yes,63,Yes,Yes,Fiber optic,Yes,Yes,No,Yes,No,No,Month-to-month,No,Bank transfer (automatic),100.76,6382.99,No
CUST_02418,Female,0,Yes,No,34,Yes,Yes,Fiber optic,No,No,Yes,No,No,Yes,Month-to-month,Yes,Credit card (automatic),119.68,4116.71,Yes
CUST_02419,Male,0,No,No,51,Yes,No,DSL,No,Yes,Yes,Yes,Yes,No,Month-to-month,Yes,Credit card (automatic),19.98,1043.45,Yes
CUST_02420,Female,0,Yes,No,10,Yes,No phone service,DSL,Yes,No,No,No,Yes,Yes,One year,No,Bank transfer (automatic),73.12,751.6,No
CUST_02421,Male,1,No,Yes,72,Yes,No,DSL,No,Yes,No,Yes,Yes,No,Two year,Yes,Credit card (automatic),89.53,6495.16,No
CUST_02422,Male,0,No,No,21,Yes,Yes,DSL,Yes,Yes,Yes,No,Yes,Yes,Two year,Yes,Electronic check,77.42,1667.18,No
CUST_02423,Male,0,No,No,37,Yes,Yes,No,No internet service,No internet service,No internet service,No internet service,No internet service,No internet service,One year,No,Mailed check,90.47,3394.2,No
CUST_02424,Male,1,No,No,7,Yes,Yes,DSL,No,Yes,No,No,No,Yes,Two year,Yes,Bank transfer (automatic),32.0,243.87,No
CUST_02425,Male,0,No,No,13,Yes,No phone service,Fiber optic,Yes,No,Yes,Yes,No,No,Month-to-month,Yes,Credit card (automatic),18.15,270.83,No
CUST_02426,Male,0,No,Yes,30,Yes,Yes,Fiber optic,No,Yes,Yes,No,Yes,Yes,Month-to-month,Yes,Credit card (automatic),27.49,837.16,Yes
CUST_02427,Male,0,Yes,Yes,31,Yes,No phone service,DSL,Yes,No,Yes,No,Yes,No,Month-to-month,Yes,Credit card (automatic),56.77,1803.04,No
CUST_02428,Male,0,Yes,No,5,Yes,Yes,DSL,No,No,No,No,Yes,Yes,Month-to-month,Yes,Mailed check,51.55,304.41,No
CUST_02429,Male,0,No,Yes,32,Yes,Yes,No,No internet service,No internet service,No internet service,No internet service,No internet service,No internet service,One year,Yes,Credit card (automatic),107.15,3442.14,No
CUST_02430,Male,1,Yes,Yes,16,Yes,No,No,No internet service,No internet service,No internet service,No internet service,No internet service,No internet service,Month-to-month,No,Bank transfer (automatic),26.52,429.56,No
CUST_02431,Female,0,No,Yes,22,Yes,No phone service,DSL,No,No,Yes,Yes,No,Yes,Two year,Yes,Mailed check,63.16,1399.47,No
CUST_02432,Female,0,Yes,Yes,64,Yes,No,DSL,Yes,Yes,Yes,Yes,Yes,Yes,Month-to-month,Yes,Mailed check,115.7,7436.31,No
CUST_02433,Female,1,Yes,Yes,44,Yes,No phone service,Fiber optic,Yes,Yes,Yes,Yes,Yes,No,Month-to-month,No,Bank transfer (automatic),69.3,3062.64,No
CUST_02434,Male,0,No,No,40,Yes,Yes,DSL,No,Yes,No,No,Yes,No,Two year,Yes,Credit card (automatic),31.5,1292.12,No
CUST_02435,Female,0,Yes,Yes,37,No,No phone service,DSL,Yes,Yes,Yes,Yes,Yes,No,Month-to-month,No,Bank transfer (automatic),47.71,1782.75,No
CUST_02436,Female,0,No,No,16,Yes,No phone service,DSL,No,Yes,No,No,No,Yes,Month-to-month,Yes,Mailed check,81.93,1356.77,No
CUST_02437,Female,1,Yes,No,43,Yes,No,DSL,No,Yes,No,Yes,Yes,Yes,Month-to-month,Yes,Credit card (automatic),19.22,849.22,No
CUST_02438,Male,0,No,No,63,Yes,No phone service,DSL,No,Yes,Yes,Yes,No,Yes,Month-to-month,Yes,Bank transfer (automatic),116.75,7379.89,No
CUST_02439,Male,0,Yes,Yes,15,Yes,No phone service,Fiber optic,Yes,No,No,Yes,Yes,Yes,One year,No,Electronic check,75.83,1154.88,No
CUST_02440,Male,0,No,Yes,44,Yes,No phone service,Fiber optic,No,No,No,Yes,Yes,Yes,One year,No,Mailed check,89.82,3955.83,Yes
CUST_02441,Male,0,Yes,Yes,9,Yes,Yes,Fiber optic,Yes,Yes,No,No,Yes,Yes,Month-to-month,Yes,Credit card (automatic),68.89,644.73,Yes
CUST_02442,Female,0,No,Yes,65,No,No phone service,DSL,No,No,Yes,Yes,Yes,Yes,Two year,Yes,Electronic check,115.71,7559.76,No
CUST_02443,Female,0,Yes,No,44,Yes,Yes,Fiber optic,No,No,Yes,Yes,Yes,No,One year,Yes,Bank transfer (automatic),78.1,3484.07,No
CUST_02444,Female,0,No,No,20,Yes,No,Fiber optic,No,No,Yes,No,Yes,No,Month-to-month,No,Credit card (automatic),85.52,1714.28,Yes
CUST_02445,Female,0,Yes,No,70,Yes,Yes,DSL,Yes,Yes,Yes,Yes,Yes,Yes,Month-to-month,No,Credit card (automatic),105.81,7446.25,No
CUST_02446,Male,1,No,Yes,33,Yes,No,DSL,No,No,Yes,Yes,Yes,Yes,Two year,Yes,Electronic check,105.88,3507.35,No
CUST_02447,Male,0,Yes,No,6,Yes,No,DSL,Yes,Yes,Yes,No,No,Yes,One year,No,Electronic check,20.87,166.38,No
CUST_02448,Male,0,No,No,31,No,No phone service,DSL,Yes,No,No,Yes,Yes,No,Month-to-month,No,Mailed check,46.9,1470.9,No
CUST_02449,Female,0,No,No,66,No,No phone service,No,No internet service,No internet service,No internet service,No internet service,No internet service,No internet service,Month-to-month,No,Electronic check,43.12,2851.94,No
CUST_02450,Male,0,No,Yes,18,Yes,No phone service,Fiber optic,Yes,No,No,No,Yes,Yes,Month-to-month,No,Credit card (automatic),18.68,366.8,Yes
CUST_02451,Male,0,No,No,28,Yes,Yes,DSL,Yes,No,No,No,No,No,Month-to-month,Yes,Credit card (automatic),107.43,3052.79,No
CUST_02452,Female,0,Yes,No,68,Yes,No,Fiber optic,No,Yes,No,Yes,No,Yes,Month-to-month,No,Bank transfer (automatic),50.35,3432.76,Yes
CUST_02453,Female,0,Yes,Yes,65,Yes,No phone service,DSL,Yes,No,No,Yes,Yes,No,Two year,Yes,Mailed check,53.39,3471.39,No
CUST_02454,Male,0,Yes,No,45,Yes,Yes,DSL,No,Yes,No,Yes,Yes,Yes,Two year,Yes,Bank transfer (automatic),28.16,1311.46,No
CUST_02455,Male,0,No,Yes,58,Yes,No,DSL,No,Yes,No,No,No,No,Two year,No,Credit card (automatic),118.95,6934.08,Yes
CUST_02456,Male,0,No,No,47,Yes,No,Fiber optic,Yes,Yes,Yes,No,No,Yes,Month-to-month,No,Bank transfer (automatic),102.28,4847.48,Yes
CUST_02457,Male,0,No,Yes,66,Yes,No phone service,DSL,No,No,Yes,Yes,No,No,Month-to-month,No,Electronic check,76.33,5040.77,No
CUST_02458,Male,0,No,Yes,52,Yes,Yes,DSL,No,No,No,No,Yes,No,Month-to-month,No,Bank transfer (automatic),96.74,5074.84,Yes
CUST_02459,Male,0,No,Yes,36,Yes,No phone service,DSL,Yes,Yes,No,No,Yes,Yes,One year,No,Credit card (automatic),97.27,3522.52,No
CUST_02460,Female,0,Yes,No,1,Yes,No phone service,DSL,Yes,Yes,Yes,Yes,No,Yes,Month-to-month,Yes,Electronic check,84.99,129.87,No
CUST_02461,Female,0,Yes,No,39,Yes,No phone service,Fiber optic,No,Yes,Yes,No,No,Yes,Month-to-month,Yes,Credit card (automatic),35.75,1397.46,No
CUST_02462,Female,0,Yes,Yes,1,Yes,No phone service,No,No internet service,No internet service,No internet service,No internet service,No internet service,No internet service,Month-to-month,Yes,Mailed check,91.47,135.71,Yes
CUST_02463,Male,0,No,Yes,14,Yes,Yes,Fiber optic,Yes,No,No,No,Yes,Yes,Two year,Yes,Mailed check,76.1,1099.08,No
CUST_02464,Female,0,No,Yes,71,Yes,No phone service,Fiber optic,No,Yes,No,No,Yes,Yes,One year,No,Electronic check,91.86,6549.44,No
CUST_02465,Male,0,No,Yes,23,Yes,No,No,No internet service,No internet service,No internet service,No internet service,No internet service,No internet service,Month-to-month,No,Mailed check,73.43,1692.03,No
CUST_02466,Male,0,No,Yes,43,Yes,No,DSL,Yes,No,No,No,No,Yes,Two year,No,Mailed check,115.55,5002.92,Yes
CUST_02467,Female,1,No,Yes,22,Yes,No,DSL,Yes,Yes,No,Yes,Yes,No,Two year,No,Mailed check,81.96,1832.93,No
CUST_02468,Male,0,No,Yes,60,Yes,No phone service,Fiber optic,Yes,Yes,Yes,Yes,Yes,Yes,Month-to-month,Yes,Mailed check,76.52,4627.24,No
CUST_02469,Male,1,No,Yes,27,Yes,No,DSL,Yes,No,Yes,Yes,No,Yes,Month-to-month,Yes,Credit card (automatic),103.96,2842.87,No
CUST_02470,Female,0,Yes,Yes,56,Yes,Yes,Fiber optic,Yes,Yes,Yes,Yes,Yes,No,Two year,No,Electronic check,56.68,3196.39,No
CUST_02471,Female,0,Yes,Yes,2,Yes,No phone service,DSL,No,Yes,No,No,No,Yes,Month-to-month,Yes,Electronic check,50.21,110.66,No
CUST_02472,Female,1,No,Yes,39,Yes,No phone service,DSL,Yes,No,Yes,Yes,No,Yes,Two year,Yes,Credit card (automatic),69.32,2749.55,No
CUST_02473,Male,0,No,Yes,51,Yes,No phone service,Fiber optic,No,Yes,Yes,Yes,Yes,Yes,Month-to-month,No,Bank transfer (automatic),77.62,4004.68,Yes
CUST_02474,Female,0,No,No,19,Yes,Yes,No,No internet service,No internet service,No internet service,No internet service,No internet service,No internet service,Month-to-month,No,Bank transfer (automatic),40.49,779.89,No
CUST_02475,Female,0,Yes,Yes,62,Yes,No phone service,DSL,No,No,No,No,No,Yes,Month-to-month,Yes,Mailed check,87.59,5462.28,No
CUST_02476,Male,0,Yes,No,71,Yes,No phone service,DSL,No,Yes,No,No,No,Yes,One year,No,Electronic check,99.84,7098.94,Yes
CUST_02477,Female,0,No,No,67,No,No phone service,Fiber optic,Yes,No,No,Yes,Yes,Yes,Two year,No,Electronic check,76.89,5194.46,No
CUST_02478,Female,0,Yes,No,63,Yes,No,DSL,No,Yes,Yes,Yes,Yes,No,Month-to-month,No,Electronic check,71.34,4499.47,Yes
CUST_02479,Female,0,Yes,Yes,5,Yes,No phone service,DSL,Yes,No,No,No,Yes,No,Month-to-month,Yes,Bank transfer (automatic),48.05,289.78,Yes
CUST_02480,Male,0,Yes,No,72,Yes,Yes,DSL,No,No,No,No,No,Yes,Month-to-month,No,Mailed check,110.78,8006.52,No
CUST_02481,Male,1,No,Yes,61,Yes,No,Fiber optic,No,Yes,Yes,Yes,Yes,Yes,Two year,Yes,Electronic check,94.96,5793.64,No
CUST_02482,Male,0,Yes,No,71,No,No phone service,No,No internet service,No internet service,No internet service,No internet service,No internet service,No internet service,Two year,No,Bank transfer (automatic),66.99,4800.33,No
CUST_02483,Male,0,Yes,Yes,7,Yes,No,Fiber optic,Yes,Yes,No,No,Yes,Yes,Month-to-month,No,Credit card (automatic),85.23,630.83,Yes
CUST_02484,Female,0,No,Yes,50,Yes,No,DSL,No,No,No,Yes,No,No,Two year,No,Electronic check,52.36,2652.95,No
CUST_02485,Male,0,No,No,46,Yes,Yes,DSL,Yes,No,No,No,No,No,One year,Yes,Credit card (automatic),24.1,1122.41,No
CUST_02486,Male,0,Yes,No,72,Yes,No phone service,DSL,No,Yes,No,No,No,Yes,Month-to-month,Yes,Electronic check,38.8,2810.48,No
CUST_02487,Female,0,No,Yes,14,Yes,No,No,No internet service,No internet service,No internet service,No internet service,No internet service,No internet service,One year,No,Bank transfer (automatic),26.11,411.23,No
CUST_02488,Female,0,Yes,No,69,Yes,No phone service,Fiber optic,Yes,No,No,No,Yes,No,Month-to-month,No,Bank transfer (automatic),69.83,4850.29,No
CUST_02489,Female,0,Yes,Yes,65,Yes,Yes,DSL,No,Yes,No,No,No,Yes,Two year,Yes,Electronic check,81.45,5295.13,No
CUST_02490,Male,0,No,Yes,65,Yes,Yes,Fiber optic,Yes,No,Yes,No,Yes,Yes,Month-to-month,No,Mailed check,56.81,3708.73,No
CUST_02491,Male,1,No,Yes,57,Yes,No,Fiber optic,No,Yes,Yes,Yes,No,Yes,Two year,Yes,Mailed check,72.08,4138.24,No
CUST_02492,Male,0,Yes,No,62,Yes,Yes,No,No internet service,No internet service,No internet service,No internet service,No internet service,No internet service,Two year,No,Bank transfer (automatic),26.71,1663.69,No
CUST_02493,Female,0,No,Yes,20,Yes,No,No,No internet service,No internet service,No internet service,No internet service,No internet service,No internet service,One year,Yes,Credit card (automatic),96.54,1935.63,No
CUST_02494,Female,0,No,Yes,26,Yes,No phone service,DSL,No,No,Yes,Yes,No,Yes,Month-to-month,No,Credit card (automatic),21.34,557.91,No
CUST_02495,Male,0,Yes,Yes,44,Yes,No,Fiber optic,No,Yes,Yes,No,Yes,Yes,Two year,Yes,Electronic check,82.71,3670.83,Yes
CUST_02496,Female,1,Yes,Yes,67,Yes,No,Fiber optic,Yes,No,Yes,Yes,Yes,Yes,One year,No,Credit card (automatic),62.2,4183.52,No
CUST_02497,Female,0,Yes,No,70,Yes,Yes,DSL,No,No,No,No,Yes,Yes,Two year,No,Credit card (automatic),36.75,2591.04,Yes
CUST_02498,Female,0,Yes,No,62,Yes,No phone service,Fiber optic,No,Yes,No,Yes,Yes,Yes,Month-to-month,No,Credit card (automatic),71.35,4426.81,Yes
CUST_02499,Male,0,Yes,No,45,Yes,No phone service,Fiber optic,Yes,Yes,No,No,No,Yes,Two year,No,Bank transfer (automatic),97.66,4431.45,No
CUST_02500,Female,0,Yes,No,11,Yes,No,DSL,No,No,No,No,No,No,Two year,No,Electronic check,60.18,700.31,No
CUST_02501,Female,0,No,Yes,72,Yes,No phone service,Fiber optic,No,Yes,No,No,No,No,Two year,No,Electronic check,55.51,4037.93,Yes
CUST_02502,Male,0,No,Yes,34,Yes,No phone service,Fiber optic,No,Yes,Yes,Yes,Yes,No,Month-to-month,Yes,Electronic check,32.53,1138.64,No
CUST_02503,Male,1,Yes,Yes,46,Yes,No,DSL,Yes,No,Yes,Yes,Yes,Yes,Month-to-month,No,Bank transfer (automatic),78.65,3656.41,No
CUST_02504,Female,0,No,Yes,32,Yes,No,DSL,Yes,Yes,No,Yes,Yes,Yes,Month-to-month,No,Bank transfer (automatic),102.46,3307.5,No
CUST_02505,Female,1,No,Yes,5,Yes,No phone service,Fiber optic,No,No,No,No,No,No,Month-to-month,No,Bank transfer (automatic),75.26,400.87,No
CUST_02506,Male,0,Yes,Yes,63,Yes,No,DSL,Yes,No,No,Yes,Yes,No,Month-to-month,No,Bank transfer (automatic),34.84,2207.84,No
CUST_02507,Male,0,No,No,29,Yes,Yes,No,No internet service,No internet service,No internet service,No internet service,No internet service,No internet service,Two year,Yes,Mailed check,85.45,2480.58,Yes
CUST_02508,Female,0,No,Yes,48,No,No phone service,DSL,Yes,No,Yes,No,Yes,No,One year,Yes,Credit card (automatic),21.07,1026.17,Yes
CUST_02509,Female,0,Yes,Yes,16,No,No phone service,DSL,No,No,No,No,Yes,No,Month-to-month,No,Electronic check,103.48,1689.89,No
CUST_02510,Female,0,No,Yes,25,No,No phone service,DSL,No,Yes,Yes,Yes,No,No,Two year,No,Bank transfer (automatic),111.99,2846.15,Yes
CUST_02511,Female,0,No,No,72,Yes,No phone service,Fiber optic,No,No,No,No,Yes,Yes,One year,No,Electronic check,78.9,5693.45,Yes
CUST_02512,Male,0,Yes,Yes,29,Yes,Yes,Fiber optic,Yes,No,No,Yes,No,No,Two year,No,Mailed check,107.94,3163.8,No
CUST_02513,Female,0,No,Yes,52,Yes,Yes,Fiber optic,No,Yes,Yes,No,No,No,Two year,No,Bank transfer (automatic),26.62,1408.13,No
CUST_02514,Female,0,No,Yes,46,Yes,No phone service,DSL,No,No,No,No,No,Yes,Two year,No,Mailed check,41.29,1930.77,No
CUST_02515,Male,0,No,No,25,Yes,Yes,No,No internet service,No internet service,No internet service,No internet service,No internet service,No internet service,Month-to-month,Yes,Bank transfer (automatic),50.36,1259.1,No
CUST_02516,Female,0,Yes,Yes,23,Yes,No,DSL,Yes,Yes,No,No,No,No,Two year,Yes,Electronic check,96.86,2233.98,No
CUST_02517,Male,0,Yes,Yes,34,Yes,No phone service,DSL,No,Yes,No,No,No,Yes,Month-to-month,Yes,Credit card (automatic),67.39,2302.19,No
CUST_02518,Female,0,No,No,67,Yes,Yes,DSL,Yes,Yes,Yes,No,Yes,No,One year,Yes,Mailed check,53.53,3631.28,No
CUST_02519,Female,0,No,Yes,34,Yes,No phone service,DSL,No,No,Yes,No,No,No,Two year,No,Credit card (automatic),34.12,1162.21,Yes
CUST_02520,Male,1,Yes,No,32,Yes,No phone service,DSL,Yes,No,Yes,No,No,Yes,Month-to-month,No,Mailed check,100.69,3250.42,Yes
CUST_02521,Male,0,Yes,Yes,29,Yes,No,DSL,Yes,No,No,No,Yes,Yes,One year,Yes,Bank transfer (automatic),20.09,629.14,No
CUST_02522,Female,0,No,No,9,No,No phone service,DSL,No,Yes,No,No,Yes,Yes,Month-to-month,Yes,Credit card (automatic),52.4,504.22,Yes
CUST_02523,Female,1,Yes,Yes,66,No,No phone service,No,No internet service,No internet service,No internet service,No internet service,No internet service,No internet service,Month-to-month,No,Electronic check,42.76,2846.59,No
CUST_02524,Female,0,No,Yes,57,Yes,Yes,DSL,No,No,No,No,Yes,No,Month-to-month,Yes,Electronic check,31.16,1795.37,No
CUST_02525,Male,1,No,No,39,Yes,Yes,Fiber optic,Yes,No,No,No,Yes,Yes,Two year,Yes,Credit card (automatic),35.55,1417.59,No
CUST_02526,Female,0,Yes,Yes,7,Yes,Yes,Fiber optic,No,Yes,Yes,No,Yes,No,Month-to-month,No,Electronic check,68.37,502.59,Yes
CUST_02527,Male,0,Yes,Yes,69,Yes,No,DSL,Yes,Yes,Yes,No,Yes,No,Two year,Yes,Electronic check,61.46,4275.86,No
CUST_02528,Male,0,No,No,8,Yes,No phone service,Fiber optic,No,Yes,No,Yes,No,Yes,One year,No,Bank transfer (automatic),70.87,597.88,No
CUST_02529,Female,0,No,Yes,18,Yes,No,Fiber optic,No,Yes,Yes,No,Yes,Yes,One year,Yes,Credit card (automatic),92.22,1688.28,No
CUST_02530,Male,0,Yes,No,49,Yes,Yes,DSL,No,No,Yes,No,Yes,No,Two year,No,Credit card (automatic),109.02,5389.7,No
CUST_02531,Female,0,No,Yes,16,Yes,Yes,No,No internet service,No internet service,No internet service,No internet service,No internet service,No internet service,One year,No,Mailed check,30.08,523.11,No
CUST_02532,Female,0,Yes,No,21,No,No phone service,Fiber optic,No,No,Yes,Yes,No,Yes,Month-to-month,No,Bank transfer (automatic),26.43,585.54,No
CUST_02533,Female,0,Yes,Yes,10,Yes,No,No,No internet service,No internet service,No internet service,No internet service,No internet service,No internet service,Month-to-month,Yes,Electronic check,50.68,533.69,No
CUST_02534,Female,0,Yes,Yes,4,Yes,Yes,No,No internet service,No internet service,No internet service,No internet service,No internet service,No internet service,One year,Yes,Mailed check,73.72,331.09,No
CUST_02535,Female,0,Yes,No,44,Yes,No,DSL,No,No,Yes,Yes,Yes,Yes,One year,Yes,Credit card (automatic),28.19,1280.49,Yes
CUST_02536,Male,0,Yes,Yes,8,Yes,No phone service,DSL,Yes,No,Yes,No,No,Yes,Month-to-month,Yes,Mailed check,91.03,742.99,Yes
CUST_02537,Male,0,No,No,55,Yes,No,DSL,Yes,No,No,No,Yes,No,One year,No,Credit card (automatic),74.72,4143.04,No
CUST_02538,Female,1,Yes,No,19,Yes,Yes,No,No internet service,No internet service,No internet service,No internet service,No internet service,No internet service,Month-to-month,Yes,Electronic check,94.34,1799.28,No
CUST_02539,Female,0,Yes,No,64,Yes,No phone service,No,No internet service,No internet service,No internet service,No internet service,No internet service,No internet service,Two year,No,Bank transfer (automatic),54.51,3509.98,Yes
CUST_02540,Male,1,Yes,Yes,40,Yes,Yes,Fiber optic,No,Yes,Yes,No,No,No,One year,Yes,Bank transfer (automatic),58.91,2403.4,No
CUST_02541,Male,0,Yes,Yes,51,Yes,No phone service,DSL,Yes,No,No,Yes,No,No,Two year,No,Electronic check,100.37,5135.3,No
CUST_02542,Male,0,Yes,Yes,9,Yes,Yes,DSL,No,Yes,No,Yes,No,No,One year,No,Mailed check,45.23,414.83,No
CUST_02543,Male,0,Yes,No,30,Yes,No,No,No internet service,No internet service,No internet service,No internet service,No internet service,No internet service,Two year,No,Mailed check,56.9,1714.44,No
CUST_02544,Female,0,Yes,No,56,Yes,Yes,No,No internet service,No internet service,No internet service,No internet service,No internet service,No internet service,One year,Yes,Bank transfer (automatic),19.38,1104.76,No
CUST_02545,Female,0,No,No,44,Yes,No,DSL,No,No,Yes,No,Yes,No,One year,Yes,Mailed check,74.64,3295.54,No
CUST_02546,Male,0,No,Yes,59,Yes,No,DSL,Yes,Yes,No,No,No,Yes,Month-to-month,No,Electronic check,104.85,6207.46,No
CUST_02547,Female,0,No,No,15,Yes,No phone service,DSL,No,Yes,Yes,No,No,No,Month-to-month,Yes,Credit card (automatic),20.84,348.62,Yes
CUST_02548,Male,0,No,Yes,68,No,No phone service,DSL,Yes,No,No,Yes,No,Yes,Two year,No,Mailed check,80.61,5525.65,No
CUST_02549,Female,0,Yes,Yes,70,Yes,No,No,No internet service,No internet service,No internet service,No internet service,No internet service,No internet service,Month-to-month,Yes,Bank transfer (automatic),104.24,7302.01,No
CUST_02550,Male,0,No,Yes,61,Yes,No,Fiber optic,Yes,No,No,No,Yes,Yes,Month-to-month,Yes,Bank transfer (automatic),68.38,4209.66,Yes
CUST_02551,Female,0,Yes,Yes,23,Yes,No phone service,Fiber optic,No,No,No,No,Yes,No,Two year,Yes,Electronic check,49.93,1153.52,Yes
CUST_02552,Male,0,No,Yes,47,Yes,Yes,Fiber optic,Yes,Yes,Yes,Yes,Yes,No,One year,Yes,Bank transfer (automatic),119.65,5642.59,No
CUST_02553,Male,0,No,Yes,17,Yes,Yes,DSL,No,Yes,Yes,Yes,Yes,No,Month-to-month,No,Electronic check,24.61,468.24,No
CUST_02554,Female,0,Yes,Yes,57,Yes,No,DSL,No,No,Yes,No,Yes,No,Month-to-month,Yes,Mailed check,39.46,2252.84,Yes
CUST_02555,Male,0,Yes,Yes,54,Yes,No,Fiber optic,No,Yes,No,No,Yes,No,One year,Yes,Mailed check,108.29,5849.07,Yes
CUST_02556,Female,0,No,No,52,Yes,Yes,Fiber optic,Yes,Yes,No,Yes,No,Yes,One year,Yes,Mailed check,48.33,2529.6,No
CUST_02557,Female,0,No,Yes,22,Yes,No,DSL,No,Yes,Yes,Yes,No,Yes,Two year,No,Electronic check,101.62,2283.29,No
CUST_02558,Male,0,No,Yes,39,Yes,Yes,DSL,Yes,Yes,Yes,No,No,No,Month-to-month,No,Bank transfer (automatic),51.99,2028.48,Yes
CUST_02559,Female,0,No,No,13,Yes,No phone service,DSL,Yes,Yes,Yes,Yes,Yes,No,One year,No,Electronic check,100.82,1321.82,No
CUST_02560,Female,0,Yes,No,66,Yes,No,DSL,Yes,No,No,Yes,Yes,No,Two year,No,Mailed check,87.94,5834.48,Yes
CUST_02561,Female,1,No,No,52,Yes,No,Fiber optic,No,No,No,Yes,Yes,No,Two year,No,Mailed check,65.79,3432.73,Yes
CUST_02562,Female,1,No,No,14,No,No phone service,Fiber optic,Yes,No,Yes,Yes,Yes,Yes,Month-to-month,No,Mailed check,71.34,1001.46,No
CUST_02563,Female,0,No,Yes,63,Yes,Yes,Fiber optic,Yes,No,Yes,Yes,No,No,Month-to-month,Yes,Mailed check,36.12,2278.26,Yes
CUST_02564,Male,0,No,No,71,Yes,No phone service,No,No internet service,No internet service,No internet service,No internet service,No internet service,No internet service,One year,No,Mailed check,29.82,2145.19,Yes
CUST_02565,Female,0,No,No,28,Yes,No,Fiber optic,No,No,No,Yes,Yes,No,Two year,No,Electronic check,91.13,2579.68,No
CUST_02566,Female,0,Yes,No,46,Yes,Yes,DSL,No,No,No,No,Yes,No,Two year,Yes,Mailed check,104.55,4844.83,No
CUST_02567,Female,0,Yes,No,28,Yes,No phone service,DSL,No,Yes,No,Yes,Yes,No,One year,Yes,Electronic check,91.64,2572.54,No
CUST_02568,Female,0,Yes,Yes,2,Yes,Yes,No,No internet service,No internet service,No internet service,No internet service,No internet service,No internet service,Two year,Yes,Electronic check,111.11,247.22,No
CUST_02569,Female,1,Yes,No,17,No,No phone service,Fiber optic,Yes,Yes,No,No,No,Yes,Month-to-month,Yes,Mailed check,108.79,1879.44,No
CUST_02570,Male,0,Yes,No,59,Yes,No phone service,DSL,Yes,Yes,Yes,No,No,Yes,Two year,No,Mailed check,97.38,5756.25,Yes
CUST_02571,Female,0,No,No,52,Yes,No phone service,Fiber optic,Yes,Yes,Yes,No,Yes,No,Two year,No,Credit card (automatic),109.61,5727.03,No
CUST_02572,Male,0,Yes,No,4,Yes,No phone service,Fiber optic,Yes,Yes,No,No,No,No,Two year,No,Mailed check,35.06,175.64,Yes
CUST_02573,Male,0,Yes,Yes,3,Yes,No phone service,No,No internet service,No internet service,No internet service,No internet service,No internet service,No internet service,Two year,No,Electronic check,92.6,327.34,No
CUST_02574,Male,0,No,No,37,No,No phone service,No,No internet service,No internet service,No internet service,No internet service,No internet service,No internet service,Month-to-month,Yes,Bank transfer (automatic),94.88,3540.2,No
CUST_02575,Male,1,Yes,No,24,Yes,No phone service,Fiber optic,No,Yes,Yes,Yes,No,No,Month-to-month,No,Electronic check,33.71,851.99,No
CUST_02576,Female,0,Yes,No,72,Yes,No,Fiber optic,No,No,Yes,No,No,No,Month-to-month,No,Mailed check,110.78,8017.66,Yes
CUST_02577,Male,0,Yes,Yes,35,Yes,No phone service,DSL,Yes,No,Yes,No,No,Yes,Two year,Yes,Electronic check,18.9,708.38,No
CUST_02578,Male,0,Yes,No,2,Yes,No,Fiber optic,Yes,No,No,Yes,No,Yes,Two year,Yes,Bank transfer (automatic),62.33,160.81,Yes
CUST_02579,Female,0,No,No,33,Yes,Yes,Fiber optic,Yes,Yes,Yes,Yes,No,Yes,Month-to-month,Yes,Bank transfer (automatic),20.19,676.95,No
CUST_02580,Female,0,No,Yes,10,Yes,Yes,Fiber optic,No,Yes,No,No,Yes,Yes,Month-to-month,No,Bank transfer (automatic),71.38,728.73,Yes
CUST_02581,Female,0,Yes,No,62,Yes,No phone service,Fiber optic,No,No,Yes,No,Yes,No,One year,No,Electronic check,60.04,3761.71,No
CUST_02582,Male,0,No,Yes,43,Yes,Yes,No,No internet service,No internet service,No internet service,No internet service,No internet service,No internet service,Month-to-month,Yes,Bank transfer (automatic),81.55,3532.79,Yes
CUST_02583,Female,0,Yes,Yes,69,Yes,No phone service,DSL,Yes,No,Yes,Yes,Yes,Yes,Month-to-month,Yes,Bank transfer (automatic),96.18,6648.8,No
CUST_02584,Female,0,No,No,59,No,No phone service,DSL,No,No,Yes,Yes,Yes,No,Two year,No,Electronic check,96.39,5720.12,No
CUST_02585,Male,0,No,No,9,Yes,No,Fiber optic,No,No,Yes,Yes,No,Yes,Month-to-month,No,Mailed check,91.67,870.33,Yes
CUST_02586,Female,0,No,Yes,60,Yes,Yes,No,No internet service,No internet service,No internet service,No internet service,No internet service,No internet service,One year,Yes,Bank transfer (automatic),28.39,1721.37,No
CUST_02587,Female,0,No,Yes,63,Yes,No phone service,No,No internet service,No internet service,No internet service,No internet service,No internet service,No internet service,Month-to-month,No,Credit card (automatic),60.58,3846.27,No
CUST_02588,Female,0,No,No,52,Yes,Yes,Fiber optic,Yes,No,No,No,No,Yes,Two year,No,Credit card (automatic),101.23,5292.88,No
CUST_02589,Female,0,No,Yes,23,Yes,No,No,No internet service,No internet service,No internet service,No internet service,No internet service,No internet service,One year,No,Electronic check,84.74,1955.34,No
CUST_02590,Male,0,No,Yes,30,Yes,Yes,Fiber optic,Yes,No,No,Yes,Yes,Yes,Month-to-month,Yes,Bank transfer (automatic),87.46,2628.46,Yes
CUST_02591,Female,0,No,No,43,No,No phone service,DSL,Yes,Yes,No,Yes,Yes,No,One year,Yes,Electronic check,41.15,1813.77,No
CUST_02592,Female,0,No,Yes,68,Yes,No,Fiber optic,Yes,No,No,Yes,No,No,Month-to-month,Yes,Mailed check,51.16,3525.29,No
CUST_02593,Male,0,No,Yes,21,Yes,No,DSL,Yes,No,Yes,No,Yes,Yes,Two year,Yes,Electronic check,115.49,2470.56,No
CUST_02594,Female,0,No,Yes,43,Yes,No phone service,DSL,No,Yes,Yes,Yes,No,No,Two year,Yes,Electronic check,104.39,4508.45,No
CUST_02595,Male,0,Yes,Yes,7,No,No phone service,DSL,Yes,No,Yes,No,Yes,No,Two year,No,Credit card (automatic),34.82,258.14,Yes
CUST_02596,Female,0,No,Yes,16,Yes,Yes,DSL,Yes,Yes,No,Yes,Yes,No,Month-to-month,Yes,Bank transfer (automatic),73.56,1224.05,No
CUST_02597,Male,0,Yes,Yes,23,Yes,No phone service,DSL,No,Yes,No,No,Yes,Yes,Month-to-month,No,Electronic check,68.03,1608.87,Yes
CUST_02598,Male,0,No,No,58,Yes,No phone service,DSL,No,No,Yes,Yes,No,No,One year,No,Credit card (automatic),63.25,3709.68,No
CUST_02599,Male,0,Yes,Yes,31,Yes,Yes,DSL,No,No,Yes,No,No,Yes,Month-to-month,Yes,Mailed check,66.0,2062.79,No
CUST_02600,Male,0,Yes,No,69,Yes,No,DSL,No,Yes,Yes,Yes,No,No,Two year,Yes,Electronic check,83.57,5798.59,Yes
CUST_02601,Female,0,Yes,No,6,Yes,No,Fiber optic,Yes,Yes,Yes,No,Yes,No,Month-to-month,Yes,Electronic check,116.65,737.42,Yes
CUST_02602,Male,0,No,No,65,Yes,Yes,Fiber optic,No,No,No,Yes,Yes,No,Month-to-month,Yes,Electronic check,107.28,7002.21,No
CUST_02603,Female,0,No,No,59,Yes,No phone service,No,No internet service,No internet service,No internet service,No internet service,No internet service,No internet service,Month-to-month,Yes,Mailed check,107.26,6358.61,No
CUST_02604,Male,0,No,No,28,Yes,Yes,No,No internet service,No internet service,No internet service,No internet service,No internet service,No internet service,Two year,No,Credit card (automatic),89.74,2550.68,No
CUST_02605,Male,0,No,No,18,Yes,Yes,Fiber optic,Yes,No,No,Yes,No,No,Two year,Yes,Mailed check,19.79,394.63,No
CUST_02606,Male,0,Yes,No,10,Yes,No phone service,Fiber optic,No,Yes,Yes,No,Yes,Yes,Month-to-month,No,Electronic check,62.93,641.27,Yes
CUST_02607,Female,0,No,No,7,Yes,Yes,DSL,Yes,No,No,Yes,No,Yes,Month-to-month,Yes,Credit card (automatic),70.13,510.48,Yes
CUST_02608,Male,0,No,Yes,37,Yes,No phone service,DSL,No,No,No,No,Yes,Yes,Month-to-month,Yes,Electronic check,103.93,3884.62,No
CUST_02609,Female,0,No,No,45,Yes,No phone service,Fiber optic,No,Yes,Yes,Yes,No,No,Month-to-month,No,Credit card (automatic),112.13,5058.92,No
CUST_02610,Female,1,No,No,16,No,No phone service,Fiber optic,Yes,Yes,No,Yes,Yes,Yes,Two year,Yes,Electronic check,64.06,1070.7,No
CUST_02611,Female,1,No,No,14,Yes,No,No,No internet service,No internet service,No internet service,No internet service,No internet service,No internet service,One year,Yes,Credit card (automatic),48.65,723.0,No
CUST_02612,Female,1,No,Yes,11,Yes,No phone service,Fiber optic,Yes,Yes,Yes,Yes,No,Yes,Two year,No,Bank transfer (automatic),52.41,621.28,No
CUST_02613,Female,0,No,No,34,Yes,No,DSL,Yes,No,Yes,No,No,No,Two year,Yes,Mailed check,77.02,2633.67,No
CUST_02614,Female,0,No,Yes,60,Yes,No phone service,No,No internet service,No internet service,No internet service,No internet service,No internet service,No internet service,Two year,Yes,Electronic check,46.05,2768.08,Yes
CUST_02615,Female,0,Yes,No,13,Yes,No,Fiber optic,No,Yes,Yes,Yes,No,Yes,One year,Yes,Credit card (automatic),110.9,1446.67,No
CUST_02616,Female,0,Yes,No,39,Yes,Yes,No,No internet service,No internet service,No internet service,No internet service,No internet service,No internet service,Two year,Yes,Electronic check,60.7,2395.19,No
CUST_02617,Female,0,No,Yes,44,Yes,No phone service,Fiber optic,No,No,No,No,No,Yes,One year,Yes,Credit card (automatic),118.99,5250.69,No
CUST_02618,Male,0,No,No,28,Yes,Yes,DSL,Yes,Yes,Yes,Yes,No,No,Month-to-month,No,Mailed check,29.17,829.95,Yes
CUST_02619,Male,0,No,Yes,40,Yes,Yes,DSL,No,Yes,Yes,Yes,No,No,One year,No,Bank transfer (automatic),37.16,1497.67,No
CUST_02620,Male,0,No,Yes,16,Yes,Yes,DSL,No,Yes,No,No,No,No,One year,Yes,Electronic check,70.18,1151.02,No
CUST_02621,Male,0,Yes,No,50,No,No phone service,DSL,No,No,No,No,Yes,Yes,Two year,No,Credit card (automatic),106.57,5355.76,No
CUST_02622,Male,1,Yes,No,28,Yes,Yes,DSL,No,Yes,No,Yes,Yes,No,One year,No,Mailed check,54.1,1536.01,No
CUST_02623,Female,0,No,Yes,68,Yes,Yes,Fiber optic,No,No,Yes,Yes,No,No,Month-to-month,Yes,Bank transfer (automatic),103.42,7039.6,Yes
CUST_02624,Female,0,Yes,Yes,60,No,No phone service,No,No internet service,No internet service,No internet service,No internet service,No internet service,No internet service,Month-to-month,Yes,Mailed check,61.4,3730.21,No
CUST_02625,Female,1,Yes,No,12,Yes,Yes,No,No internet service,No internet service,No internet service,No internet service,No internet service,No internet service,Two year,No,Mailed check,105.01,1281.46,No
CUST_02626,Female,0,No,No,16,Yes,No phone service,Fiber optic,Yes,No,No,Yes,No,Yes,Two year,No,Electronic check,46.3,746.95,No
CUST_02627,Female,0,No,No,53,Yes,Yes,DSL,Yes,Yes,Yes,Yes,Yes,Yes,One year,No,Mailed check,66.13,3506.9,No
CUST_02628,Female,0,No,Yes,54,Yes,No,DSL,No,No,No,Yes,Yes,No,Month-to-month,Yes,Electronic check,46.43,2514.88,Yes
CUST_02629,Female,0,Yes,No,49,Yes,Yes,Fiber optic,Yes,No,No,Yes,Yes,Yes,Month-to-month,No,Bank transfer (automatic),39.95,1972.54,Yes
CUST_02630,Male,1,Yes,Yes,36,Yes,No,DSL,No,Yes,No,Yes,Yes,No,Month-to-month,No,Electronic check,60.96,2225.95,Yes
CUST_02631,Male,0,No,No,62,Yes,No phone service,No,No internet service,No internet service,No internet service,No internet service,No internet service,No internet service,Two year,No,Mailed check,52.14,3281.23,No
CUST_02632,Male,0,No,Yes,26,Yes,No,No,No internet service,No internet service,No internet service,No internet service,No internet service,No internet service,Two year,Yes,Mailed check,98.29,2569.12,No
CUST_02633,Male,0,Yes,Yes,56,Yes,No phone service,DSL,Yes,No,No,No,Yes,Yes,Two year,No,Credit card (automatic),94.26,5318.0,No
CUST_02634,Female,0,Yes,No,22,Yes,Yes,Fiber optic,No,No,Yes,No,Yes,Yes,One year,Yes,Mailed check,54.57,1246.16,No
CUST_02635,Female,1,No,Yes,69,Yes,No,DSL,No,No,No,Yes,No,No,Two year,Yes,Electronic check,119.21,8245.2,No
CUST_02636,Female,0,Yes,Yes,49,Yes,Yes,Fiber optic,Yes,No,Yes,No,No,Yes,Month-to-month,Yes,Bank transfer (automatic),117.33,5761.91,Yes
CUST_02637,Male,0,No,Yes,2,Yes,No,DSL,Yes,Yes,No,Yes,No,Yes,Month-to-month,No,Credit card (automatic),111.62,247.79,Yes
CUST_02638,Female,0,No,Yes,53,Yes,No phone service,DSL,Yes,Yes,No,Yes,Yes,No,Two year,Yes,Bank transfer (automatic),77.82,4169.5,No
CUST_02639,Female,0,Yes,Yes,7,Yes,No phone service,Fiber optic,No,Yes,No,Yes,No,Yes,Month-to-month,Yes,Mailed check,60.06,420.94,Yes
CUST_02640,Female,1,Yes,No,20,Yes,No phone service,Fiber optic,No,No,No,No,Yes,No,One year,No,Credit card (automatic),49.93,1022.9,No
CUST_02641,Male,0,Yes,No,30,Yes,No phone service,Fiber optic,Yes,Yes,No,Yes,No,No,One year,Yes,Electronic check,19.53,623.88,No
CUST_02642,Female,0,No,Yes,67,Yes,Yes,Fiber optic,No,Yes,No,Yes,No,No,Month-to-month,Yes,Mailed check,82.44,5553.82,No
CUST_02643,Male,0,No,No,59,Yes,Yes,Fiber optic,No,No,No,No,Yes,Yes,Month-to-month,Yes,Electronic check,74.42,4415.8,Yes
CUST_02644,Male,0,No,Yes,66,Yes,Yes,Fiber optic,No,Yes,Yes,Yes,No,No,Month-to-month,Yes,Bank transfer (automatic),82.25,5455.98,Yes
CUST_02645,Male,0,No,Yes,3,Yes,Yes,No,No internet service,No internet service,No internet service,No internet service,No internet service,No internet service,Two year,Yes,Credit card (automatic),76.75,261.2,No
CUST_02646,Male,1,No,No,56,Yes,Yes,No,No internet service,No internet service,No internet service,No internet service,No internet service,No internet service,Month-to-month,Yes,Electronic check,32.05,1828.74,No
CUST_02647,Female,0,No,Yes,17,Yes,No phone service,Fiber optic,Yes,Yes,No,Yes,Yes,No,Month-to-month,No,Electronic check,88.93,1529.6,No
CUST_02648,Male,1,Yes,Yes,52,Yes,Yes,Fiber optic,Yes,Yes,No,No,No,Yes,One year,No,Mailed check,54.76,2873.62,Yes
CUST_02649,Male,0,No,Yes,7,No,No phone service,Fiber optic,Yes,Yes,Yes,No,Yes,No,Month-to-month,Yes,Electronic check,70.66,508.31,Yes
CUST_02650,Female,0,No,No,5,No,No phone service,DSL,No,Yes,Yes,Yes,Yes,Yes,Month-to-month,Yes,Credit card (automatic),55.3,325.68,No
CUST_02651,Female,0,No,No,54,Yes,No phone service,DSL,No,Yes,No,Yes,No,No,Month-to-month,No,Bank transfer (automatic),20.24,1102.54,Yes
CUST_02652,Male,0,No,Yes,61,Yes,No phone service,No,No internet service,No internet service,No internet service,No internet service,No internet service,No internet service,Month-to-month,No,Bank transfer (automatic),107.41,6559.45,Yes
CUST_02653,Female,1,Yes,Yes,16,Yes,No phone service,No,No internet service,No internet service,No internet service,No internet service,No internet service,No internet service,One year,Yes,Credit card (automatic),33.17,544.17,No
CUST_02654,Male,0,No,Yes,67,Yes,No phone service,Fiber optic,Yes,No,Yes,No,No,No,Two year,Yes,Credit card (automatic),77.38,5230.57,Yes
CUST_02655,Male,0,Yes,Yes,59,Yes,Yes,Fiber optic,No,Yes,Yes,Yes,No,No,Month-to-month,Yes,Bank transfer (automatic),108.08,6409.63,Yes
CUST_02656,Male,0,Yes,Yes,47,Yes,Yes,DSL,No,Yes,Yes,No,No,Yes,Two year,No,Mailed check,40.58,1929.85,No
CUST_02657,Male,0,No,No,48,Yes,No,DSL,Yes,Yes,Yes,Yes,Yes,No,Month-to-month,No,Electronic check,60.03,2927.49,No
CUST_02658,Female,0,No,No,64,Yes,Yes,Fiber optic,No,No,Yes,No,No,Yes,One year,No,Electronic check,56.53,3662.84,Yes
CUST_02659,Male,0,Yes,No,50,Yes,No phone service,Fiber optic,Yes,Yes,No,Yes,No,No,Two year,Yes,Mailed check,27.1,1375.1,No
CUST_02660,Female,0,Yes,No,41,No,No phone service,No,No internet service,No internet service,No internet service,No internet service,No internet service,No internet service,One year,No,Bank transfer (automatic),61.2,2537.33,No
CUST_02661,Female,0,No,Yes,72,Yes,Yes,DSL,Yes,No,Yes,Yes,No,Yes,Month-to-month,Yes,Bank transfer (automatic),66.91,4862.56,No
CUST_02662,Female,0,Yes,Yes,22,Yes,No,Fiber optic,Yes,Yes,Yes,No,Yes,No,Month-to-month,Yes,Mailed check,20.71,471.65,No
CUST_02663,Female,0,No,No,54,Yes,No phone service,DSL,No,No,No,Yes,Yes,Yes,Two year,Yes,Mailed check,67.79,3681.07,No
CUST_02664,Male,0,No,No,5,Yes,No,No,No internet service,No internet service,No internet service,No internet service,No internet service,No internet service,Month-to-month,No,Credit card (automatic),27.57,177.5,No
CUST_02665,Female,0,Yes,Yes,17,Yes,No phone service,No,No internet service,No internet service,No internet service,No internet service,No internet service,No internet service,One year,No,Credit card (automatic),109.03,1888.46,No
CUST_02666,Male,1,No,No,41,Yes,No phone service,Fiber optic,No,Yes,No,Yes,Yes,No,Month-to-month,Yes,Bank transfer (automatic),84.32,3459.39,Yes
CUST_02667,Female,0,No,Yes,35,Yes,Yes,No,No internet service,No internet service,No internet service,No internet service,No internet service,No internet service,Month-to-month,Yes,Bank transfer (automatic),23.76,837.31,No
CUST_02668,Female,0,No,Yes,40,Yes,No phone service,Fiber optic,Yes,No,No,Yes,Yes,No,Two year,Yes,Electronic check,102.36,4136.65,No
CUST_02669,Male,0,Yes,Yes,22,Yes,No,DSL,Yes,Yes,Yes,Yes,Yes,Yes,One year,No,Bank transfer (automatic),54.88,1208.92,No
CUST_02670,Male,0,Yes,No,48,Yes,No,Fiber optic,Yes,No,Yes,No,Yes,Yes,One year,No,Bank transfer (automatic),41.01,2014.62,Yes
CUST_02671,Male,0,Yes,No,53,Yes,Yes,DSL,No,Yes,No,No,No,No,Month-to-month,Yes,Electronic check,43.9,2340.29,No
CUST_02672,Female,0,No,No,10,Yes,No phone service,Fiber optic,No,No,No,No,No,No,Month-to-month,Yes,Credit card (automatic),78.97,819.59,No
CUST_02673,Female,0,Yes,No,18,Yes,No,No,No internet service,No internet service,No internet service,No internet service,No internet service,No internet service,One year,No,Mailed check,26.32,501.96,No
CUST_02674,Male,0,Yes,No,49,Yes,Yes,Fiber optic,No,Yes,Yes,Yes,No,Yes,Two year,Yes,Electronic check,23.99,1195.42,No
CUST_02675,Male,0,Yes,Yes,71,Yes,No,DSL,Yes,Yes,No,No,Yes,No,One year,Yes,Electronic check,82.01,5824.02,No
CUST_02676,Male,0,No,No,30,Yes,Yes,DSL,Yes,No,Yes,Yes,Yes,Yes,Two year,No,Bank transfer (automatic),118.15,3554.27,Yes
CUST_02677,Male,1,No,Yes,19,Yes,No,DSL,No,No,No,No,No,No,Month-to-month,No,Mailed check,67.31,1309.63,No
CUST_02678,Female,0,Yes,Yes,55,Yes,No phone service,DSL,Yes,Yes,Yes,Yes,Yes,Yes,Two year,No,Bank transfer (automatic),60.15,3330.84,No
CUST_02679,Male,0,Yes,Yes,60,Yes,No,DSL,No,Yes,Yes,No,Yes,Yes,One year,Yes,Mailed check,114.61,6897.54,No
CUST_02680,Male,1,Yes,No,72,Yes,No,Fiber optic,Yes,Yes,Yes,No,No,No,Two year,Yes,Electronic check,42.58,3070.72,No
CUST_02681,Male,0,No,No,21,Yes,Yes,Fiber optic,No,No,Yes,No,Yes,Yes,Month-to-month,No,Mailed check,42.54,910.6,No
CUST_02682,Male,0,Yes,No,26,Yes,Yes,Fiber optic,No,Yes,No,Yes,Yes,Yes,One year,No,Bank transfer (automatic),110.32,2894.69,No
CUST_02683,Female,0,No,No,28,Yes,Yes,DSL,No,Yes,Yes,No,No,Yes,Two year,Yes,Mailed check,83.99,2355.52,Yes
CUST_02684,Male,1,No,No,39,Yes,No,DSL,No,Yes,Yes,No,Yes,No,Two year,No,Mailed check,23.49,919.29,No
CUST_02685,Female,0,No,No,33,Yes,Yes,DSL,Yes,No,Yes,Yes,Yes,Yes,Month-to-month,No,Mailed check,86.75,2887.19,No
CUST_02686,Male,1,Yes,No,40,Yes,No phone service,DSL,Yes,Yes,Yes,Yes,No,No,Month-to-month,No,Bank transfer (automatic),101.64,4093.79,Yes
CUST_02687,Male,0,Yes,No,29,Yes,Yes,DSL,Yes,Yes,Yes,Yes,Yes,Yes,One year,Yes,Electronic check,45.94,1345.24,No
CUST_02688,Female,0,No,Yes,20,Yes,Yes,DSL,No,No,No,No,No,Yes,Two year,No,Credit card (automatic),57.06,1157.39,No
CUST_02689,Male,1,No,No,20,Yes,No phone service,Fiber optic,No,Yes,No,Yes,No,No,Month-to-month,Yes,Electronic check,38.16,803.1,Yes
CUST_02690,Female,0,No,Yes,12,Yes,Yes,No,No internet service,No internet service,No internet service,No internet service,No internet service,No internet service,Month-to-month,No,Mailed check,82.6,1034.68,No
CUST_02691,Female,0,No,Yes,25,Yes,Yes,Fiber optic,Yes,No,No,Yes,No,Yes,Two year,Yes,Credit card (automatic),85.75,2159.96,No
CUST_02692,Male,0,Yes,Yes,25,Yes,No,Fiber optic,Yes,No,Yes,Yes,Yes,Yes,One year,Yes,Mailed check,24.99,642.55,No
CUST_02693,Female,0,Yes,Yes,4,No,No phone service,DSL,Yes,No,No,Yes,No,No,Month-to-month,No,Mailed check,87.13,390.02,Yes
CUST_02694,Female,1,No,No,4,Yes,Yes,No,No internet service,No internet service,No internet service,No internet service,No internet service,No internet service,Month-to-month,Yes,Electronic check,85.16,389.34,No
CUST_02695,Female,0,No,No,9,Yes,No phone service,DSL,No,Yes,Yes,No,Yes,No,One year,Yes,Bank transfer (automatic),21.58,210.28,No
CUST_02696,Female,0,No,Yes,15,Yes,Yes,DSL,Yes,Yes,No,Yes,No,Yes,Month-to-month,No,Mailed check,74.65,1159.15,Yes
CUST_02697,Female,0,Yes,Yes,26,Yes,Yes,DSL,Yes,Yes,Yes,Yes,No,No,Month-to-month,Yes,Mailed check,80.62,2120.15,No
CUST_02698,Female,0,No,Yes,71,No,No phone service,DSL,Yes,Yes,Yes,Yes,No,Yes,One year,No,Mailed check,61.88,4406.37,No
CUST_02699,Female,0,Yes,No,32,Yes,No,Fiber optic,No,Yes,Yes,No,Yes,Yes,Month-to-month,No,Electronic check,109.93,3551.99,Yes
CUST_02700,Female,0,No,Yes,52,Yes,No phone service,No,No internet service,No internet service,No internet service,No internet service,No internet service,No internet service,Month-to-month,Yes,Credit card (automatic),51.49,2700.8,No
CUST_02701,Male,0,Yes,Yes,32,Yes,No phone service,Fiber optic,No,Yes,Yes,No,Yes,No,Month-to-month,Yes,Electronic check,24.85,808.68,No
CUST_02702,Male,1,Yes,No,9,Yes,No phone service,DSL,No,Yes,No,Yes,No,No,One year,Yes,Credit card (automatic),86.53,784.12,No
CUST_02703,Female,0,No,Yes,13,Yes,No,Fiber optic,Yes,No,No,No,Yes,No,Month-to-month,Yes,Bank transfer (automatic),79.73,1079.87,Yes
CUST_02704,Male,0,Yes,No,56,No,No phone service,Fiber optic,Yes,Yes,No,No,No,Yes,Month-to-month,No,Mailed check,118.88,6701.44,No
CUST_02705,Female,1,Yes,No,44,Yes,Yes,No,No internet service,No internet service,No internet service,No internet service,No internet service,No internet service,Month-to-month,No,Mailed check,41.59,1833.86,No
CUST_02706,Female,0,Yes,Yes,30,Yes,No,Fiber optic,No,No,Yes,Yes,Yes,No,Month-to-month,No,Electronic check,58.34,1783.38,Yes
CUST_02707,Male,0,Yes,Yes,16,Yes,Yes,Fiber optic,Yes,Yes,Yes,No,No,Yes,One year,Yes,Electronic check,65.04,1048.77,No
CUST_02708,Female,0,No,Yes,12,No,No phone service,Fiber optic,Yes,No,No,No,Yes,No,Two year,No,Credit card (automatic),105.87,1302.8,Yes
CUST_02709,Female,1,No,No,66,Yes,Yes,Fiber optic,No,Yes,Yes,No,Yes,No,One year,No,Mailed check,60.29,4024.25,Yes
CUST_02710,Female,0,No,No,18,Yes,No,DSL,No,Yes,No,Yes,Yes,No,Month-to-month,No,Credit card (automatic),96.76,1754.68,Yes
CUST_02711,Female,1,No,No,13,Yes,No phone service,DSL,No,No,Yes,No,Yes,No,Month-to-month,Yes,Mailed check,34.01,459.5,No
CUST_02712,Male,0,No,Yes,24,Yes,Yes,Fiber optic,Yes,Yes,Yes,Yes,No,No,Month-to-month,Yes,Mailed check,59.8,1474.91,No
CUST_02713,Female,0,Yes,Yes,12,Yes,No,No,No internet service,No internet service,No internet service,No internet service,No internet service,No internet service,Month-to-month,Yes,Electronic check,33.81,442.46,Yes
CUST_02714,Female,0,Yes,Yes,60,Yes,No,Fiber optic,No,No,No,No,No,Yes,Month-to-month,Yes,Mailed check,114.87,6912.47,No
CUST_02715,Female,0,Yes,Yes,60,Yes,Yes,No,No internet service,No internet service,No internet service,No internet service,No internet service,No internet service,Month-to-month,No,Bank transfer (automatic),36.13,2210.3,No
CUST_02716,Male,0,Yes,Yes,1,Yes,No,DSL,No,Yes,No,No,Yes,Yes,Two year,Yes,Electronic check,60.75,106.77,No
CUST_02717,Female,0,No,Yes,43,Yes,No phone service,Fiber optic,No,No,No,No,No,No,Two year,No,Bank transfer (automatic),26.39,1157.43,No
CUST_02718,Male,0,No,No,55,Yes,Yes,DSL,Yes,No,No,Yes,Yes,No,One year,Yes,Bank transfer (automatic),111.98,6160.93,No
CUST_02719,Male,0,Yes,No,40,No,No phone service,No,No internet service,No internet service,No internet service,No internet service,No internet service,No internet service,Month-to-month,No,Credit card (automatic),81.63,3290.65,No
CUST_02720,Female,0,No,No,64,Yes,Yes,DSL,No,No,Yes,No,Yes,Yes,Two year,Yes,Credit card (automatic),116.17,7471.9,No
CUST_02721,Female,0,Yes,Yes,34,Yes,Yes,Fiber optic,No,No,No,No,No,No,Month-to-month,No,Credit card (automatic),22.31,769.6,Yes
CUST_02722,Male,0,Yes,No,34,Yes,Yes,DSL,Yes,Yes,No,Yes,Yes,No,Month-to-month,No,Electronic check,35.85,1223.8,No
CUST_02723,Female,0,No,No,48,No,No phone service,Fiber optic,Yes,Yes,No,Yes,Yes,No,Month-to-month,Yes,Mailed check,56.76,2738.98,No
CUST_02724,Male,0,No,No,33,Yes,Yes,No,No internet service,No internet service,No internet service,No internet service,No internet service,No internet service,Month-to-month,Yes,Bank transfer (automatic),81.38,2686.08,No
CUST_02725,Male,0,No,Yes,68,Yes,No phone service,DSL,No,No,Yes,No,No,No,Month-to-month,Yes,Credit card (automatic),51.61,3545.31,No
CUST_02726,Female,0,No,Yes,30,Yes,No phone service,No,No internet service,No internet service,No internet service,No internet service,No internet service,No internet service,Month-to-month,Yes,Credit card (automatic),90.61,2725.64,No
CUST_02727,Female,0,No,No,71,Yes,No phone service,No,No internet service,No internet service,No internet service,No internet service,No internet service,No internet service,Month-to-month,Yes,Mailed check,34.84,2510.05,No
CUST_02728,Male,1,No,Yes,71,Yes,Yes,DSL,Yes,No,Yes,Yes,No,Yes,Two year,Yes,Credit card (automatic),79.26,5639.54,No
CUST_02729,Male,0,No,Yes,29,No,No phone service,Fiber optic,Yes,No,No,No,Yes,No,Month-to-month,Yes,Bank transfer (automatic),58.59,1748.79,No
CUST_02730,Male,0,Yes,Yes,23,Yes,Yes,DSL,Yes,Yes,No,Yes,No,Yes,Month-to-month,Yes,Electronic check,69.84,1632.92,No
CUST_02731,Male,0,No,Yes,34,Yes,No phone service,DSL,No,Yes,Yes,No,No,Yes,Month-to-month,No,Credit card (automatic),76.1,2589.55,No
CUST_02732,Female,0,Yes,No,15,Yes,Yes,Fiber optic,No,Yes,No,Yes,No,No,Month-to-month,No,Mailed check,24.11,400.27,No
CUST_02733,Female,0,Yes,Yes,53,Yes,No,Fiber optic,Yes,No,Yes,No,No,Yes,One year,Yes,Bank transfer (automatic),112.25,5969.78,No
CUST_02734,Female,0,No,No,17,Yes,No,DSL,Yes,Yes,Yes,No,Yes,No,Month-to-month,No,Bank transfer (automatic),98.18,1699.45,Yes
CUST_02735,Female,0,Yes,No,64,Yes,No phone service,DSL,No,No,Yes,No,Yes,No,One year,No,Electronic check,63.13,4087.91,No
CUST_02736,Female,0,No,Yes,61,Yes,No,No,No internet service,No internet service,No internet service,No internet service,No internet service,No internet service,One year,Yes,Bank transfer (automatic),73.84,4530.22,Yes
CUST_02737,Male,0,Yes,Yes,57,No,No phone service,Fiber optic,Yes,No,No,No,No,Yes,Two year,Yes,Electronic check,21.32,1255.38,No
CUST_02738,Female,0,Yes,Yes,37,Yes,No phone service,DSL,Yes,Yes,Yes,Yes,No,Yes,Month-to-month,No,Bank transfer (automatic),68.79,2560.39,No
CUST_02739,Female,0,Yes,No,7,Yes,No phone service,Fiber optic,Yes,No,Yes,No,No,No,Month-to-month,Yes,Mailed check,61.48,466.12,Yes
CUST_02740,Female,0,No,No,8,Yes,No,DSL,Yes,No,No,No,Yes,No,Two year,No,Electronic check,56.2,454.55,No
CUST_02741,Female,1,Yes,No,68,Yes,No phone service,DSL,No,No,No,No,Yes,No,One year,Yes,Bank transfer (automatic),101.17,6923.95,No
CUST_02742,Female,0,Yes,No,21,Yes,No,Fiber optic,No,No,Yes,Yes,No,No,Two year,No,Bank transfer (automatic),36.56,777.67,No
CUST_02743,Male,0,Yes,No,61,Yes,No,Fiber optic,No,No,Yes,No,No,Yes,Two year,Yes,Credit card (automatic),35.98,2210.1,No
CUST_02744,Male,1,No,No,29,No,No phone service,DSL,No,No,Yes,Yes,No,Yes,One year,No,Mailed check,71.21,2113.03,No
CUST_02745,Male,0,Yes,No,25,Yes,No,Fiber optic,Yes,No,Yes,No,No,Yes,Month-to-month,Yes,Credit card (automatic),88.09,2209.98,No
CUST_02746,Female,0,No,Yes,58,Yes,Yes,DSL,No,Yes,No,No,No,No,Two year,No,Credit card (automatic),20.29,1189.48,No
CUST_02747,Male,0,Yes,No,14,Yes,No phone service,Fiber optic,Yes,No,Yes,Yes,No,No,One year,No,Bank transfer (automatic),73.68,1060.47,No
CUST_02748,Male,1,Yes,No,66,Yes,No phone service,DSL,Yes,No,No,Yes,No,Yes,One year,Yes,Electronic check,48.47,3247.88,No
CUST_02749,Female,0,Yes,No,54,Yes,Yes,Fiber optic,No,No,No,No,Yes,No,One year,No,Bank transfer (automatic),95.2,5175.47,Yes
CUST_02750,Female,0,No,No,67,Yes,No phone service,DSL,No,No,No,Yes,Yes,No,One year,No,Bank transfer (automatic),65.82,4415.98,No
CUST_02751,Female,0,Yes,Yes,30,Yes,Yes,Fiber optic,No,No,Yes,No,Yes,Yes,One year,Yes,Mailed check,103.08,3129.68,No
CUST_02752,Male,1,Yes,No,18,Yes,Yes,Fiber optic,No,Yes,Yes,Yes,No,Yes,Month-to-month,No,Mailed check,58.49,1074.16,Yes
CUST_02753,Male,0,Yes,No,54,Yes,No phone service,DSL,Yes,Yes,No,No,Yes,No,Month-to-month,No,Bank transfer (automatic),102.36,5577.23,No
CUST_02754,Female,0,Yes,Yes,21,Yes,Yes,DSL,Yes,Yes,Yes,Yes,No,No,Two year,No,Mailed check,91.08,1944.19,No
CUST_02755,Female,1,No,Yes,53,Yes,Yes,Fiber optic,Yes,No,No,Yes,No,Yes,Two year,Yes,Credit card (automatic),102.48,5458.16,Yes
CUST_02756,Male,0,Yes,No,16,Yes,Yes,DSL,No,No,No,Yes,No,No,One year,No,Bank transfer (automatic),100.87,1641.73,No
CUST_02757,Male,0,Yes,No,28,Yes,No phone service,Fiber optic,No,No,Yes,Yes,Yes,Yes,Month-to-month,Yes,Credit card (automatic),67.61,1925.13,No
CUST_02758,Female,0,Yes,No,4,Yes,No phone service,Fiber optic,Yes,Yes,Yes,No,Yes,Yes,Month-to-month,No,Bank transfer (automatic),55.55,258.77,No
CUST_02759,Female,0,Yes,No,55,Yes,No phone service,Fiber optic,Yes,Yes,No,Yes,No,Yes,Month-to-month,Yes,Credit card (automatic),96.04,5286.38,No
CUST_02760,Male,1,No,No,15,Yes,No phone service,No,No internet service,No internet service,No internet service,No internet service,No internet service,No internet service,Month-to-month,No,Electronic check,54.88,829.67,No
CUST_02761,Female,0,Yes,No,64,Yes,No phone service,Fiber optic,No,No,No,Yes,Yes,Yes,Month-to-month,Yes,Bank transfer (automatic),27.12,1750.6,Yes
CUST_02762,Male,0,Yes,Yes,65,Yes,No,Fiber optic,Yes,No,Yes,No,Yes,Yes,Month-to-month,No,Electronic check,105.6,6888.04,No
CUST_02763,Male,0,No,Yes,16,Yes,No,Fiber optic,Yes,No,Yes,No,Yes,Yes,Month-to-month,No,Electronic check,58.51,951.78,No
CUST_02764,Male,0,Yes,No,20,Yes,Yes,No,No internet service,No internet service,No internet service,No internet service,No internet service,No internet service,One year,Yes,Bank transfer (automatic),31.53,641.2,No
CUST_02765,Male,1,Yes,No,64,Yes,No,DSL,No,Yes,No,No,No,No,Two year,No,Mailed check,83.94,5418.45,Yes
CUST_02766,Female,0,Yes,No,33,Yes,No phone service,No,No internet service,No internet service,No internet service,No internet service,No internet service,No internet service,Month-to-month,No,Bank transfer (automatic),108.76,3590.61,No
CUST_02767,Female,0,No,Yes,69,Yes,No phone service,No,No internet service,No internet service,No internet service,No internet service,No internet service,No internet service,Month-to-month,No,Bank transfer (automatic),105.82,7348.41,No
CUST_02768,Male,0,Yes,No,69,Yes,No phone service,DSL,No,Yes,No,No,Yes,Yes,Two year,Yes,Mailed check,74.55,5189.56,No
CUST_02769,Male,1,No,Yes,58,Yes,Yes,DSL,Yes,Yes,Yes,Yes,No,No,Two year,Yes,Credit card (automatic),26.98,1599.22,No
CUST_02770,Male,0,No,Yes,39,Yes,Yes,No,No internet service,No internet service,No internet service,No internet service,No internet service,No internet service,Month-to-month,No,Mailed check,89.05,3474.71,Yes
CUST_02771,Male,0,No,No,36,Yes,Yes,Fiber optic,Yes,Yes,No,No,No,Yes,Month-to-month,Yes,Credit card (automatic),80.1,2894.89,Yes
CUST_02772,Male,0,No,Yes,68,Yes,Yes,DSL,No,No,No,No,Yes,Yes,Month-to-month,No,Electronic check,39.44,2730.54,No
CUST_02773,Female,0,No,No,21,Yes,Yes,Fiber optic,No,No,Yes,Yes,Yes,Yes,Month-to-month,Yes,Bank transfer (automatic),109.86,2352.25,No
CUST_02774,Female,0,No,Yes,63,Yes,Yes,DSL,Yes,Yes,No,Yes,No,Yes,Month-to-month,Yes,Mailed check,26.84,1739.16,Yes
CUST_02775,Female,0,No,No,6,Yes,No,DSL,No,Yes,No,Yes,No,No,Month-to-month,Yes,Mailed check,56.05,386.11,No
CUST_02776,Female,0,Yes,No,24,No,No phone service,Fiber optic,Yes,No,Yes,No,No,Yes,One year,No,Credit card (automatic),27.64,666.61,No
CUST_02777,Male,0,Yes,Yes,53,Yes,No,Fiber optic,Yes,No,No,No,No,No,Month-to-month,No,Electronic check,111.02,5912.52,Yes
CUST_02778,Male,0,No,Yes,50,Yes,Yes,No,No internet service,No internet service,No internet service,No internet service,No internet service,No internet service,One year,Yes,Bank transfer (automatic),21.61,1122.17,No
CUST_02779,Male,1,No,Yes,12,Yes,No phone service,Fiber optic,Yes,No,Yes,No,No,No,Month-to-month,Yes,Mailed check,61.43,753.12,No
CUST_02780,Male,0,No,No,56,Yes,No phone service,No,No internet service,No internet service,No internet service,No internet service,No internet service,No internet service,One year,Yes,Credit card (automatic),105.9,5952.26,No
CUST_02781,Male,1,No,Yes,15,No,No phone service,DSL,No,No,No,No,No,No,One year,Yes,Electronic check,43.64,668.8,Yes
CUST_02782,Female,0,No,Yes,40,No,No phone service,Fiber optic,Yes,Yes,Yes,No,Yes,No,One year,No,Electronic check,28.71,1150.35,No
CUST_02783,Male,0,No,No,41,Yes,No phone service,DSL,Yes,Yes,No,No,No,No,Month-to-month,Yes,Credit card (automatic),30.95,1272.77,Yes
CUST_02784,Female,1,Yes,No,69,No,No phone service,DSL,No,Yes,No,Yes,Yes,No,Month-to-month,Yes,Electronic check,59.3,4093.01,Yes
CUST_02785,Female,0,Yes,Yes,69,No,No phone service,No,No internet service,No internet service,No internet service,No internet service,No internet service,No internet service,Month-to-month,Yes,Credit card (automatic),61.72,4284.72,No
CUST_02786,Female,0,No,Yes,6,Yes,No,DSL,Yes,No,No,Yes,No,No,One year,Yes,Credit card (automatic),91.24,578.38,Yes
CUST_02787,Female,1,No,Yes,67,No,No phone service,No,No internet service,No internet service,No internet service,No internet service,No internet service,No internet service,Month-to-month,No,Credit card (automatic),42.27,2847.39,Yes
CUST_02788,Male,0,No,No,33,Yes,Yes,DSL,Yes,Yes,Yes,Yes,No,Yes,One year,No,Electronic check,89.59,2997.7,Yes
CUST_02789,Female,0,Yes,No,43,Yes,No,DSL,Yes,No,No,Yes,Yes,No,Month-to-month,No,Bank transfer (automatic),119.9,5199.91,Yes
CUST_02790,Female,0,No,Yes,21,Yes,No phone service,DSL,No,Yes,Yes,Yes,Yes,Yes,Month-to-month,No,Bank transfer (automatic),106.15,2236.21,No
CUST_02791,Female,0,Yes,No,65,Yes,No,Fiber optic,Yes,Yes,Yes,Yes,No,No,One year,Yes,Mailed check,82.83,5386.45,No
CUST_02792,Male,0,Yes,Yes,17,Yes,No phone service,DSL,No,No,Yes,No,No,No,Month-to-month,No,Credit card (automatic),113.87,1951.78,No
CUST_02793,Male,0,Yes,Yes,8,Yes,No phone service,Fiber optic,Yes,No,No,No,Yes,No,Month-to-month,No,Mailed check,119.09,988.39,Yes
CUST_02794,Male,0,No,No,64,Yes,No phone service,Fiber optic,Yes,No,Yes,No,No,Yes,One year,Yes,Mailed check,76.17,4900.12,Yes
CUST_02795,Female,0,No,Yes,28,Yes,No phone service,DSL,Yes,No,Yes,Yes,No,No,One year,No,Mailed check,45.91,1309.89,No
CUST_02796,Female,0,Yes,Yes,13,Yes,No phone service,Fiber optic,Yes,Yes,Yes,Yes,Yes,No,Month-to-month,No,Credit card (automatic),111.33,1454.89,Yes
CUST_02797,Male,0,Yes,No,13,Yes,Yes,Fiber optic,Yes,Yes,Yes,Yes,Yes,Yes,Month-to-month,No,Mailed check,104.11,1370.97,Yes
CUST_02798,Female,0,Yes,Yes,38,Yes,Yes,No,No internet service,No internet service,No internet service,No internet service,No internet service,No internet service,One year,No,Credit card (automatic),26.63,1059.9,No
CUST_02799,Male,0,Yes,Yes,25,Yes,Yes,DSL,No,No,No,No,No,No,Two year,No,Electronic check,113.51,2854.78,No
CUST_02800,Male,0,No,No,62,Yes,No phone service,DSL,No,No,No,No,Yes,No,Month-to-month,No,Credit card (automatic),55.35,3461.55,No
CUST_02801,Female,0,Yes,Yes,23,Yes,No,DSL,Yes,Yes,Yes,Yes,No,Yes,One year,Yes,Credit card (automatic),50.85,1172.53,No
CUST_02802,Female,0,No,Yes,21,Yes,No,Fiber optic,No,No,No,No,Yes,No,Two year,Yes,Credit card (automatic),53.01,1116.48,No
CUST_02803,Female,0,Yes,No,54,Yes,No phone service,Fiber optic,No,Yes,Yes,Yes,No,No,Month-to-month,Yes,Bank transfer (automatic),50.64,2755.87,No
CUST_02804,Female,1,No,No,63,Yes,No,No,No internet service,No internet service,No internet service,No internet service,No internet service,No internet service,Month-to-month,Yes,Electronic check,70.63,4480.18,No
CUST_02805,Male,0,Yes,No,30,No,No phone service,No,No internet service,No internet service,No internet service,No internet service,No internet service,No internet service,One year,No,Credit card (automatic),77.14,2332.72,No
CUST_02806,Male,0,No,Yes,68,Yes,No,DSL,No,No,No,Yes,Yes,Yes,Month-to-month,No,Bank transfer (automatic),61.41,4185.16,No
CUST_02807,Male,0,No,No,32,Yes,No phone service,Fiber optic,Yes,No,No,No,No,No,Month-to-month,No,Credit card (automatic),60.08,1959.46,Yes
CUST_02808,Male,0,No,Yes,24,Yes,No,Fiber optic,Yes,Yes,No,Yes,Yes,No,Month-to-month,No,Electronic check,93.21,2243.95,No
CUST_02809,Male,1,Yes,No,7,Yes,No,No,No internet service,No internet service,No internet service,No internet service,No internet service,No internet service,Month-to-month,No,Electronic check,18.31,161.56,Yes
CUST_02810,Female,1,No,Yes,72,Yes,Yes,DSL,Yes,No,No,Yes,No,No,Month-to-month,Yes,Mailed check,114.58,8297.77,Yes
CUST_02811,Male,0,Yes,Yes,1,Yes,No,Fiber optic,Yes,No,Yes,Yes,No,Yes,One year,Yes,Bank transfer (automatic),90.87,114.4,No
CUST_02812,Male,0,No,No,3,Yes,No,No,No internet service,No internet service,No internet service,No internet service,No internet service,No internet service,Two year,Yes,Credit card (automatic),90.14,280.44,No
CUST_02813,Male,1,No,Yes,28,Yes,No phone service,DSL,No,No,Yes,No,Yes,Yes,Month-to-month,No,Credit card (automatic),61.04,1751.23,Yes
CUST_02814,Female,1,Yes,Yes,43,Yes,No,Fiber optic,Yes,No,Yes,No,Yes,Yes,Month-to-month,Yes,Bank transfer (automatic),116.51,5035.21,No
CUST_02815,Female,0,No,No,46,Yes,No,No,No internet service,No internet service,No internet service,No internet service,No internet service,No internet service,One year,No,Bank transfer (automatic),18.03,875.68,No
CUST_02816,Female,0,No,Yes,1,Yes,No,No,No internet service,No internet service,No internet service,No internet service,No internet service,No internet service,One year,Yes,Mailed check,25.8,61.83,No
CUST_02817,Female,0,Yes,Yes,38,No,No phone service,DSL,Yes,Yes,No,No,No,No,One year,Yes,Mailed check,100.01,3822.08,No
CUST_02818,Male,1,No,Yes,35,Yes,No,DSL,Yes,Yes,No,Yes,Yes,No,One year,No,Mailed check,93.35,3298.03,No
CUST_02819,Male,0,No,No,54,Yes,Yes,DSL,No,No,Yes,Yes,No,Yes,Two year,Yes,Mailed check,45.68,2475.12,No
CUST_02820,Female,0,No,No,24,Yes,No,No,No internet service,No internet service,No internet service,No internet service,No internet service,No internet service,Month-to-month,No,Electronic check,78.67,1907.33,Yes
CUST_02821,Female,0,No,No,28,Yes,No phone service,No,No internet service,No internet service,No internet service,No internet service,No internet service,No internet service,Month-to-month,Yes,Bank transfer (automatic),72.27,2053.24,No
CUST_02822,Male,0,Yes,No,22,Yes,No phone service,Fiber optic,Yes,Yes,Yes,Yes,Yes,No,Month-to-month,No,Mailed check,71.77,1608.35,Yes
CUST_02823,Male,0,No,No,16,Yes,No,Fiber optic,Yes,No,Yes,Yes,No,No,Month-to-month,Yes,Credit card (automatic),78.75,1289.32,No
CUST_02824,Female,1,No,No,13,Yes,No,DSL,Yes,Yes,No,No,Yes,Yes,Two year,No,Credit card (automatic),119.36,1588.87,No
CUST_02825,Female,0,No,No,62,Yes,No,Fiber optic,No,Yes,No,No,No,No,Two year,Yes,Mailed check,118.71,7365.25,No
CUST_02826,Female,0,No,No,43,Yes,Yes,DSL,Yes,No,No,Yes,No,No,Two year,No,Mailed check,118.13,5083.34,No
CUST_02827,Female,0,No,Yes,32,Yes,No phone service,Fiber optic,Yes,Yes,No,Yes,Yes,Yes,Month-to-month,Yes,Credit card (automatic),73.97,2374.31,No
CUST_02828,Male,0,No,Yes,67,Yes,Yes,Fiber optic,No,No,Yes,No,Yes,No,One year,No,Mailed check,50.45,3419.47,No
CUST_02829,Male,0,No,Yes,57,Yes,Yes,Fiber optic,Yes,No,Yes,Yes,Yes,No,Month-to-month,No,Bank transfer (automatic),75.13,4285.72,Yes
CUST_02830,Male,0,No,Yes,65,Yes,No,No,No internet service,No internet service,No internet service,No internet service,No internet service,No internet service,Two year,Yes,Electronic check,81.51,5309.69,No
CUST_02831,Female,0,Yes,No,69,Yes,No,DSL,No,No,No,Yes,No,Yes,Month-to-month,No,Credit card (automatic),49.77,3446.64,No
CUST_02832,Female,0,Yes,Yes,49,Yes,No phone service,Fiber optic,No,No,No,No,No,No,Month-to-month,No,Electronic check,82.54,4076.98,Yes
CUST_02833,Male,0,Yes,Yes,33,Yes,No,Fiber optic,No,No,Yes,No,Yes,Yes,Two year,No,Mailed check,81.44,2707.71,No
CUST_02834,Male,0,Yes,Yes,19,Yes,No phone service,Fiber optic,No,Yes,No,No,No,Yes,One year,No,Electronic check,110.15,2102.88,No
CUST_02835,Male,1,No,Yes,36,Yes,Yes,Fiber optic,No,Yes,No,Yes,Yes,No,Two year,No,Mailed check,42.24,1542.96,No
CUST_02836,Male,1,No,Yes,70,Yes,No phone service,DSL,Yes,Yes,Yes,Yes,No,No,Month-to-month,Yes,Mailed check,89.16,6275.21,Yes
CUST_02837,Female,0,Yes,No,15,Yes,No phone service,DSL,No,Yes,Yes,No,Yes,Yes,Two year,Yes,Credit card (automatic),63.98,998.97,No
CUST_02838,Male,0,Yes,No,24,Yes,No phone service,DSL,No,Yes,No,Yes,Yes,No,One year,Yes,Bank transfer (automatic),31.25,756.23,No
CUST_02839,Male,1,Yes,Yes,27,Yes,Yes,DSL,No,Yes,Yes,No,No,No,One year,No,Electronic check,50.25,1392.5,No
CUST_02840,Male,0,No,Yes,49,Yes,Yes,Fiber optic,No,No,No,Yes,No,Yes,One year,No,Electronic check,23.84,1168.5,No
CUST_02841,Male,0,No,Yes,23,No,No phone service,DSL,Yes,No,No,No,No,No,Two year,No,Mailed check,50.57,1199.37,No
CUST_02842,Male,1,Yes,Yes,33,Yes,No,Fiber optic,No,No,No,No,Yes,No,Month-to-month,No,Bank transfer (automatic),25.04,859.35,Yes
CUST_02843,Male,0,Yes,No,41,Yes,No phone service,DSL,Yes,Yes,No,No,No,Yes,Month-to-month,No,Mailed check,112.4,4631.64,No
CUST_02844,Male,0,Yes,Yes,56,Yes,No phone service,Fiber optic,Yes,No,No,Yes,Yes,Yes,One year,Yes,Credit card (automatic),28.38,1596.02,No
CUST_02845,Female,1,Yes,No,29,Yes,Yes,Fiber optic,No,No,No,Yes,Yes,No,One year,No,Credit card (automatic),101.37,2977.92,No
CUST_02846,Female,0,Yes,Yes,31,Yes,Yes,DSL,Yes,No,Yes,No,Yes,No,Month-to-month,Yes,Bank transfer (automatic),110.42,3426.76,No
CUST_02847,Female,0,No,No,65,Yes,Yes,Fiber optic,Yes,No,Yes,Yes,Yes,Yes,Month-to-month,Yes,Electronic check,65.7,4315.43,No
CUST_02848,Female,0,Yes,No,18,Yes,No phone service,No,No internet service,No internet service,No internet service,No internet service,No internet service,No internet service,One year,No,Bank transfer (automatic),23.5,461.68,No
CUST_02849,Male,0,No,No,6,Yes,No phone service,DSL,No,No,No,No,Yes,Yes,Month-to-month,No,Electronic check,78.77,509.67,No
CUST_02850,Female,0,Yes,Yes,52,Yes,Yes,Fiber optic,No,No,No,No,Yes,No,Month-to-month,Yes,Electronic check,41.95,2218.93,Yes
CUST_02851,Female,0,Yes,Yes,40,Yes,No phone service,DSL,Yes,No,Yes,No,Yes,No,Two year,Yes,Electronic check,36.02,1444.14,No
CUST_02852,Male,1,No,No,65,Yes,Yes,DSL,No,Yes,No,Yes,No,Yes,Month-to-month,No,Mailed check,75.81,4977.14,No
CUST_02853,Male,0,Yes,Yes,42,Yes,No,Fiber optic,No,Yes,Yes,No,No,No,Month-to-month,No,Mailed check,54.35,2325.67,No
CUST_02854,Female,0,No,Yes,68,Yes,Yes,DSL,No,No,Yes,Yes,No,Yes,Month-to-month,Yes,Bank transfer (automatic),92.5,6315.3,No
CUST_02855,Female,0,No,No,32,Yes,No phone service,No,No internet service,No internet service,No internet service,No internet service,No internet service,No internet service,Month-to-month,Yes,Mailed check,78.31,2541.81,Yes
CUST_02856,Male,0,Yes,Yes,10,Yes,No phone service,DSL,No,Yes,Yes,No,No,No,Month-to-month,Yes,Mailed check,102.59,1062.89,No
CUST_02857,Female,0,Yes,No,69,Yes,No phone service,DSL,No,Yes,Yes,No,No,Yes,Two year,Yes,Credit card (automatic),23.96,1694.41,No
CUST_02858,Male,1,No,Yes,9,Yes,No phone service,Fiber optic,Yes,No,Yes,No,Yes,Yes,One year,Yes,Bank transfer (automatic),41.96,390.42,Yes
CUST_02859,Male,1,No,Yes,69,Yes,Yes,Fiber optic,No,Yes,No,No,Yes,Yes,Month-to-month,No,Electronic check,75.83,5251.08,No
CUST_02860,Male,0,Yes,No,61,Yes,Yes,Fiber optic,Yes,Yes,Yes,No,No,Yes,Month-to-month,No,Bank transfer (automatic),107.8,6616.01,Yes
CUST_02861,Male,0,No,No,11,No,No phone service,DSL,No,Yes,No,No,No,No,One year,No,Mailed check,100.97,1149.12,No
CUST_02862,Female,0,Yes,No,68,Yes,Yes,No,No internet service,No internet service,No internet service,No internet service,No internet service,No internet service,Month-to-month,Yes,Electronic check,87.31,5963.36,Yes
CUST_02863,Male,0,No,No,8,Yes,No,No,No internet service,No internet service,No internet service,No internet service,No internet service,No internet service,Two year,No,Credit card (automatic),76.56,632.25,No
CUST_02864,Male,0,Yes,Yes,49,Yes,Yes,Fiber optic,No,Yes,Yes,Yes,Yes,Yes,Month-to-month,No,Bank transfer (automatic),82.41,4086.46,Yes
CUST_02865,Female,0,No,Yes,24,Yes,Yes,Fiber optic,Yes,No,Yes,Yes,Yes,Yes,One year,No,Credit card (automatic),39.79,975.66,No
CUST_02866,Male,1,No,Yes,33,Yes,No phone service,Fiber optic,No,No,Yes,Yes,Yes,No,Two year,Yes,Electronic check,78.71,2635.62,No
CUST_02867,Female,0,Yes,No,19,Yes,No,DSL,Yes,No,No,No,Yes,Yes,Two year,No,Mailed check,68.36,1319.54,No
CUST_02868,Female,0,No,Yes,2,Yes,No phone service,DSL,Yes,Yes,No,No,No,Yes,Month-to-month,No,Credit card (automatic),57.21,129.92,No
CUST_02869,Female,0,No,Yes,55,Yes,No phone service,DSL,No,Yes,Yes,Yes,Yes,No,One year,Yes,Mailed check,108.55,6002.22,No
CUST_02870,Male,0,No,Yes,11,No,No phone service,No,No internet service,No internet service,No internet service,No internet service,No internet service,No internet service,Month-to-month,No,Bank transfer (automatic),102.6,1168.99,No
CUST_02871,Female,0,No,No,17,Yes,Yes,DSL,No,No,Yes,No,No,Yes,Two year,Yes,Electronic check,25.83,488.13,No
CUST_02872,Female,0,No,No,42,Yes,No,Fiber optic,No,No,Yes,No,No,No,Month-to-month,Yes,Mailed check,118.54,4986.31,Yes
CUST_02873,Male,0,No,Yes,61,Yes,No,DSL,No,No,No,Yes,No,No,Month-to-month,Yes,Electronic check,41.46,2572.77,Yes
CUST_02874,Female,0,No,Yes,3,Yes,Yes,Fiber optic,No,No,No,Yes,Yes,Yes,One year,Yes,Bank transfer (automatic),39.96,146.1,No
CUST_02875,Female,0,Yes,No,35,Yes,No,DSL,No,Yes,Yes,Yes,Yes,Yes,Month-to-month,Yes,Bank transfer (automatic),114.27,4004.81,No
CUST_02876,Female,0,No,No,66,Yes,Yes,Fiber optic,No,Yes,No,No,Yes,Yes,Month-to-month,No,Bank transfer (automatic),63.37,4222.13,Yes
CUST_02877,Female,0,No,No,1,Yes,Yes,DSL,No,No,Yes,Yes,No,Yes,Month-to-month,No,Mailed check,100.15,116.72,Yes
CUST_02878,Female,0,Yes,No,7,Yes,Yes,No,No internet service,No internet service,No internet service,No internet service,No internet service,No internet service,Month-to-month,No,Mailed check,47.4,375.19,No
CUST_02879,Male,0,No,Yes,20,Yes,No,No,No internet service,No internet service,No internet service,No internet service,No internet service,No internet service,Two year,No,Credit card (automatic),107.06,2149.16,No
CUST_02880,Female,0,No,No,43,Yes,No phone service,Fiber optic,No,Yes,No,No,Yes,Yes,Month-to-month,Yes,Mailed check,102.9,4460.04,Yes
CUST_02881,Female,0,Yes,Yes,6,Yes,No,DSL,Yes,Yes,Yes,No,Yes,No,One year,No,Mailed check,70.99,440.96,No
CUST_02882,Male,0,No,No,55,Yes,No phone service,DSL,No,No,Yes,No,No,No,Two year,No,Credit card (automatic),89.92,4958.23,No
CUST_02883,Male,0,No,Yes,21,Yes,No,No,No internet service,No internet service,No internet service,No internet service,No internet service,No internet service,Month-to-month,Yes,Credit card (automatic),116.33,2445.46,Yes
CUST_02884,Male,0,Yes,Yes,51,Yes,No phone service,DSL,Yes,No,No,Yes,Yes,Yes,Month-to-month,Yes,Bank transfer (automatic),64.11,3293.64,No
CUST_02885,Female,0,Yes,No,46,Yes,No phone service,DSL,No,No,Yes,Yes,No,No,Month-to-month,Yes,Mailed check,68.41,3166.38,Yes
CUST_02886,Male,0,No,Yes,35,Yes,No,Fiber optic,Yes,Yes,No,No,No,Yes,Two year,No,Mailed check,91.73,3213.49,No
CUST_02887,Female,0,No,Yes,8,Yes,No,DSL,No,Yes,Yes,Yes,No,Yes,Two year,Yes,Mailed check,57.42,470.66,No
CUST_02888,Female,1,Yes,Yes,68,Yes,No phone service,DSL,No,No,No,Yes,No,Yes,Month-to-month,Yes,Bank transfer (automatic),116.05,7915.45,Yes
CUST_02889,Male,0,No,No,16,Yes,Yes,Fiber optic,No,Yes,No,No,Yes,No,Month-to-month,Yes,Bank transfer (automatic),22.12,394.4,Yes
CUST_02890,Male,1,Yes,No,67,Yes,No phone service,DSL,Yes,No,No,Yes,Yes,No,Two year,Yes,Credit card (automatic),59.14,4009.16,No
CUST_02891,Female,0,Yes,No,71,Yes,No phone service,DSL,Yes,No,Yes,No,No,No,One year,No,Mailed check,90.81,6473.48,No
CUST_02892,Male,0,Yes,Yes,64,Yes,Yes,Fiber optic,Yes,No,Yes,No,No,Yes,One year,No,Electronic check,61.8,3975.16,Yes
CUST_02893,Female,1,No,Yes,2,Yes,No phone service,DSL,Yes,No,Yes,No,Yes,No,One year,Yes,Electronic check,44.44,136.62,No
CUST_02894,Male,0,Yes,Yes,1,Yes,Yes,Fiber optic,No,No,No,No,No,No,Two year,No,Credit card (automatic),60.17,108.32,No
CUST_02895,Male,0,Yes,Yes,58,Yes,Yes,DSL,Yes,Yes,No,Yes,No,Yes,Two year,No,Credit card (automatic),107.91,6268.57,Yes
CUST_02896,Male,0,Yes,No,1,Yes,No,Fiber optic,No,Yes,No,Yes,Yes,Yes,Two year,Yes,Mailed check,73.79,100.37,No
CUST_02897,Female,0,No,Yes,7,Yes,No phone service,Fiber optic,No,Yes,No,No,No,Yes,Two year,Yes,Credit card (automatic),52.18,406.31,No
CUST_02898,Male,0,No,Yes,69,Yes,No phone service,Fiber optic,No,No,No,Yes,Yes,No,Two year,No,Credit card (automatic),86.5,6009.29,No
CUST_02899,Female,0,No,Yes,18,Yes,Yes,DSL,No,No,No,Yes,No,Yes,Month-to-month,Yes,Mailed check,80.41,1481.6,Yes
CUST_02900,Female,1,Yes,No,32,Yes,No phone service,DSL,No,Yes,No,No,No,No,Month-to-month,No,Mailed check,75.17,2428.87,No
CUST_02901,Female,0,No,Yes,45,No,No phone service,No,No internet service,No internet service,No internet service,No internet service,No internet service,No internet service,Two year,Yes,Bank transfer (automatic),57.9,2625.59,No
CUST_02902,Female,1,No,No,33,Yes,No phone service,DSL,No,No,No,No,No,No,Month-to-month,No,Credit card (automatic),25.36,877.35,No
CUST_02903,Male,1,Yes,No,49,Yes,No phone service,Fiber optic,No,Yes,No,Yes,No,No,Two year,No,Electronic check,81.31,3995.7,No
CUST_02904,Female,0,Yes,Yes,33,Yes,Yes,No,No internet service,No internet service,No internet service,No internet service,No internet service,No internet service,Two year,No,Bank transfer (automatic),60.82,2028.43,No
CUST_02905,Female,0,No,Yes,71,Yes,Yes,Fiber optic,No,No,No,No,No,No,Month-to-month,No,Electronic check,61.73,4411.45,No
CUST_02906,Male,1,No,Yes,68,Yes,No phone service,DSL,Yes,No,No,No,No,Yes,Month-to-month,Yes,Credit card (automatic),41.88,2889.17,No
CUST_02907,Female,1,Yes,Yes,28,Yes,No phone service,DSL,No,Yes,Yes,No,Yes,No,Month-to-month,Yes,Bank transfer (automatic),43.44,1235.04,No
CUST_02908,Male,0,No,No,53,Yes,Yes,No,No internet service,No internet service,No internet service,No internet service,No internet service,No internet service,Month-to-month,No,Bank transfer (automatic),98.32,5238.45,No
CUST_02909,Female,0,Yes,No,44,Yes,No,Fiber optic,No,No,No,No,Yes,Yes,One year,Yes,Mailed check,66.9,2957.35,No
CUST_02910,Male,0,Yes,No,55,Yes,No,Fiber optic,No,Yes,No,Yes,Yes,Yes,Month-to-month,Yes,Credit card (automatic),29.15,1645.01,No
CUST_02911,Female,0,No,No,10,Yes,No phone service,Fiber optic,Yes,No,Yes,No,No,Yes,Two year,No,Mailed check,22.68,266.05,No
CUST_02912,Male,0,No,No,14,Yes,No phone service,No,No internet service,No internet service,No internet service,No internet service,No internet service,No internet service,Month-to-month,No,Credit card (automatic),40.92,613.9,Yes
CUST_02913,Female,0,No,No,36,Yes,No phone service,Fiber optic,No,Yes,No,Yes,Yes,No,Two year,No,Credit card (automatic),67.72,2440.76,No
CUST_02914,Female,0,No,No,34,Yes,Yes,DSL,Yes,Yes,Yes,No,No,Yes,Month-to-month,No,Credit card (automatic),80.96,2776.97,Yes
CUST_02915,Male,0,Yes,No,18,Yes,No phone service,Fiber optic,Yes,No,No,Yes,No,Yes,One year,No,Credit card (automatic),32.66,594.59,No
CUST_02916,Male,0,No,No,16,Yes,No phone service,Fiber optic,No,Yes,No,Yes,No,Yes,Month-to-month,No,Mailed check,62.25,1029.75,No
CUST_02917,Male,0,No,No,37,Yes,No phone service,DSL,Yes,Yes,Yes,Yes,No,No,Month-to-month,No,Credit card (automatic),25.4,955.38,No
CUST_02918,Male,0,No,Yes,41,No,No phone service,No,No internet service,No internet service,No internet service,No internet service,No internet service,No internet service,One year,Yes,Credit card (automatic),21.85,934.5,No
CUST_02919,Female,0,Yes,Yes,25,Yes,No phone service,DSL,Yes,No,Yes,Yes,Yes,Yes,Two year,Yes,Bank transfer (automatic),106.06,2654.8,No
CUST_02920,Female,0,No,Yes,8,Yes,No phone service,Fiber optic,Yes,No,No,Yes,No,No,Month-to-month,No,Mailed check,85.15,706.86,No
CUST_02921,Male,0,No,No,18,Yes,Yes,DSL,Yes,No,No,Yes,No,No,Month-to-month,Yes,Bank transfer (automatic),97.67,1764.27,No
CUST_02922,Female,0,Yes,Yes,68,Yes,No,DSL,No,No,No,No,No,Yes,One year,No,Bank transfer (automatic),36.55,2513.4,No
CUST_02923,Male,1,Yes,No,48,Yes,Yes,Fiber optic,No,No,No,No,Yes,No,Two year,No,Credit card (automatic),50.86,2471.65,No
CUST_02924,Male,0,Yes,No,70,Yes,No phone service,No,No internet service,No internet service,No internet service,No internet service,No internet service,No internet service,Month-to-month,Yes,Mailed check,63.27,4451.78,No
CUST_02925,Female,0,Yes,Yes,67,No,No phone service,Fiber optic,Yes,No,Yes,Yes,No,Yes,Month-to-month,No,Mailed check,85.12,5716.99,No
CUST_02926,Female,0,Yes,No,18,Yes,No phone service,DSL,No,Yes,No,No,Yes,Yes,Month-to-month,Yes,Credit card (automatic),72.55,1307.59,No
CUST_02927,Female,1,No,Yes,18,Yes,No phone service,Fiber optic,No,Yes,Yes,No,Yes,Yes,Month-to-month,No,Bank transfer (automatic),74.25,1369.58,No
CUST_02928,Female,0,Yes,No,56,Yes,No phone service,DSL,Yes,No,No,No,No,Yes,Month-to-month,No,Credit card (automatic),34.01,1947.98,Yes
CUST_02929,Female,0,Yes,No,23,Yes,Yes,DSL,Yes,Yes,Yes,No,Yes,Yes,Month-to-month,Yes,Electronic check,66.43,1564.53,Yes
CUST_02930,Female,0,Yes,Yes,35,Yes,No phone service,DSL,No,No,Yes,Yes,Yes,No,Month-to-month,No,Electronic check,102.03,3615.61,No
CUST_02931,Female,0,Yes,Yes,6,Yes,No phone service,DSL,No,Yes,No,No,No,No,Month-to-month,No,Credit card (automatic),69.97,466.27,No
CUST_02932,Male,0,Yes,Yes,26,Yes,No,Fiber optic,No,Yes,Yes,No,Yes,No,Month-to-month,No,Credit card (automatic),38.37,1020.19,No
CUST_02933,Male,0,Yes,Yes,61,Yes,No,Fiber optic,No,Yes,No,No,Yes,Yes,Month-to-month,No,Bank transfer (automatic),60.17,3705.06,No
CUST_02934,Male,0,Yes,Yes,15,Yes,No phone service,DSL,No,Yes,No,No,No,Yes,Month-to-month,Yes,Mailed check,94.99,1444.73,Yes
CUST_02935,Male,0,Yes,Yes,32,Yes,No phone service,Fiber optic,Yes,Yes,Yes,Yes,Yes,No,Month-to-month,Yes,Mailed check,31.77,1062.59,No
CUST_02936,Male,0,No,No,12,Yes,No phone service,DSL,No,Yes,Yes,Yes,Yes,No,Month-to-month,Yes,Credit card (automatic),77.21,954.64,No
CUST_02937,Female,0,No,No,5,Yes,No phone service,No,No internet service,No internet service,No internet service,No internet service,No internet service,No internet service,Month-to-month,Yes,Credit card (automatic),116.46,619.93,No
CUST_02938,Male,0,No,No,64,Yes,No phone service,Fiber optic,No,Yes,No,Yes,No,Yes,Two year,Yes,Credit card (automatic),56.79,3635.34,No
CUST_02939,Male,0,Yes,No,71,No,No phone service,DSL,Yes,No,No,Yes,Yes,No,Month-to-month,Yes,Mailed check,22.45,1622.83,No
CUST_02940,Male,0,Yes,Yes,27,Yes,Yes,No,No internet service,No internet service,No internet service,No internet service,No internet service,No internet service,Two year,No,Credit card (automatic),82.58,2266.67,No
CUST_02941,Male,0,Yes,No,45,Yes,Yes,DSL,No,Yes,Yes,Yes,Yes,No,Month-to-month,Yes,Bank transfer (automatic),22.8,1039.06,No
CUST_02942,Male,0,No,No,35,Yes,Yes,Fiber optic,No,Yes,No,No,Yes,Yes,Month-to-month,Yes,Mailed check,37.54,1314.75,No
CUST_02943,Male,0,Yes,Yes,26,Yes,No,DSL,No,Yes,Yes,Yes,Yes,No,One year,No,Electronic check,22.94,633.53,No
CUST_02944,Male,1,Yes,No,23,Yes,No phone service,Fiber optic,No,No,No,No,No,No,Month-to-month,Yes,Electronic check,35.41,831.25,Yes
CUST_02945,Female,0,Yes,Yes,13,Yes,No,Fiber optic,Yes,Yes,No,Yes,Yes,Yes,Month-to-month,No,Credit card (automatic),105.2,1389.08,Yes
CUST_02946,Female,0,No,Yes,3,Yes,No,DSL,No,No,No,Yes,Yes,No,Month-to-month,No,Credit card (automatic),92.95,306.97,No
CUST_02947,Male,0,No,Yes,29,Yes,No,DSL,No,Yes,Yes,No,No,Yes,Month-to-month,Yes,Mailed check,52.87,1538.71,No
CUST_02948,Female,0,Yes,No,66,Yes,Yes,Fiber optic,No,Yes,Yes,Yes,No,No,Month-to-month,No,Bank transfer (automatic),109.51,7232.71,Yes
CUST_02949,Female,0,No,Yes,64,Yes,No phone service,DSL,Yes,No,Yes,No,Yes,Yes,One year,No,Electronic check,85.85,5542.35,Yes
CUST_02950,Female,0,Yes,No,28,Yes,No phone service,DSL,Yes,Yes,No,Yes,Yes,Yes,Month-to-month,Yes,Credit card (automatic),63.67,1799.71,No
CUST_02951,Female,0,Yes,No,36,Yes,No,Fiber optic,Yes,No,No,No,No,Yes,Two year,No,Mailed check,24.97,911.69,Yes
CUST_02952,Male,0,No,No,6,Yes,Yes,No,No internet service,No internet service,No internet service,No internet service,No internet service,No internet service,Month-to-month,Yes,Credit card (automatic),92.53,557.59,Yes
CUST_02953,Female,0,No,Yes,11,Yes,No,DSL,Yes,Yes,No,Yes,No,Yes,Month-to-month,No,Mailed check,56.3,628.04,Yes
CUST_02954,Female,0,No,Yes,38,No,No phone service,DSL,No,Yes,Yes,Yes,No,No,Two year,No,Electronic check,48.89,1879.31,No
CUST_02955,Female,0,No,Yes,34,No,No phone service,No,No internet service,No internet service,No internet service,No internet service,No internet service,No internet service,Month-to-month,No,Bank transfer (automatic),47.4,1628.83,No
CUST_02956,Male,0,Yes,No,67,Yes,Yes,DSL,No,Yes,No,Yes,No,No,Two year,Yes,Bank transfer (automatic),18.79,1279.91,No
CUST_02957,Male,0,Yes,No,46,Yes,No phone service,Fiber optic,No,No,Yes,No,Yes,Yes,Month-to-month,No,Electronic check,93.75,4347.69,No
CUST_02958,Male,0,No,Yes,29,Yes,No,No,No internet service,No internet service,No internet service,No internet service,No internet service,No internet service,Month-to-month,Yes,Bank transfer (automatic),32.82,983.92,No
CUST_02959,Male,1,No,No,60,Yes,No phone service,No,No internet service,No internet service,No internet service,No internet service,No internet service,No internet service,Month-to-month,Yes,Mailed check,71.11,4291.0,No
CUST_02960,Male,1,Yes,Yes,54,Yes,No,DSL,Yes,No,Yes,No,No,No,Month-to-month,Yes,Bank transfer (automatic),19.64,1101.32,Yes
CUST_02961,Male,0,Yes,Yes,69,Yes,Yes,DSL,Yes,No,No,Yes,Yes,Yes,One year,No,Credit card (automatic),82.04,5703.91,No
CUST_02962,Male,0,Yes,No,9,Yes,No phone service,DSL,No,Yes,Yes,No,Yes,No,Month-to-month,No,Electronic check,55.69,530.73,Yes
CUST_02963,Female,0,Yes,No,10,Yes,No phone service,No,No internet service,No internet service,No internet service,No internet service,No internet service,No internet service,Month-to-month,No,Electronic check,82.34,829.24,No
CUST_02964,Female,0,No,Yes,68,Yes,No phone service,No,No internet service,No internet service,No internet service,No internet service,No internet service,No internet service,Month-to-month,Yes,Credit card (automatic),27.17,1867.82,No
CUST_02965,Female,0,No,No,58,Yes,No phone service,DSL,Yes,Yes,No,No,Yes,No,Month-to-month,Yes,Electronic check,45.17,2651.35,No
CUST_02966,Male,0,No,Yes,52,Yes,No phone service,Fiber optic,Yes,Yes,Yes,Yes,Yes,No,Two year,Yes,Mailed check,29.25,1524.21,No
CUST_02967,Male,0,Yes,Yes,34,Yes,Yes,No,No internet service,No internet service,No internet service,No internet service,No internet service,No internet service,Month-to-month,Yes,Mailed check,83.9,2853.57,No
CUST_02968,Male,1,Yes,No,35,Yes,Yes,DSL,No,No,Yes,Yes,Yes,Yes,Two year,No,Mailed check,29.07,1064.95,No
CUST_02969,Male,0,No,Yes,33,Yes,No phone service,DSL,Yes,No,No,Yes,Yes,Yes,Month-to-month,Yes,Credit card (automatic),80.94,2707.67,No
CUST_02970,Male,0,No,No,72,No,No phone service,DSL,No,No,Yes,Yes,No,Yes,Month-to-month,Yes,Electronic check,31.74,2292.82,No
CUST_02971,Female,0,No,Yes,32,Yes,No,Fiber optic,No,No,Yes,No,No,No,One year,No,Bank transfer (automatic),114.22,3677.37,Yes
CUST_02972,Female,0,Yes,No,55,Yes,No phone service,No,No internet service,No internet service,No internet service,No internet service,No internet service,No internet service,Two year,No,Credit card (automatic),60.47,3335.57,No
CUST_02973,Male,0,No,No,8,Yes,No phone service,No,No internet service,No internet service,No internet service,No internet service,No internet service,No internet service,Two year,Yes,Mailed check,30.91,247.81,No
CUST_02974,Male,0,Yes,Yes,46,Yes,Yes,DSL,No,Yes,Yes,Yes,No,No,One year,No,Electronic check,22.26,1043.76,No
CUST_02975,Male,0,No,No,14,No,No phone service,DSL,No,Yes,No,Yes,No,No,Month-to-month,Yes,Electronic check,51.6,754.83,No
CUST_02976,Male,0,No,No,8,Yes,No phone service,Fiber optic,Yes,No,No,Yes,Yes,Yes,Month-to-month,No,Credit card (automatic),108.92,919.08,No
CUST_02977,Female,0,No,Yes,71,Yes,No phone service,Fiber optic,No,No,Yes,Yes,No,No,One year,No,Mailed check,32.67,2358.0,No
CUST_02978,Male,0,Yes,No,54,Yes,No,Fiber optic,No,Yes,Yes,Yes,No,No,Month-to-month,No,Credit card (automatic),98.66,5339.41,Yes
CUST_02979,Male,0,Yes,Yes,21,Yes,Yes,Fiber optic,Yes,Yes,No,Yes,No,Yes,Two year,Yes,Credit card (automatic),60.57,1288.82,No
CUST_02980,Male,0,Yes,No,14,No,No phone service,Fiber optic,Yes,Yes,Yes,No,Yes,No,One year,No,Bank transfer (automatic),99.9,1424.61,Yes
CUST_02981,Male,0,Yes,Yes,2,Yes,Yes,DSL,No,Yes,No,Yes,No,Yes,Two year,Yes,Mailed check,107.18,223.92,No
CUST_02982,Female,0,Yes,Yes,61,Yes,No phone service,Fiber optic,No,Yes,No,Yes,Yes,No,One year,Yes,Bank transfer (automatic),119.78,7348.07,Yes
CUST_02983,Male,0,Yes,Yes,17,Yes,No phone service,No,No internet service,No internet service,No internet service,No internet service,No internet service,No internet service,Two year,No,Credit card (automatic),24.96,432.65,Yes
CUST_02984,Male,0,No,Yes,48,Yes,No phone service,DSL,Yes,No,No,No,Yes,Yes,Month-to-month,Yes,Credit card (automatic),99.22,4777.19,No
CUST_02985,Female,0,Yes,No,8,Yes,No phone service,Fiber optic,Yes,No,No,Yes,No,No,One year,Yes,Electronic check,25.11,229.75,No
CUST_02986,Female,1,No,Yes,56,Yes,No,DSL,No,No,Yes,Yes,No,Yes,Month-to-month,No,Electronic check,50.11,2812.26,No
CUST_02987,Female,0,Yes,No,17,Yes,No phone service,Fiber optic,Yes,No,Yes,Yes,Yes,Yes,One year,No,Electronic check,83.92,1457.8,No
CUST_02988,Male,0,No,Yes,69,Yes,No,Fiber optic,Yes,Yes,Yes,Yes,Yes,Yes,One year,Yes,Bank transfer (automatic),63.62,4437.23,No
CUST_02989,Male,0,No,No,12,Yes,No,Fiber optic,Yes,Yes,Yes,No,No,No,Two year,Yes,Credit card (automatic),75.66,942.45,No
CUST_02990,Female,1,Yes,Yes,38,Yes,No phone service,No,No internet service,No internet service,No internet service,No internet service,No internet service,No internet service,One year,Yes,Mailed check,116.55,4469.6,No
CUST_02991,Female,0,No,No,18,Yes,Yes,DSL,Yes,Yes,No,No,No,Yes,One year,Yes,Credit card (automatic),101.5,1848.98,No
CUST_02992,Female,0,Yes,No,26,Yes,Yes,Fiber optic,Yes,No,No,No,Yes,Yes,Month-to-month,No,Mailed check,55.09,1450.72,No
CUST_02993,Female,0,Yes,Yes,37,Yes,No phone service,DSL,No,Yes,Yes,No,No,Yes,Two year,Yes,Bank transfer (automatic),79.19,2946.62,No
CUST_02994,Female,0,Yes,Yes,70,Yes,No phone service,Fiber optic,No,Yes,No,Yes,No,No,Month-to-month,No,Mailed check,22.95,1639.19,No
CUST_02995,Female,0,Yes,Yes,41,Yes,No phone service,DSL,No,No,Yes,No,No,Yes,Two year,Yes,Bank transfer (automatic),64.2,2657.95,No
CUST_02996,Male,0,No,No,42,No,No phone service,No,No internet service,No internet service,No internet service,No internet service,No internet service,No internet service,Month-to-month,Yes,Mailed check,80.06,3385.99,Yes
CUST_02997,Male,0,Yes,No,41,Yes,Yes,DSL,No,No,Yes,No,No,Yes,Two year,No,Mailed check,90.9,3731.98,No
CUST_02998,Male,1,No,No,47,Yes,No phone service,DSL,No,Yes,Yes,No,Yes,No,Month-to-month,No,Bank transfer (automatic),109.95,5201.54,Yes
CUST_02999,Female,0,No,No,14,Yes,Yes,DSL,Yes,No,No,Yes,Yes,No,One year,No,Mailed check,46.87,692.48,Yes
CUST_03000,Female,0,No,Yes,1,Yes,No,No,No internet service,No internet service,No internet service,No internet service,No internet service,No internet service,Month-to-month,Yes,Credit card (automatic),110.02,119.83,No
CUST_03001,Female,0,Yes,Yes,17,Yes,Yes,DSL,No,Yes,No,Yes,Yes,No,One year,No,Electronic check,85.47,1491.06,No
CUST_03002,Female,0,No,Yes,55,No,No phone service,DSL,No,Yes,No,Yes,Yes,No,Month-to-month,Yes,Electronic check,25.92,1469.56,Yes
CUST_03003,Female,0,Yes,Yes,53,Yes,No phone service,DSL,No,No,No,Yes,No,No,One year,Yes,Bank transfer (automatic),56.79,3018.81,No
CUST_03004,Female,0,No,No,31,Yes,No,DSL,Yes,Yes,No,Yes,No,Yes,Month-to-month,No,Mailed check,66.61,2087.6,No
CUST_03005,Male,0,Yes,No,62,Yes,No phone service,DSL,No,No,Yes,No,No,Yes,One year,Yes,Bank transfer (automatic),53.95,3388.94,No
CUST_03006,Male,0,Yes,Yes,8,Yes,Yes,Fiber optic,Yes,Yes,No,No,Yes,Yes,Month-to-month,Yes,Bank transfer (automatic),29.83,262.97,Yes
CUST_03007,Female,0,Yes,No,30,Yes,No,DSL,Yes,No,No,No,Yes,No,Month-to-month,Yes,Mailed check,74.26,2268.61,No
CUST_03008,Male,0,Yes,Yes,66,Yes,No phone service,Fiber optic,No,Yes,No,No,Yes,No,Two year,No,Electronic check,31.44,2085.75,No
CUST_03009,Female,0,No,No,45,Yes,Yes,DSL,Yes,No,Yes,No,No,No,Two year,Yes,Credit card (automatic),111.33,5013.17,No
CUST_03010,Male,0,No,No,18,Yes,No,Fiber optic,Yes,No,No,No,Yes,Yes,One year,Yes,Electronic check,106.26,1915.58,Yes
CUST_03011,Female,0,Yes,No,45,Yes,No phone service,Fiber optic,Yes,Yes,Yes,No,No,No,Two year,Yes,Mailed check,66.47,3039.86,No
CUST_03012,Female,1,No,No,19,Yes,No,DSL,Yes,Yes,No,No,No,Yes,Month-to-month,Yes,Electronic check,24.91,481.53,No
CUST_03013,Male,1,Yes,No,68,Yes,Yes,DSL,No,No,No,Yes,Yes,Yes,Month-to-month,No,Bank transfer (automatic),74.32,5097.34,No
CUST_03014,Male,0,Yes,No,50,Yes,No phone service,DSL,No,No,No,No,Yes,Yes,Month-to-month,No,Bank transfer (automatic),78.41,3936.19,No
CUST_03015,Female,0,No,Yes,25,No,No phone service,DSL,Yes,No,No,No,Yes,No,Month-to-month,Yes,Bank transfer (automatic),108.62,2717.48,No
CUST_03016,Female,0,Yes,No,38,Yes,No,Fiber optic,Yes,Yes,No,Yes,No,Yes,Month-to-month,Yes,Credit card (automatic),24.89,957.75,Yes
CUST_03017,Male,0,Yes,Yes,36,Yes,Yes,Fiber optic,Yes,No,Yes,Yes,Yes,Yes,One year,Yes,Electronic check,88.59,3214.68,Yes
CUST_03018,Male,0,Yes,Yes,68,Yes,No,Fiber optic,Yes,No,Yes,No,No,No,Month-to-month,Yes,Mailed check,75.41,5132.95,Yes
CUST_03019,Female,0,Yes,Yes,56,Yes,No phone service,DSL,No,Yes,No,Yes,Yes,Yes,Month-to-month,No,Credit card (automatic),35.83,2052.42,No
CUST_03020,Male,0,Yes,Yes,39,Yes,Yes,DSL,Yes,No,No,Yes,No,Yes,One year,No,Mailed check,30.42,1231.25,No
CUST_03021,Female,0,No,Yes,63,No,No phone service,DSL,No,Yes,No,Yes,Yes,Yes,Month-to-month,No,Bank transfer (automatic),88.78,5600.79,No
CUST_03022,Female,0,No,Yes,7,Yes,No phone service,Fiber optic,Yes,No,Yes,Yes,Yes,No,Month-to-month,No,Bank transfer (automatic),52.66,405.49,No
CUST_03023,Female,0,No,No,58,Yes,No phone service,Fiber optic,Yes,Yes,No,No,No,No,Month-to-month,No,Bank transfer (automatic),119.99,6982.68,Yes
CUST_03024,Female,0,Yes,No,59,Yes,No phone service,DSL,Yes,Yes,Yes,Yes,Yes,No,Two year,No,Electronic check,109.19,6491.22,No
CUST_03025,Male,0,Yes,No,48,Yes,Yes,Fiber optic,No,Yes,No,No,Yes,No,Month-to-month,Yes,Mailed check,75.7,3636.52,No
CUST_03026,Male,0,Yes,Yes,5,Yes,Yes,DSL,No,Yes,No,Yes,No,Yes,Two year,Yes,Mailed check,83.46,440.83,Yes
CUST_03027,Male,0,Yes,Yes,36,No,No phone service,No,No internet service,No internet service,No internet service,No internet service,No internet service,No internet service,One year,Yes,Credit card (automatic),34.21,1245.71,No
CUST_03028,Male,0,Yes,Yes,25,Yes,No phone service,DSL,Yes,Yes,Yes,Yes,Yes,No,Month-to-month,No,Electronic check,109.19,2766.03,Yes
CUST_03029,Male,0,Yes,No,45,Yes,No,Fiber optic,No,No,No,Yes,No,Yes,Month-to-month,Yes,Mailed check,64.81,2922.06,Yes
CUST_03030,Male,0,No,No,19,Yes,No phone service,DSL,Yes,Yes,Yes,Yes,Yes,Yes,One year,Yes,Credit card (automatic),71.18,1383.79,No
CUST_03031,Male,0,Yes,No,7,Yes,No,No,No internet service,No internet service,No internet service,No internet service,No internet service,No internet service,Two year,Yes,Credit card (automatic),107.06,796.82,No
CUST_03032,Female,0,No,Yes,58,Yes,No,DSL,No,Yes,Yes,Yes,No,Yes,Month-to-month,No,Credit card (automatic),18.64,1103.67,No
CUST_03033,Male,0,Yes,Yes,66,No,No phone service,DSL,Yes,Yes,Yes,Yes,Yes,Yes,Month-to-month,No,Credit card (automatic),68.42,4538.65,No
CUST_03034,Male,0,No,Yes,39,Yes,Yes,DSL,No,No,No,Yes,Yes,No,Month-to-month,Yes,Bank transfer (automatic),81.93,3220.06,Yes
CUST_03035,Female,0,Yes,No,18,Yes,No,No,No internet service,No internet service,No internet service,No internet service,No internet service,No internet service,Month-to-month,Yes,Mailed check,34.25,637.28,No
CUST_03036,Male,0,No,Yes,1,Yes,Yes,No,No internet service,No internet service,No internet service,No internet service,No internet service,No internet service,Two year,No,Credit card (automatic),24.97,47.34,No
CUST_03037,Male,0,No,Yes,63,Yes,No phone service,DSL,Yes,No,No,No,Yes,Yes,Month-to-month,No,Credit card (automatic),72.56,4594.65,Yes
CUST_03038,Female,1,Yes,Yes,3,Yes,No phone service,Fiber optic,Yes,No,No,Yes,Yes,No,Month-to-month,Yes,Credit card (automatic),73.85,271.45,Yes
CUST_03039,Male,0,Yes,Yes,21,Yes,No phone service,Fiber optic,Yes,Yes,No,Yes,No,No,Two year,No,Mailed check,51.69,1091.22,No
CUST_03040,Male,0,No,No,30,Yes,No phone service,DSL,No,No,Yes,Yes,Yes,No,Month-to-month,No,Electronic check,107.99,3253.89,No
CUST_03041,Male,0,Yes,No,11,Yes,No,DSL,Yes,No,No,No,Yes,Yes,One year,Yes,Mailed check,48.71,546.36,Yes
CUST_03042,Female,0,Yes,Yes,22,Yes,No,No,No internet service,No internet service,No internet service,No internet service,No internet service,No internet service,One year,Yes,Bank transfer (automatic),70.68,1582.19,No
CUST_03043,Male,1,Yes,Yes,57,Yes,Yes,Fiber optic,No,Yes,No,No,No,Yes,Month-to-month,Yes,Electronic check,37.04,2111.7,Yes
CUST_03044,Male,0,No,No,3,Yes,Yes,DSL,No,Yes,Yes,No,Yes,No,Month-to-month,No,Electronic check,19.14,103.47,Yes
CUST_03045,Female,0,Yes,No,30,Yes,No,DSL,Yes,Yes,No,Yes,Yes,No,Month-to-month,Yes,Electronic check,61.45,1870.2,Yes
CUST_03046,Male,0,No,Yes,45,Yes,No phone service,DSL,No,Yes,Yes,No,No,No,Two year,Yes,Bank transfer (automatic),71.75,3273.5,No
CUST_03047,Female,0,No,No,36,Yes,Yes,Fiber optic,Yes,Yes,No,Yes,No,No,Two year,No,Mailed check,96.0,3473.15,Yes
CUST_03048,Female,0,Yes,No,72,Yes,No,DSL,No,No,No,No,No,No,Month-to-month,No,Credit card (automatic),63.77,4599.28,No
CUST_03049,Male,0,No,Yes,64,Yes,Yes,Fiber optic,No,No,No,Yes,Yes,Yes,One year,Yes,Electronic check,46.43,2981.18,No
CUST_03050,Female,0,Yes,No,54,No,No phone service,DSL,Yes,No,Yes,Yes,No,Yes,One year,Yes,Bank transfer (automatic),79.63,4323.67,No
CUST_03051,Female,0,Yes,No,68,Yes,No phone service,DSL,No,No,No,Yes,Yes,Yes,Month-to-month,Yes,Bank transfer (automatic),56.88,3869.84,No
CUST_03052,Male,0,No,No,50,Yes,No,DSL,Yes,Yes,No,Yes,Yes,Yes,Month-to-month,No,Bank transfer (automatic),41.81,2129.56,No
CUST_03053,Female,1,No,No,31,Yes,Yes,No,No internet service,No internet service,No internet service,No internet service,No internet service,No internet service,One year,No,Credit card (automatic),110.86,3476.05,No
CUST_03054,Female,0,No,Yes,29,Yes,No,DSL,Yes,Yes,Yes,No,No,Yes,Month-to-month,Yes,Mailed check,72.74,2144.63,No
CUST_03055,Male,0,No,No,59,Yes,Yes,Fiber optic,No,Yes,No,Yes,No,No,Two year,Yes,Bank transfer (automatic),38.45,2313.29,No
CUST_03056,Male,0,No,No,36,No,No phone service,DSL,Yes,No,Yes,Yes,No,No,One year,No,Mailed check,86.43,3139.06,No
CUST_03057,Male,0,Yes,Yes,67,Yes,Yes,Fiber optic,No,No,Yes,No,No,No,Month-to-month,No,Electronic check,99.91,6718.2,Yes
CUST_03058,Female,0,No,No,11,Yes,No phone service,DSL,Yes,No,No,No,Yes,No,Two year,Yes,Credit card (automatic),95.37,1075.53,Yes
CUST_03059,Male,0,Yes,Yes,11,Yes,No phone service,Fiber optic,No,Yes,Yes,Yes,Yes,Yes,Month-to-month,No,Electronic check,79.15,879.78,Yes
CUST_03060,Female,0,Yes,Yes,26,No,No phone service,No,No internet service,No internet service,No internet service,No internet service,No internet service,No internet service,Two year,No,Mailed check,71.0,1871.65,No
CUST_03061,Female,0,No,No,53,Yes,No,DSL,No,No,Yes,Yes,Yes,Yes,Month-to-month,Yes,Credit card (automatic),97.29,5183.3,Yes
CUST_03062,Female,1,No,No,14,Yes,Yes,DSL,No,Yes,No,Yes,No,No,One year,No,Bank transfer (automatic),90.23,1301.43,No
CUST_03063,Female,0,No,No,64,Yes,No phone service,Fiber optic,Yes,Yes,Yes,Yes,Yes,No,Two year,No,Electronic check,76.29,4900.0,No
CUST_03064,Female,0,No,No,10,Yes,No,DSL,Yes,No,No,No,Yes,No,Month-to-month,No,Mailed check,85.09,855.49,Yes
CUST_03065,Female,1,No,No,31,Yes,No,Fiber optic,Yes,Yes,No,Yes,No,Yes,Month-to-month,No,Bank transfer (automatic),35.2,1121.07,No
CUST_03066,Female,0,Yes,Yes,36,Yes,No phone service,DSL,Yes,No,Yes,Yes,Yes,Yes,One year,Yes,Electronic check,20.03,760.59,No
CUST_03067,Male,0,Yes,No,10,No,No phone service,Fiber optic,No,No,No,Yes,Yes,No,One year,No,Mailed check,112.98,1178.24,Yes
CUST_03068,Male,0,Yes,Yes,26,No,No phone service,Fiber optic,Yes,No,No,Yes,Yes,No,Month-to-month,No,Bank transfer (automatic),113.4,2952.89,Yes
CUST_03069,Female,0,No,No,20,Yes,Yes,DSL,No,No,No,Yes,No,No,Two year,Yes,Bank transfer (automatic),98.37,2004.78,No
CUST_03070,Female,1,No,Yes,44,Yes,No phone service,Fiber optic,No,No,No,Yes,Yes,No,One year,No,Credit card (automatic),55.98,2492.69,No
CUST_03071,Male,1,Yes,No,62,Yes,No phone service,Fiber optic,Yes,Yes,Yes,Yes,Yes,No,Month-to-month,Yes,Bank transfer (automatic),33.38,2070.11,No
CUST_03072,Female,0,No,No,9,Yes,No,DSL,Yes,Yes,No,No,Yes,No,One year,No,Mailed check,54.45,525.94,No
CUST_03073,Male,0,No,No,71,Yes,No,DSL,Yes,Yes,No,Yes,No,Yes,Month-to-month,No,Mailed check,92.08,6538.69,No
CUST_03074,Male,0,No,No,24,Yes,No phone service,Fiber optic,Yes,No,No,Yes,Yes,No,Two year,No,Bank transfer (automatic),52.19,1291.83,No
CUST_03075,Male,0,Yes,No,12,Yes,Yes,DSL,Yes,No,Yes,Yes,No,Yes,Month-to-month,Yes,Bank transfer (automatic),99.18,1226.26,Yes
CUST_03076,Female,0,No,Yes,60,Yes,Yes,No,No internet service,No internet service,No internet service,No internet service,No internet service,No internet service,Month-to-month,No,Bank transfer (automatic),86.65,5233.24,Yes
CUST_03077,Female,0,Yes,No,16,Yes,No phone service,Fiber optic,Yes,Yes,No,No,Yes,No,Month-to-month,Yes,Credit card (automatic),82.26,1322.13,No
CUST_03078,Male,1,No,No,29,No,No phone service,DSL,Yes,Yes,No,Yes,Yes,Yes,Two year,Yes,Bank transfer (automatic),112.88,3319.59,No
CUST_03079,Male,1,No,No,32,Yes,No phone service,No,No internet service,No internet service,No internet service,No internet service,No internet service,No internet service,Month-to-month,No,Credit card (automatic),109.13,3537.06,No
CUST_03080,Male,0,Yes,Yes,35,Yes,No,DSL,No,Yes,Yes,No,Yes,No,Month-to-month,No,Bank transfer (automatic),90.59,3215.66,No
CUST_03081,Male,0,No,No,43,Yes,Yes,Fiber optic,Yes,Yes,Yes,Yes,Yes,No,Month-to-month,Yes,Credit card (automatic),38.32,1665.92,Yes
CUST_03082,Male,0,No,Yes,53,Yes,No,DSL,No,No,No,Yes,Yes,No,Month-to-month,Yes,Bank transfer (automatic),113.77,6054.43,No
CUST_03083,Female,0,No,No,20,Yes,Yes,Fiber optic,No,Yes,Yes,Yes,No,Yes,Month-to-month,Yes,Credit card (automatic),41.17,829.07,Yes
CUST_03084,Male,0,Yes,Yes,8,Yes,No phone service,Fiber optic,No,Yes,Yes,Yes,Yes,Yes,One year,Yes,Electronic check,56.0,450.58,Yes
CUST_03085,Female,0,No,No,42,Yes,No,Fiber optic,Yes,No,No,No,Yes,No,Month-to-month,Yes,Bank transfer (automatic),102.33,4300.87,Yes
CUST_03086,Male,0,No,No,70,Yes,Yes,DSL,No,No,No,Yes,No,Yes,One year,Yes,Credit card (automatic),39.28,2778.25,No
CUST_03087,Female,0,No,Yes,16,Yes,No,DSL,No,Yes,Yes,No,Yes,No,Month-to-month,Yes,Credit card (automatic),83.14,1346.27,Yes
CUST_03088,Female,0,No,No,69,No,No phone service,DSL,No,No,No,Yes,Yes,No,One year,Yes,Mailed check,64.7,4493.23,No
CUST_03089,Female,1,No,Yes,53,Yes,Yes,DSL,Yes,Yes,No,No,No,No,Month-to-month,Yes,Mailed check,81.65,4357.16,No
CUST_03090,Female,0,Yes,No,45,Yes,No phone service,DSL,No,Yes,No,Yes,No,No,One year,No,Mailed check,115.72,5252.81,No
CUST_03091,Female,0,Yes,No,51,No,No phone service,Fiber optic,Yes,Yes,Yes,Yes,Yes,No,Month-to-month,Yes,Mailed check,100.45,5167.23,No
CUST_03092,Female,0,No,Yes,6,Yes,No,No,No internet service,No internet service,No internet service,No internet service,No internet service,No internet service,Month-to-month,Yes,Electronic check,48.17,324.97,No
CUST_03093,Male,0,No,No,33,Yes,Yes,DSL,No,No,No,Yes,No,Yes,Month-to-month,Yes,Credit card (automatic),23.84,827.71,No
CUST_03094,Female,1,Yes,Yes,15,Yes,No phone service,DSL,Yes,No,No,No,No,Yes,Month-to-month,Yes,Electronic check,116.64,1749.74,No
CUST_03095,Male,0,No,Yes,14,Yes,No,No,No internet service,No internet service,No internet service,No internet service,No internet service,No internet service,Month-to-month,No,Mailed check,77.69,1088.4,No
CUST_03096,Female,0,No,No,39,Yes,No phone service,No,No internet service,No internet service,No internet service,No internet service,No internet service,No internet service,One year,Yes,Mailed check,35.66,1413.54,No
CUST_03097,Female,0,No,No,63,Yes,No,Fiber optic,No,Yes,No,Yes,No,Yes,One year,No,Mailed check,81.97,5196.49,No
CUST_03098,Male,0,No,No,5,Yes,No phone service,DSL,Yes,Yes,No,No,Yes,Yes,Month-to-month,No,Mailed check,22.31,151.23,No
CUST_03099,Female,0,No,Yes,52,Yes,No phone service,Fiber optic,Yes,No,No,No,Yes,No,Month-to-month,No,Mailed check,37.13,1952.98,Yes
CUST_03100,Male,0,No,Yes,16,Yes,Yes,Fiber optic,Yes,Yes,No,No,No,No,One year,No,Electronic check,82.53,1367.46,No
CUST_03101,Male,0,No,No,38,Yes,Yes,DSL,No,Yes,Yes,Yes,Yes,No,Two year,Yes,Electronic check,59.05,2284.75,No
CUST_03102,Male,0,No,Yes,53,Yes,No phone service,Fiber optic,No,Yes,No,Yes,No,No,Month-to-month,No,Credit card (automatic),51.16,2716.58,No
CUST_03103,Male,0,Yes,Yes,53,Yes,Yes,Fiber optic,No,No,No,Yes,No,Yes,Month-to-month,Yes,Electronic check,84.86,4519.61,No
CUST_03104,Female,0,Yes,Yes,46,Yes,No phone service,DSL,Yes,Yes,No,No,No,Yes,Month-to-month,Yes,Bank transfer (automatic),106.37,4942.91,Yes
CUST_03105,Female,0,No,Yes,15,Yes,No,Fiber optic,Yes,Yes,No,Yes,No,No,Month-to-month,Yes,Mailed check,87.22,1328.74,Yes
CUST_03106,Male,0,No,No,59,Yes,No phone service,Fiber optic,Yes,No,No,No,Yes,Yes,Month-to-month,No,Credit card (automatic),65.27,3870.3,No
CUST_03107,Female,1,No,No,50,Yes,No phone service,Fiber optic,No,No,No,No,Yes,Yes,Two year,No,Mailed check,85.2,4274.91,No
CUST_03108,Female,1,No,No,9,Yes,No,Fiber optic,Yes,Yes,Yes,No,No,No,Month-to-month,Yes,Bank transfer (automatic),88.96,824.93,Yes
CUST_03109,Male,0,Yes,Yes,26,Yes,No,DSL,Yes,Yes,No,Yes,No,Yes,Month-to-month,No,Mailed check,97.06,2559.93,Yes
CUST_03110,Female,0,Yes,Yes,3,Yes,Yes,Fiber optic,No,No,No,Yes,Yes,No,Two year,No,Bank transfer (automatic),49.32,150.33,No
CUST_03111,Male,0,Yes,Yes,47,No,No phone service,Fiber optic,Yes,No,Yes,No,Yes,Yes,Month-to-month,No,Bank transfer (automatic),29.67,1436.38,No
CUST_03112,Male,0,Yes,Yes,5,Yes,Yes,No,No internet service,No internet service,No internet service,No internet service,No internet service,No internet service,Month-to-month,Yes,Credit card (automatic),87.55,483.64,Yes
CUST_03113,Female,0,No,No,62,No,No phone service,DSL,No,Yes,Yes,No,No,No,Month-to-month,No,Bank transfer (automatic),30.35,1920.79,Yes
CUST_03114,Female,0,No,Yes,5,Yes,No,DSL,Yes,No,No,No,No,Yes,Month-to-month,Yes,Bank transfer (automatic),65.13,371.41,Yes
CUST_03115,Female,0,No,Yes,10,Yes,No phone service,No,No internet service,No internet service,No internet service,No internet service,No internet service,No internet service,Two year,No,Mailed check,41.53,420.06,No
CUST_03116,Male,0,Yes,No,63,Yes,Yes,Fiber optic,No,No,No,Yes,No,No,Month-to-month,No,Credit card (automatic),51.87,3290.39,Yes
CUST_03117,Male,1,No,No,25,Yes,No,No,No internet service,No internet service,No internet service,No internet service,No internet service,No internet service,One year,No,Credit card (automatic),66.0,1653.64,Yes
CUST_03118,Female,0,No,No,44,Yes,Yes,DSL,No,Yes,No,Yes,Yes,No,Two year,Yes,Bank transfer (automatic),109.41,4855.88,Yes
CUST_03119,Female,0,Yes,Yes,25,Yes,Yes,DSL,Yes,No,No,Yes,No,Yes,Month-to-month,No,Mailed check,87.4,2232.71,No
CUST_03120,Female,0,Yes,Yes,30,Yes,No,DSL,Yes,No,Yes,Yes,No,No,One year,Yes,Credit card (automatic),35.51,1080.1,No
CUST_03121,Female,0,Yes,Yes,14,Yes,No,No,No internet service,No internet service,No internet service,No internet service,No internet service,No internet service,One year,Yes,Bank transfer (automatic),107.7,1534.62,No
CUST_03122,Male,1,Yes,Yes,43,Yes,Yes,No,No internet service,No internet service,No internet service,No internet service,No internet service,No internet service,Two year,No,Electronic check,69.06,2984.27,Yes
CUST_03123,Female,0,Yes,Yes,28,Yes,No,Fiber optic,Yes,Yes,Yes,Yes,Yes,Yes,Month-to-month,No,Mailed check,38.83,1106.29,No
CUST_03124,Male,0,No,Yes,19,Yes,Yes,DSL,Yes,Yes,No,No,Yes,No,Month-to-month,Yes,Bank transfer (automatic),71.8,1388.0,No
CUST_03125,Male,0,No,No,42,Yes,No phone service,DSL,No,No,Yes,Yes,No,Yes,Two year,Yes,Credit card (automatic),37.47,1613.47,No
CUST_03126,Female,0,Yes,Yes,20,Yes,No phone service,Fiber optic,Yes,Yes,Yes,No,Yes,No,Month-to-month,No,Bank transfer (automatic),55.47,1116.69,No
CUST_03127,Female,0,No,No,11,Yes,No,Fiber optic,Yes,No,Yes,No,Yes,No,Month-to-month,No,Bank transfer (automatic),100.16,1109.65,No
CUST_03128,Female,0,No,No,54,Yes,No,Fiber optic,Yes,Yes,Yes,Yes,No,No,One year,No,Electronic check,85.18,4609.75,No
CUST_03129,Male,0,No,No,24,Yes,No phone service,DSL,No,Yes,No,Yes,Yes,Yes,Month-to-month,Yes,Mailed check,66.75,1604.66,No
CUST_03130,Female,0,No,Yes,70,Yes,Yes,Fiber optic,Yes,No,No,Yes,Yes,No,Month-to-month,No,Electronic check,41.1,2908.95,No
CUST_03131,Female,0,Yes,Yes,17,Yes,Yes,DSL,Yes,Yes,No,Yes,Yes,Yes,Two year,No,Electronic check,46.78,804.77,No
CUST_03132,Male,0,No,No,28,Yes,Yes,Fiber optic,Yes,Yes,No,No,No,No,One year,Yes,Electronic check,117.78,3319.72,Yes
CUST_03133,Female,0,No,Yes,50,No,No phone service,Fiber optic,No,Yes,No,No,Yes,No,One year,Yes,Mailed check,52.98,2683.26,Yes
CUST_03134,Male,0,No,Yes,55,Yes,Yes,No,No internet service,No internet service,No internet service,No internet service,No internet service,No internet service,Month-to-month,No,Electronic check,80.85,4468.92,No
CUST_03135,Female,0,Yes,No,10,Yes,No,Fiber optic,Yes,No,Yes,No,Yes,No,Two year,Yes,Credit card (automatic),68.97,735.04,No
CUST_03136,Male,0,No,Yes,21,Yes,No,DSL,No,Yes,Yes,No,No,No,One year,Yes,Mailed check,20.36,465.95,No
CUST_03137,Female,0,Yes,Yes,58,Yes,No,DSL,No,Yes,Yes,Yes,No,Yes,Month-to-month,No,Credit card (automatic),114.36,6646.35,No
CUST_03138,Female,0,Yes,Yes,34,Yes,No phone service,No,No internet service,No internet service,No internet service,No internet service,No internet service,No internet service,Month-to-month,No,Mailed check,26.97,923.46,No
CUST_03139,Male,0,Yes,Yes,43,Yes,Yes,DSL,Yes,No,Yes,No,No,Yes,Two year,Yes,Credit card (automatic),85.19,3707.81,No
CUST_03140,Male,0,Yes,No,11,Yes,No,DSL,No,Yes,No,Yes,Yes,Yes,Month-to-month,Yes,Bank transfer (automatic),100.72,1127.81,No
CUST_03141,Female,0,No,No,33,Yes,Yes,No,No internet service,No internet service,No internet service,No internet service,No internet service,No internet service,Month-to-month,No,Electronic check,94.37,3133.37,Yes
CUST_03142,Male,0,Yes,Yes,58,Yes,No phone service,Fiber optic,Yes,No,Yes,No,No,No,Month-to-month,No,Credit card (automatic),100.54,5872.03,No
CUST_03143,Male,0,Yes,Yes,46,Yes,Yes,Fiber optic,Yes,No,Yes,No,No,No,Month-to-month,Yes,Credit card (automatic),93.45,4299.23,No
CUST_03144,Male,0,Yes,Yes,61,No,No phone service,DSL,Yes,Yes,No,Yes,No,Yes,Month-to-month,Yes,Electronic check,63.45,3892.91,No
CUST_03145,Male,0,Yes,No,62,Yes,No,No,No internet service,No internet service,No internet service,No internet service,No internet service,No internet service,Two year,No,Electronic check,109.42,6819.76,No
CUST_03146,Female,0,Yes,Yes,1,Yes,No,DSL,No,Yes,No,No,No,No,Month-to-month,No,Mailed check,111.07,153.5,Yes
CUST_03147,Female,0,No,Yes,21,Yes,No phone service,DSL,Yes,No,No,Yes,No,Yes,Month-to-month,Yes,Mailed check,62.57,1358.22,No
CUST_03148,Male,0,Yes,No,62,No,No phone service,DSL,Yes,No,No,No,No,No,Month-to-month,Yes,Credit card (automatic),67.45,4205.01,Yes
CUST_03149,Male,0,No,Yes,64,No,No phone service,DSL,No,No,Yes,Yes,No,Yes,Month-to-month,No,Mailed check,67.54,4364.69,No
CUST_03150,Male,0,No,No,56,Yes,Yes,No,No internet service,No internet service,No internet service,No internet service,No internet service,No internet service,Month-to-month,No,Electronic check,46.45,2602.88,No
CUST_03151,Male,0,Yes,Yes,1,Yes,No phone service,Fiber optic,Yes,Yes,Yes,No,Yes,No,Month-to-month,No,Mailed check,29.72,44.99,Yes
CUST_03152,Female,0,No,No,21,Yes,Yes,Fiber optic,Yes,Yes,No,No,No,Yes,Month-to-month,No,Mailed check,44.72,939.69,Yes
CUST_03153,Female,0,No,Yes,22,Yes,No,No,No internet service,No internet service,No internet service,No internet service,No internet service,No internet service,Month-to-month,Yes,Mailed check,104.1,2298.45,No
CUST_03154,Male,0,No,Yes,54,Yes,No,DSL,Yes,Yes,Yes,No,Yes,No,Month-to-month,Yes,Bank transfer (automatic),73.39,3999.39,No
CUST_03155,Male,0,Yes,No,4,Yes,No,DSL,Yes,Yes,Yes,No,No,No,Two year,No,Mailed check,104.72,419.1,No
CUST_03156,Male,0,Yes,No,65,No,No phone service,Fiber optic,Yes,Yes,No,Yes,No,Yes,Month-to-month,No,Credit card (automatic),94.01,6136.58,No
CUST_03157,Female,0,Yes,No,51,Yes,No,Fiber optic,Yes,No,No,No,No,Yes,Two year,Yes,Electronic check,53.56,2752.19,No
CUST_03158,Male,1,Yes,No,63,Yes,Yes,Fiber optic,Yes,No,No,No,Yes,No,Month-to-month,No,Mailed check,36.9,2330.96,No
CUST_03159,Female,1,Yes,No,15,Yes,No phone service,DSL,No,Yes,No,No,Yes,No,Month-to-month,Yes,Credit card (automatic),75.86,1172.13,Yes
CUST_03160,Male,0,Yes,Yes,36,Yes,No,Fiber optic,Yes,Yes,Yes,Yes,Yes,No,One year,No,Bank transfer (automatic),113.46,4119.12,No
CUST_03161,Female,0,Yes,No,29,Yes,No phone service,DSL,No,Yes,Yes,No,Yes,Yes,Month-to-month,No,Mailed check,103.62,3041.31,Yes
CUST_03162,Male,0,No,No,52,Yes,Yes,DSL,No,Yes,No,Yes,No,Yes,Month-to-month,Yes,Mailed check,95.91,5025.65,No
CUST_03163,Female,0,No,No,46,Yes,Yes,DSL,Yes,No,No,No,No,Yes,Month-to-month,Yes,Bank transfer (automatic),95.95,4429.25,No
CUST_03164,Male,0,Yes,No,69,Yes,No phone service,DSL,Yes,Yes,No,No,Yes,Yes,Month-to-month,Yes,Credit card (automatic),71.83,5006.03,Yes
CUST_03165,Male,0,No,Yes,29,Yes,No,DSL,Yes,Yes,Yes,Yes,Yes,Yes,One year,No,Credit card (automatic),35.29,1027.11,No
CUST_03166,Male,0,Yes,Yes,47,Yes,No,DSL,Yes,Yes,No,No,Yes,No,One year,No,Credit card (automatic),47.13,2247.29,No
CUST_03167,Female,0,Yes,Yes,25,Yes,No,No,No internet service,No internet service,No internet service,No internet service,No internet service,No internet service,Month-to-month,Yes,Credit card (automatic),76.95,1972.17,No
CUST_03168,Male,0,Yes,Yes,16,Yes,No phone service,No,No internet service,No internet service,No internet service,No internet service,No internet service,No internet service,Month-to-month,Yes,Electronic check,50.27,815.5,Yes
CUST_03169,Female,0,No,Yes,41,Yes,Yes,Fiber optic,Yes,No,No,Yes,Yes,No,Two year,No,Credit card (automatic),97.72,4020.42,No
CUST_03170,Female,0,Yes,No,65,Yes,No phone service,No,No internet service,No internet service,No internet service,No internet service,No internet service,No internet service,Month-to-month,Yes,Bank transfer (automatic),56.07,3673.23,No
CUST_03171,Male,1,Yes,Yes,69,Yes,Yes,No,No internet service,No internet service,No internet service,No internet service,No internet service,No internet service,One year,No,Credit card (automatic),29.62,2082.67,No
CUST_03172,Male,0,Yes,Yes,20,Yes,No,DSL,Yes,No,No,No,Yes,No,Two year,Yes,Mailed check,97.82,1972.84,No
CUST_03173,Male,0,Yes,No,69,No,No phone service,Fiber optic,No,No,Yes,Yes,Yes,No,Month-to-month,Yes,Mailed check,89.21,6197.28,No
CUST_03174,Female,0,No,No,36,Yes,Yes,No,No internet service,No internet service,No internet service,No internet service,No internet service,No internet service,Month-to-month,No,Mailed check,43.82,1589.64,No
CUST_03175,Male,1,Yes,Yes,58,Yes,No,Fiber optic,Yes,No,No,No,No,No,Two year,No,Mailed check,118.07,6892.0,No
CUST_03176,Female,0,No,Yes,48,Yes,No phone service,DSL,Yes,No,Yes,Yes,Yes,Yes,Month-to-month,Yes,Electronic check,59.13,2850.66,No
CUST_03177,Female,0,No,No,2,Yes,Yes,Fiber optic,No,No,No,Yes,No,Yes,Month-to-month,No,Mailed check,87.41,205.69,No
CUST_03178,Male,0,Yes,Yes,29,Yes,No,DSL,No,Yes,No,No,Yes,No,Month-to-month,No,Mailed check,110.87,3233.0,Yes
CUST_03179,Male,0,Yes,No,16,Yes,No,DSL,No,Yes,No,Yes,Yes,No,Month-to-month,No,Bank transfer (automatic),33.91,558.68,No
CUST_03180,Male,0,No,No,35,Yes,No,DSL,Yes,Yes,No,Yes,No,No,Two year,Yes,Electronic check,107.66,3785.81,No
CUST_03181,Male,0,No,Yes,62,Yes,No,DSL,No,Yes,Yes,No,Yes,No,Month-to-month,Yes,Credit card (automatic),89.8,5592.51,Yes
CUST_03182,Male,0,No,Yes,4,No,No phone service,DSL,Yes,No,Yes,No,No,Yes,Month-to-month,No,Bank transfer (automatic),35.09,182.62,No
CUST_03183,Male,1,No,Yes,68,No,No phone service,No,No internet service,No internet service,No internet service,No internet service,No internet service,No internet service,One year,No,Mailed check,85.78,5871.02,No
CUST_03184,Female,0,Yes,No,51,Yes,No,DSL,No,No,No,Yes,Yes,Yes,Month-to-month,Yes,Mailed check,107.21,5490.01,No
CUST_03185,Female,0,No,No,33,Yes,No phone service,DSL,Yes,Yes,Yes,No,No,Yes,One year,No,Mailed check,99.5,3297.59,Yes
CUST_03186,Female,0,No,Yes,24,Yes,No phone service,DSL,No,No,Yes,Yes,No,No,Two year,Yes,Electronic check,95.58,2336.68,No
CUST_03187,Male,0,No,Yes,25,Yes,No phone service,Fiber optic,No,No,Yes,No,Yes,Yes,Two year,Yes,Mailed check,34.46,904.92,No
CUST_03188,Female,1,No,Yes,28,Yes,No phone service,No,No internet service,No internet service,No internet service,No internet service,No internet service,No internet service,Month-to-month,Yes,Bank transfer (automatic),37.44,1071.11,No
CUST_03189,Female,0,Yes,No,7,No,No phone service,DSL,Yes,Yes,No,Yes,No,Yes,One year,Yes,Bank transfer (automatic),73.87,551.86,Yes
CUST_03190,Female,0,Yes,No,36,Yes,Yes,DSL,Yes,No,Yes,No,Yes,No,Month-to-month,Yes,Electronic check,77.17,2796.76,No
CUST_03191,Female,0,Yes,No,10,Yes,No phone service,Fiber optic,Yes,No,Yes,Yes,Yes,Yes,Month-to-month,No,Mailed check,114.25,1149.95,No
CUST_03192,Female,0,No,Yes,36,Yes,Yes,Fiber optic,Yes,No,No,Yes,No,No,Month-to-month,No,Mailed check,65.81,2385.07,No
CUST_03193,Male,0,No,No,18,Yes,No phone service,DSL,No,No,No,Yes,No,Yes,One year,No,Mailed check,48.86,913.5,Yes
CUST_03194,Male,0,Yes,No,6,Yes,No,DSL,Yes,No,Yes,No,Yes,Yes,Month-to-month,Yes,Electronic check,37.46,263.22,No
CUST_03195,Female,0,Yes,Yes,7,Yes,No,Fiber optic,No,No,No,Yes,No,No,One year,Yes,Electronic check,23.53,207.26,No
CUST_03196,Female,0,No,No,12,Yes,No phone service,DSL,Yes,Yes,Yes,No,Yes,Yes,Month-to-month,No,Mailed check,25.0,300.92,No
CUST_03197,Female,0,Yes,Yes,41,Yes,Yes,No,No internet service,No internet service,No internet service,No internet service,No internet service,No internet service,Two year,No,Bank transfer (automatic),76.57,3163.49,No
CUST_03198,Male,0,No,No,63,Yes,No phone service,DSL,No,No,Yes,Yes,Yes,Yes,Month-to-month,Yes,Electronic check,35.98,2280.36,Yes
CUST_03199,Male,1,No,Yes,25,Yes,Yes,DSL,Yes,Yes,No,Yes,Yes,Yes,Two year,Yes,Electronic check,104.86,2655.82,No
CUST_03200,Female,0,No,Yes,53,Yes,No,No,No internet service,No internet service,No internet service,No internet service,No internet service,No internet service,One year,No,Bank transfer (automatic),78.84,4190.79,No
CUST_03201,Male,0,No,No,33,No,No phone service,No,No internet service,No internet service,No internet service,No internet service,No internet service,No internet service,Two year,No,Bank transfer (automatic),106.22,3533.52,No
CUST_03202,Male,0,No,Yes,6,Yes,No phone service,DSL,Yes,Yes,Yes,Yes,No,No,One year,Yes,Mailed check,61.6,405.2,No
CUST_03203,Female,0,No,No,62,Yes,No,No,No internet service,No internet service,No internet service,No internet service,No internet service,No internet service,One year,Yes,Mailed check,78.77,4922.2,No
CUST_03204,Male,0,Yes,Yes,66,Yes,No,Fiber optic,Yes,No,No,No,No,No,Month-to-month,Yes,Mailed check,71.59,4738.66,Yes
CUST_03205,Male,1,Yes,Yes,9,No,No phone service,DSL,No,Yes,No,No,Yes,Yes,One year,Yes,Mailed check,118.64,1072.16,No
CUST_03206,Female,0,Yes,Yes,67,Yes,No,Fiber optic,Yes,No,No,Yes,Yes,No,Month-to-month,Yes,Credit card (automatic),99.28,6662.4,No
CUST_03207,Male,1,No,No,16,Yes,No,DSL,No,Yes,No,Yes,Yes,No,Month-to-month,No,Electronic check,78.73,1289.65,Yes
CUST_03208,Male,0,Yes,Yes,55,Yes,Yes,DSL,No,No,Yes,No,No,No,One year,Yes,Bank transfer (automatic),79.87,4394.97,Yes
CUST_03209,Female,0,No,Yes,40,Yes,No,DSL,Yes,Yes,No,Yes,Yes,Yes,Month-to-month,No,Credit card (automatic),43.38,1743.05,No
CUST_03210,Male,1,No,No,26,No,No phone service,Fiber optic,Yes,No,No,Yes,No,No,Month-to-month,Yes,Credit card (automatic),92.94,2466.34,Yes
CUST_03211,Male,0,No,Yes,38,Yes,Yes,No,No internet service,No internet service,No internet service,No internet service,No internet service,No internet service,Month-to-month,Yes,Credit card (automatic),118.25,4512.58,No
CUST_03212,Female,1,No,Yes,35,Yes,Yes,DSL,Yes,Yes,Yes,No,Yes,No,Month-to-month,Yes,Mailed check,31.2,1116.9,No
CUST_03213,Female,0,Yes,Yes,68,No,No phone service,DSL,No,Yes,No,Yes,Yes,No,Month-to-month,Yes,Bank transfer (automatic),83.0,5644.59,No
CUST_03214,Female,1,Yes,Yes,59,Yes,Yes,Fiber optic,Yes,No,No,Yes,No,No,Month-to-month,Yes,Mailed check,70.82,4208.21,Yes
CUST_03215,Male,0,Yes,No,14,Yes,No phone service,Fiber optic,No,Yes,No,Yes,No,Yes,Month-to-month,Yes,Bank transfer (automatic),104.74,1482.65,No
CUST_03216,Female,0,No,Yes,47,Yes,Yes,Fiber optic,Yes,Yes,Yes,Yes,Yes,No,One year,No,Mailed check,18.0,872.73,No
CUST_03217,Male,0,Yes,Yes,71,Yes,No phone service,DSL,No,No,No,Yes,No,Yes,Month-to-month,Yes,Bank transfer (automatic),31.93,2293.45,No
CUST_03218,Female,0,Yes,No,72,Yes,Yes,Fiber optic,Yes,No,Yes,Yes,Yes,No,Two year,Yes,Mailed check,21.78,1616.64,No
CUST_03219,Male,0,Yes,Yes,42,Yes,Yes,DSL,Yes,Yes,Yes,Yes,Yes,No,Two year,Yes,Electronic check,34.62,1467.42,No
CUST_03220,Female,0,No,Yes,51,No,No phone service,Fiber optic,No,Yes,Yes,No,No,No,Month-to-month,Yes,Mailed check,90.21,4629.21,Yes
CUST_03221,Female,0,Yes,No,19,No,No phone service,DSL,No,Yes,No,Yes,Yes,Yes,Month-to-month,Yes,Bank transfer (automatic),32.25,631.76,No
CUST_03222,Female,0,No,No,66,Yes,No phone service,DSL,No,Yes,No,Yes,No,No,Month-to-month,Yes,Credit card (automatic),81.48,5398.63,No
CUST_03223,Female,0,Yes,No,47,Yes,No,Fiber optic,No,No,No,Yes,No,Yes,Two year,Yes,Mailed check,106.56,5010.96,No
CUST_03224,Male,0,No,No,65,Yes,Yes,No,No internet service,No internet service,No internet service,No internet service,No internet service,No internet service,One year,No,Electronic check,21.53,1433.98,Yes
CUST_03225,Female,0,Yes,Yes,42,Yes,No phone service,Fiber optic,No,No,Yes,No,Yes,Yes,One year,No,Electronic check,20.73,880.52,No
CUST_03226,Female,0,Yes,No,38,No,No phone service,No,No internet service,No internet service,No internet service,No internet service,No internet service,No internet service,Two year,No,Mailed check,118.96,4544.08,Yes
CUST_03227,Male,0,Yes,Yes,13,Yes,Yes,DSL,Yes,Yes,Yes,No,Yes,No,Two year,No,Credit card (automatic),86.67,1148.48,Yes
CUST_03228,Female,0,No,No,44,No,No phone service,Fiber optic,No,No,No,Yes,No,No,Two year,No,Bank transfer (automatic),32.35,1446.85,No
CUST_03229,Male,0,Yes,Yes,24,No,No phone service,Fiber optic,Yes,Yes,Yes,Yes,No,Yes,Two year,No,Bank transfer (automatic),49.28,1201.56,No
CUST_03230,Female,1,Yes,No,30,Yes,No,Fiber optic,No,No,No,No,Yes,Yes,Two year,No,Bank transfer (automatic),118.47,3566.24,No
CUST_03231,Female,0,No,No,70,Yes,No,No,No internet service,No internet service,No internet service,No internet service,No internet service,No internet service,Two year,No,Credit card (automatic),41.18,2904.76,No
CUST_03232,Female,0,No,Yes,38,No,No phone service,No,No internet service,No internet service,No internet service,No internet service,No internet service,No internet service,Month-to-month,Yes,Bank transfer (automatic),94.79,3604.27,Yes
CUST_03233,Male,0,No,No,23,Yes,No,Fiber optic,No,Yes,No,Yes,Yes,Yes,Two year,No,Credit card (automatic),42.6,991.93,No
CUST_03234,Female,0,No,No,57,Yes,No phone service,Fiber optic,Yes,No,No,Yes,Yes,No,One year,No,Electronic check,58.64,3381.93,No
CUST_03235,Female,0,Yes,No,23,Yes,No phone service,No,No internet service,No internet service,No internet service,No internet service,No internet service,No internet service,Month-to-month,No,Electronic check,107.83,2522.27,No
CUST_03236,Female,0,Yes,Yes,36,Yes,No,DSL,Yes,No,Yes,Yes,No,Yes,Month-to-month,No,Mailed check,20.9,788.19,No
CUST_03237,Male,0,No,No,57,Yes,No phone service,No,No internet service,No internet service,No internet service,No internet service,No internet service,No internet service,One year,Yes,Credit card (automatic),49.34,2843.89,No
CUST_03238,Male,0,Yes,No,1,Yes,No,No,No internet service,No internet service,No internet service,No internet service,No internet service,No internet service,Month-to-month,No,Bank transfer (automatic),67.69,108.26,No
CUST_03239,Female,0,No,Yes,72,Yes,Yes,Fiber optic,Yes,No,No,No,Yes,Yes,Two year,Yes,Mailed check,81.8,5896.02,Yes
CUST_03240,Male,0,Yes,Yes,3,Yes,Yes,Fiber optic,Yes,Yes,No,Yes,Yes,Yes,Month-to-month,No,Credit card (automatic),20.88,88.9,No
CUST_03241,Female,1,No,No,14,Yes,No phone service,DSL,Yes,No,Yes,Yes,Yes,Yes,Two year,No,Credit card (automatic),59.89,844.25,No
CUST_03242,Female,0,Yes,Yes,34,Yes,No phone service,DSL,Yes,No,No,No,No,Yes,Month-to-month,Yes,Electronic check,53.12,1844.88,No
CUST_03243,Female,0,No,Yes,70,Yes,No,Fiber optic,Yes,Yes,No,No,Yes,No,Month-to-month,Yes,Mailed check,20.74,1477.86,No
CUST_03244,Female,1,No,Yes,69,No,No phone service,DSL,Yes,No,Yes,No,Yes,Yes,Two year,Yes,Mailed check,54.25,3783.58,No
CUST_03245,Female,0,Yes,No,51,Yes,No,Fiber optic,Yes,No,Yes,Yes,Yes,Yes,Month-to-month,No,Bank transfer (automatic),113.03,5804.6,No
CUST_03246,Female,0,Yes,No,29,Yes,Yes,No,No internet service,No internet service,No internet service,No internet service,No internet service,No internet service,Two year,Yes,Electronic check,46.01,1357.66,No
CUST_03247,Female,0,Yes,Yes,48,No,No phone service,DSL,Yes,Yes,No,Yes,No,No,Month-to-month,Yes,Credit card (automatic),77.73,3755.9,No
CUST_03248,Male,1,No,No,16,Yes,Yes,DSL,Yes,No,Yes,No,No,No,Two year,Yes,Electronic check,48.41,775.91,No
CUST_03249,Male,1,Yes,Yes,57,Yes,No phone service,Fiber optic,No,No,Yes,Yes,Yes,Yes,Month-to-month,Yes,Credit card (automatic),28.88,1672.33,No
CUST_03250,Male,0,No,No,10,Yes,Yes,DSL,No,No,Yes,Yes,Yes,No,Month-to-month,Yes,Mailed check,47.55,509.39,No
CUST_03251,Male,0,Yes,Yes,19,No,No phone service,Fiber optic,No,No,No,Yes,No,Yes,Two year,Yes,Electronic check,66.02,1266.01,No
CUST_03252,Male,0,Yes,No,67,Yes,Yes,Fiber optic,No,Yes,Yes,Yes,No,Yes,Month-to-month,Yes,Bank transfer (automatic),48.21,3279.61,Yes
CUST_03253,Male,0,No,Yes,36,Yes,Yes,DSL,Yes,No,Yes,No,No,Yes,Two year,No,Credit card (automatic),81.67,2988.69,Yes
CUST_03254,Male,0,No,No,4,Yes,No,DSL,Yes,Yes,No,Yes,Yes,No,Two year,Yes,Mailed check,114.81,473.37,Yes
CUST_03255,Female,1,Yes,No,33,Yes,No phone service,No,No internet service,No internet service,No internet service,No internet service,No internet service,No internet service,Month-to-month,No,Electronic check,25.07,862.82,No
CUST_03256,Female,0,No,Yes,28,Yes,Yes,DSL,No,Yes,Yes,No,No,No,Month-to-month,Yes,Bank transfer (automatic),91.13,2553.26,Yes
CUST_03257,Female,0,No,No,9,Yes,Yes,Fiber optic,No,No,Yes,No,No,No,Month-to-month,No,Electronic check,18.13,196.44,No
CUST_03258,Female,0,Yes,No,6,Yes,No phone service,No,No internet service,No internet service,No internet service,No internet service,No internet service,No internet service,Month-to-month,Yes,Credit card (automatic),18.1,139.83,No
CUST_03259,Male,0,No,No,49,Yes,Yes,No,No internet service,No internet service,No internet service,No internet service,No internet service,No internet service,Month-to-month,Yes,Bank transfer (automatic),31.56,1587.44,No
CUST_03260,Male,0,Yes,No,22,Yes,No phone service,DSL,Yes,Yes,Yes,No,No,Yes,One year,No,Credit card (automatic),66.95,1488.18,No
CUST_03261,Female,0,Yes,No,48,Yes,No phone service,Fiber optic,No,Yes,No,No,No,No,Two year,No,Mailed check,22.9,1142.93,No
CUST_03262,Female,1,No,No,21,Yes,No phone service,Fiber optic,No,Yes,Yes,Yes,No,Yes,Month-to-month,No,Bank transfer (automatic),91.66,1967.75,No
CUST_03263,Male,1,Yes,No,33,Yes,Yes,Fiber optic,Yes,No,No,Yes,Yes,No,Month-to-month,Yes,Electronic check,20.99,726.04,Yes
CUST_03264,Female,0,No,No,56,No,No phone service,Fiber optic,Yes,No,No,Yes,Yes,Yes,One year,No,Mailed check,68.53,3861.52,No
CUST_03265,Female,1,Yes,Yes,29,Yes,No,Fiber optic,Yes,No,Yes,No,Yes,Yes,Month-to-month,Yes,Electronic check,86.96,2552.82,Yes
CUST_03266,Female,0,No,No,53,Yes,No phone service,DSL,No,Yes,Yes,No,No,No,One year,Yes,Mailed check,42.23,2274.7,No
CUST_03267,Female,0,No,Yes,40,Yes,Yes,Fiber optic,No,Yes,No,Yes,No,Yes,Month-to-month,Yes,Electronic check,77.09,3132.3,Yes
CUST_03268,Male,0,No,No,18,Yes,Yes,Fiber optic,Yes,No,No,Yes,Yes,No,Two year,Yes,Credit card (automatic),44.7,810.72,No
CUST_03269,Female,0,No,Yes,47,Yes,No phone service,Fiber optic,Yes,Yes,No,No,No,Yes,One year,Yes,Credit card (automatic),39.84,1888.04,No
CUST_03270,Female,1,No,No,13,No,No phone service,DSL,Yes,Yes,No,No,Yes,Yes,Month-to-month,Yes,Mailed check,101.48,1358.22,Yes
CUST_03271,Male,0,Yes,Yes,27,Yes,No phone service,DSL,No,Yes,Yes,No,No,No,One year,Yes,Mailed check,51.96,1423.3,No
CUST_03272,Male,0,Yes,Yes,62,Yes,No,No,No internet service,No internet service,No internet service,No internet service,No internet service,No internet service,Two year,No,Bank transfer (automatic),101.03,6297.23,No
CUST_03273,Female,0,No,No,45,Yes,No,DSL,Yes,No,Yes,Yes,No,Yes,Two year,Yes,Mailed check,40.12,1812.27,Yes
CUST_03274,Male,0,Yes,Yes,3,Yes,No,DSL,Yes,No,Yes,Yes,Yes,Yes,Month-to-month,Yes,Mailed check,54.3,198.35,Yes
CUST_03275,Female,0,No,No,22,Yes,No phone service,Fiber optic,Yes,No,No,No,Yes,No,Month-to-month,Yes,Bank transfer (automatic),28.47,660.07,Yes
CUST_03276,Female,0,No,No,27,Yes,Yes,Fiber optic,No,Yes,No,No,No,Yes,Month-to-month,No,Mailed check,68.64,1882.65,No
CUST_03277,Male,0,Yes,Yes,55,Yes,No phone service,DSL,No,No,No,No,No,Yes,Month-to-month,No,Electronic check,56.92,3169.01,Yes
CUST_03278,Female,0,Yes,No,67,Yes,Yes,Fiber optic,Yes,Yes,Yes,No,Yes,No,Month-to-month,No,Credit card (automatic),18.61,1290.71,No
CUST_03279,Female,0,No,Yes,33,Yes,No,Fiber optic,No,No,Yes,Yes,Yes,Yes,Two year,Yes,Bank transfer (automatic),65.42,2200.17,No
CUST_03280,Female,0,No,Yes,2,Yes,No,Fiber optic,Yes,No,No,No,Yes,Yes,Month-to-month,Yes,Bank transfer (automatic),25.59,57.56,Yes
CUST_03281,Female,0,No,No,46,Yes,No,No,No internet service,No internet service,No internet service,No internet service,No internet service,No internet service,Month-to-month,No,Mailed check,103.37,4792.22,Yes
CUST_03282,Male,0,No,No,33,Yes,Yes,DSL,Yes,No,No,Yes,Yes,Yes,Month-to-month,Yes,Credit card (automatic),68.36,2278.26,No
CUST_03283,Male,0,No,No,58,Yes,Yes,Fiber optic,No,Yes,Yes,Yes,No,Yes,Month-to-month,No,Bank transfer (automatic),88.39,5143.03,No
CUST_03284,Female,0,No,No,7,Yes,No phone service,DSL,Yes,No,Yes,Yes,Yes,No,Month-to-month,No,Electronic check,101.76,756.27,Yes
CUST_03285,Male,0,Yes,No,15,Yes,No phone service,DSL,Yes,No,No,Yes,No,No,Two year,Yes,Mailed check,23.22,376.28,No
CUST_03286,Female,1,No,Yes,26,Yes,No phone service,Fiber optic,No,No,Yes,No,Yes,No,Two year,No,Credit card (automatic),52.39,1387.31,No
CUST_03287,Female,0,No,Yes,11,Yes,No,DSL,Yes,No,Yes,Yes,Yes,Yes,One year,Yes,Mailed check,20.56,265.41,No
CUST_03288,Female,0,Yes,No,38,Yes,No phone service,Fiber optic,Yes,No,Yes,No,Yes,Yes,Month-to-month,No,Mailed check,23.06,904.02,Yes
CUST_03289,Female,1,No,No,27,Yes,No,DSL,Yes,No,Yes,No,Yes,Yes,Two year,Yes,Electronic check,21.86,633.09,No
CUST_03290,Female,0,No,No,7,No,No phone service,DSL,Yes,Yes,No,Yes,Yes,Yes,Month-to-month,No,Electronic check,66.75,472.37,Yes
CUST_03291,Male,0,Yes,Yes,1,No,No phone service,Fiber optic,No,No,No,No,Yes,Yes,Month-to-month,No,Electronic check,63.97,102.78,No
CUST_03292,Female,0,No,Yes,21,Yes,No,Fiber optic,No,No,No,No,Yes,Yes,Month-to-month,Yes,Bank transfer (automatic),24.25,517.37,No
CUST_03293,Male,1,Yes,Yes,30,Yes,No,DSL,Yes,Yes,Yes,No,No,Yes,Month-to-month,No,Credit card (automatic),44.76,1354.11,No
CUST_03294,Male,1,No,No,8,No,No phone service,No,No internet service,No internet service,No internet service,No internet service,No internet service,No internet service,Two year,No,Bank transfer (automatic),42.94,352.48,No
CUST_03295,Female,0,Yes,No,3,Yes,Yes,DSL,No,No,No,Yes,No,Yes,Two year,No,Mailed check,48.25,156.69,No
CUST_03296,Female,0,Yes,Yes,55,Yes,No phone service,DSL,No,No,Yes,Yes,Yes,Yes,One year,Yes,Credit card (automatic),83.36,4621.27,No
CUST_03297,Female,0,Yes,No,15,Yes,No phone service,DSL,No,Yes,Yes,No,No,No,Month-to-month,No,Credit card (automatic),89.1,1369.28,No
CUST_03298,Female,1,No,No,36,Yes,No phone service,DSL,No,No,Yes,No,No,Yes,Month-to-month,Yes,Mailed check,52.59,1904.56,No
CUST_03299,Female,1,No,Yes,6,Yes,Yes,DSL,No,No,No,No,No,No,Month-to-month,No,Mailed check,98.4,603.91,No
CUST_03300,Male,0,Yes,Yes,42,Yes,Yes,Fiber optic,No,No,No,No,Yes,Yes,Two year,No,Bank transfer (automatic),60.62,2551.08,Yes
CUST_03301,Female,0,Yes,No,50,Yes,Yes,Fiber optic,No,Yes,Yes,Yes,Yes,No,Month-to-month,No,Electronic check,71.29,3584.98,Yes
CUST_03302,Female,0,No,Yes,18,Yes,Yes,DSL,Yes,No,No,Yes,Yes,No,Month-to-month,Yes,Electronic check,32.85,610.16,Yes
CUST_03303,Male,0,No,No,50,Yes,Yes,No,No internet service,No internet service,No internet service,No internet service,No internet service,No internet service,Month-to-month,No,Mailed check,41.76,2095.06,Yes
CUST_03304,Male,0,No,Yes,30,Yes,No,DSL,Yes,No,Yes,No,Yes,Yes,One year,Yes,Electronic check,92.21,2808.05,No
CUST_03305,Female,0,No,Yes,39,Yes,No phone service,DSL,Yes,Yes,Yes,No,No,Yes,One year,No,Credit card (automatic),117.66,4631.3,Yes
CUST_03306,Male,0,No,No,12,Yes,No,DSL,Yes,Yes,No,No,No,No,Month-to-month,Yes,Bank transfer (automatic),89.87,1083.95,Yes
CUST_03307,Female,0,Yes,No,59,Yes,No phone service,DSL,Yes,No,No,No,Yes,Yes,Two year,No,Electronic check,23.53,1401.48,No
CUST_03308,Male,1,No,Yes,44,Yes,No,Fiber optic,Yes,Yes,Yes,Yes,No,No,One year,No,Mailed check,32.57,1470.1,No
CUST_03309,Male,0,Yes,No,4,Yes,Yes,DSL,Yes,Yes,Yes,No,No,Yes,One year,No,Mailed check,63.47,297.38,No
CUST_03310,Female,0,No,Yes,36,Yes,No phone service,Fiber optic,No,No,Yes,Yes,No,No,Two year,No,Electronic check,92.72,3341.59,No
CUST_03311,Male,0,Yes,No,48,Yes,No,Fiber optic,Yes,Yes,Yes,Yes,No,No,Two year,Yes,Mailed check,34.93,1721.52,No
CUST_03312,Male,1,Yes,Yes,14,Yes,No phone service,Fiber optic,Yes,Yes,No,No,Yes,No,Month-to-month,No,Mailed check,94.58,1327.25,Yes
CUST_03313,Male,0,No,Yes,49,No,No phone service,Fiber optic,No,Yes,No,Yes,Yes,No,One year,Yes,Credit card (automatic),74.7,3691.76,No
CUST_03314,Male,0,Yes,Yes,67,Yes,Yes,DSL,No,Yes,No,Yes,No,No,One year,Yes,Bank transfer (automatic),97.0,6500.33,Yes
CUST_03315,Male,0,Yes,No,9,Yes,No phone service,DSL,Yes,No,No,No,Yes,Yes,Month-to-month,Yes,Bank transfer (automatic),74.88,720.32,No
CUST_03316,Male,0,Yes,Yes,21,Yes,No phone service,Fiber optic,Yes,No,No,Yes,No,Yes,Two year,No,Electronic check,79.46,1686.29,No
CUST_03317,Female,0,Yes,Yes,72,Yes,Yes,DSL,Yes,No,Yes,No,Yes,No,Month-to-month,Yes,Credit card (automatic),43.37,3155.24,Yes
CUST_03318,Female,0,No,Yes,16,Yes,Yes,DSL,No,Yes,Yes,No,No,Yes,Two year,Yes,Credit card (automatic),91.46,1472.58,No
CUST_03319,Male,1,Yes,Yes,16,Yes,Yes,Fiber optic,Yes,No,Yes,Yes,Yes,Yes,Month-to-month,Yes,Credit card (automatic),104.09,1681.49,Yes
CUST_03320,Female,0,No,No,28,Yes,No,DSL,No,Yes,Yes,No,No,No,One year,Yes,Credit card (automatic),106.87,3029.77,Yes
CUST_03321,Female,0,Yes,No,51,Yes,No phone service,Fiber optic,Yes,No,No,Yes,Yes,Yes,Month-to-month,Yes,Mailed check,21.0,1119.86,No
CUST_03322,Female,0,No,Yes,56,Yes,Yes,DSL,No,Yes,No,Yes,No,Yes,Month-to-month,No,Electronic check,81.71,4625.31,No
CUST_03323,Male,0,No,Yes,57,Yes,No phone service,No,No internet service,No internet service,No internet service,No internet service,No internet service,No internet service,Month-to-month,No,Bank transfer (automatic),118.93,6819.66,Yes
CUST_03324,Female,0,No,No,52,Yes,No,Fiber optic,No,Yes,No,Yes,No,Yes,Month-to-month,No,Bank transfer (automatic),77.87,4091.36,No
CUST_03325,Male,0,Yes,Yes,46,Yes,No,DSL,Yes,Yes,Yes,Yes,No,No,Two year,No,Credit card (automatic),35.47,1680.06,No
CUST_03326,Female,0,No,No,38,Yes,Yes,Fiber optic,Yes,Yes,No,Yes,No,No,Month-to-month,No,Bank transfer (automatic),107.52,4087.62,No
CUST_03327,Male,0,No,Yes,48,Yes,No phone service,Fiber optic,No,Yes,No,No,Yes,Yes,Month-to-month,Yes,Electronic check,44.96,2166.55,Yes
CUST_03328,Male,0,Yes,No,41,Yes,No,Fiber optic,No,No,No,Yes,Yes,No,One year,No,Bank transfer (automatic),22.59,928.88,No
CUST_03329,Female,0,No,Yes,59,Yes,No phone service,Fiber optic,No,Yes,No,Yes,No,Yes,Month-to-month,No,Mailed check,61.91,3677.92,No
CUST_03330,Female,0,Yes,No,67,No,No phone service,Fiber optic,Yes,Yes,No,No,No,No,Month-to-month,Yes,Credit card (automatic),28.23,1939.19,Yes
CUST_03331,Male,1,Yes,No,66,Yes,Yes,DSL,No,Yes,No,No,Yes,No,Month-to-month,No,Bank transfer (automatic),29.75,1992.93,No
CUST_03332,Female,0,No,No,27,Yes,No,DSL,Yes,No,No,Yes,No,No,One year,No,Electronic check,65.26,1789.67,No
CUST_03333,Female,0,Yes,Yes,32,Yes,No,No,No internet service,No internet service,No internet service,No internet service,No internet service,No internet service,Two year,Yes,Bank transfer (automatic),80.49,2617.13,No
CUST_03334,Female,0,Yes,No,56,Yes,No,DSL,No,No,Yes,Yes,No,Yes,Two year,No,Electronic check,110.35,6226.05,Yes
CUST_03335,Male,0,Yes,No,10,Yes,No phone service,DSL,No,Yes,No,No,Yes,Yes,Two year,No,Mailed check,89.94,934.29,Yes
CUST_03336,Male,0,No,Yes,40,Yes,No,DSL,Yes,Yes,Yes,No,No,Yes,One year,No,Bank transfer (automatic),103.95,4202.59,No
CUST_03337,Female,1,Yes,Yes,17,Yes,No,No,No internet service,No internet service,No internet service,No internet service,No internet service,No internet service,Two year,No,Credit card (automatic),60.0,1028.79,No
CUST_03338,Female,0,Yes,Yes,58,Yes,No phone service,Fiber optic,Yes,Yes,Yes,Yes,No,Yes,Month-to-month,Yes,Electronic check,50.5,2953.96,Yes
CUST_03339,Female,0,Yes,Yes,6,Yes,No,Fiber optic,No,No,Yes,No,No,Yes,Month-to-month,No,Mailed check,78.47,489.05,No
CUST_03340,Male,0,No,No,39,Yes,No,No,No internet service,No internet service,No internet service,No internet service,No internet service,No internet service,Month-to-month,No,Credit card (automatic),88.94,3485.32,No
CUST_03341,Male,0,Yes,Yes,18,No,No phone service,No,No internet service,No internet service,No internet service,No internet service,No internet service,No internet service,Month-to-month,No,Mailed check,75.96,1378.02,Yes
CUST_03342,Female,0,No,Yes,72,Yes,No,Fiber optic,No,No,No,Yes,Yes,Yes,Two year,Yes,Bank transfer (automatic),44.98,3283.34,No
CUST_03343,Female,0,Yes,Yes,42,Yes,Yes,DSL,Yes,Yes,No,No,No,Yes,Month-to-month,No,Mailed check,55.71,2362.42,Yes
CUST_03344,Female,0,No,Yes,4,Yes,No phone service,DSL,No,Yes,Yes,No,Yes,Yes,One year,No,Mailed check,63.73,281.42,No
CUST_03345,Female,1,No,Yes,20,Yes,No,Fiber optic,No,Yes,Yes,No,No,Yes,Month-to-month,No,Electronic check,19.44,402.69,No
CUST_03346,Female,0,No,Yes,28,Yes,Yes,DSL,No,No,No,Yes,Yes,Yes,Month-to-month,No,Electronic check,107.74,3064.96,No
CUST_03347,Female,0,Yes,Yes,40,Yes,No phone service,Fiber optic,No,Yes,Yes,Yes,No,Yes,Month-to-month,Yes,Credit card (automatic),70.16,2837.11,No
CUST_03348,Male,0,Yes,No,65,Yes,No,Fiber optic,No,Yes,No,No,Yes,Yes,Month-to-month,Yes,Credit card (automatic),94.61,6149.36,No
CUST_03349,Female,0,Yes,No,44,Yes,No phone service,Fiber optic,No,Yes,No,Yes,Yes,No,Two year,Yes,Electronic check,35.53,1576.93,No
CUST_03350,Male,0,No,No,23,Yes,Yes,DSL,No,Yes,Yes,No,No,Yes,One year,Yes,Bank transfer (automatic),74.78,1769.85,No
CUST_03351,Female,0,Yes,No,57,Yes,No phone service,DSL,No,No,Yes,No,No,No,One year,Yes,Mailed check,112.47,6459.27,No
CUST_03352,Female,1,Yes,No,47,Yes,No,Fiber optic,No,No,Yes,Yes,No,Yes,Month-to-month,Yes,Bank transfer (automatic),39.86,1900.47,Yes
CUST_03353,Male,1,No,Yes,13,Yes,Yes,DSL,Yes,No,No,Yes,No,Yes,Month-to-month,No,Bank transfer (automatic),53.28,720.81,No
CUST_03354,Male,1,Yes,Yes,16,No,No phone service,Fiber optic,No,Yes,No,Yes,Yes,Yes,Month-to-month,No,Credit card (automatic),57.61,966.82,No
CUST_03355,Male,0,Yes,Yes,55,Yes,No,Fiber optic,Yes,No,No,Yes,No,Yes,Two year,No,Electronic check,57.1,3175.76,No
CUST_03356,Male,0,No,Yes,65,Yes,No,No,No internet service,No internet service,No internet service,No internet service,No internet service,No internet service,Month-to-month,No,Mailed check,79.26,5198.74,Yes
CUST_03357,Female,0,No,No,16,Yes,Yes,No,No internet service,No internet service,No internet service,No internet service,No internet service,No internet service,One year,Yes,Bank transfer (automatic),58.16,954.59,No
CUST_03358,Male,0,Yes,No,37,Yes,Yes,Fiber optic,No,Yes,No,Yes,No,Yes,One year,No,Bank transfer (automatic),86.75,3258.68,No
CUST_03359,Female,0,No,Yes,52,Yes,No phone service,Fiber optic,No,Yes,Yes,No,No,Yes,Month-to-month,Yes,Bank transfer (automatic),67.43,3533.09,No
CUST_03360,Male,0,Yes,Yes,10,Yes,No,DSL,Yes,No,No,Yes,Yes,No,One year,Yes,Bank transfer (automatic),34.08,373.02,No
CUST_03361,Female,0,Yes,No,38,Yes,Yes,DSL,No,Yes,No,Yes,No,No,Two year,No,Electronic check,114.75,4364.78,No
CUST_03362,Female,0,Yes,No,44,Yes,No,Fiber optic,Yes,No,No,No,No,No,Month-to-month,Yes,Bank transfer (automatic),42.43,1897.53,Yes
CUST_03363,Female,0,Yes,No,54,Yes,No phone service,Fiber optic,Yes,Yes,No,Yes,Yes,Yes,One year,No,Credit card (automatic),75.37,4108.47,No
CUST_03364,Female,0,Yes,Yes,51,Yes,Yes,Fiber optic,Yes,No,No,No,No,Yes,One year,Yes,Electronic check,24.19,1255.7,No
CUST_03365,Female,0,No,Yes,52,Yes,No phone service,DSL,No,Yes,No,Yes,No,Yes,Month-to-month,Yes,Mailed check,111.7,5833.49,Yes
CUST_03366,Female,0,No,No,70,Yes,No phone service,No,No internet service,No internet service,No internet service,No internet service,No internet service,No internet service,Month-to-month,Yes,Bank transfer (automatic),112.66,7905.56,No
CUST_03367,Male,0,Yes,No,59,Yes,Yes,DSL,Yes,No,No,Yes,Yes,No,Month-to-month,No,Electronic check,55.18,3304.28,Yes
CUST_03368,Female,0,No,Yes,13,Yes,No phone service,No,No internet service,No internet service,No internet service,No internet service,No internet service,No internet service,Two year,No,Electronic check,30.34,418.25,No
CUST_03369,Male,0,No,Yes,41,Yes,No,Fiber optic,Yes,No,Yes,Yes,Yes,No,Month-to-month,No,Bank transfer (automatic),96.54,3964.38,No
CUST_03370,Male,0,Yes,Yes,12,Yes,Yes,DSL,Yes,Yes,No,Yes,Yes,No,Month-to-month,Yes,Electronic check,44.75,538.44,No
CUST_03371,Female,0,No,Yes,50,Yes,No,DSL,No,No,No,Yes,No,Yes,Month-to-month,Yes,Bank transfer (automatic),89.46,4511.76,No
CUST_03372,Male,0,No,No,57,Yes,No phone service,DSL,No,No,No,No,Yes,No,Month-to-month,Yes,Credit card (automatic),111.35,6374.06,Yes
CUST_03373,Female,0,Yes,No,50,Yes,Yes,No,No internet service,No internet service,No internet service,No internet service,No internet service,No internet service,Month-to-month,Yes,Credit card (automatic),78.2,3910.35,Yes
CUST_03374,Male,0,Yes,No,57,Yes,No,No,No internet service,No internet service,No internet service,No internet service,No internet service,No internet service,Month-to-month,No,Electronic check,105.85,6052.36,No
CUST_03375,Female,0,Yes,Yes,54,Yes,No,Fiber optic,Yes,Yes,Yes,Yes,No,No,Month-to-month,No,Credit card (automatic),40.91,2255.07,No
CUST_03376,Male,0,Yes,Yes,66,Yes,No,Fiber optic,No,No,Yes,Yes,Yes,Yes,Two year,No,Electronic check,110.86,7364.41,Yes
CUST_03377,Female,1,Yes,Yes,8,Yes,No,Fiber optic,No,No,No,Yes,No,Yes,Two year,Yes,Credit card (automatic),41.12,331.62,No
CUST_03378,Female,0,Yes,No,63,Yes,No,Fiber optic,Yes,No,Yes,No,Yes,No,Month-to-month,No,Mailed check,41.03,2591.16,Yes
CUST_03379,Female,0,Yes,No,9,Yes,No phone service,Fiber optic,No,No,Yes,No,Yes,Yes,Two year,Yes,Bank transfer (automatic),107.75,969.96,No
CUST_03380,Female,0,No,No,60,Yes,No phone service,DSL,No,No,Yes,No,Yes,No,Month-to-month,Yes,Mailed check,74.6,4519.44,Yes
CUST_03381,Male,0,Yes,Yes,63,Yes,No phone service,No,No internet service,No internet service,No internet service,No internet service,No internet service,No internet service,One year,Yes,Electronic check,99.54,6274.76,No
CUST_03382,Female,0,No,Yes,72,Yes,No phone service,Fiber optic,No,No,No,No,Yes,Yes,Month-to-month,No,Bank transfer (automatic),99.85,7194.87,Yes
CUST_03383,Male,0,No,No,3,Yes,No phone service,DSL,No,Yes,No,Yes,Yes,No,Month-to-month,Yes,Mailed check,83.99,263.35,No
CUST_03384,Male,1,Yes,Yes,13,Yes,No phone service,No,No internet service,No internet service,No internet service,No internet service,No internet service,No internet service,Month-to-month,Yes,Bank transfer (automatic),37.29,530.57,No
CUST_03385,Male,0,No,No,9,Yes,No phone service,Fiber optic,No,Yes,No,No,Yes,No,Month-to-month,No,Credit card (automatic),88.59,831.75,Yes
CUST_03386,Female,0,No,No,52,Yes,No,DSL,No,No,No,No,Yes,Yes,Two year,Yes,Bank transfer (automatic),24.49,1304.36,Yes
CUST_03387,Male,0,No,No,62,No,No phone service,DSL,No,No,Yes,Yes,Yes,Yes,Month-to-month,Yes,Mailed check,38.47,2424.26,Yes
CUST_03388,Male,1,Yes,No,8,Yes,No,Fiber optic,Yes,No,Yes,Yes,No,Yes,Month-to-month,No,Mailed check,83.58,703.28,Yes
CUST_03389,Male,0,No,Yes,45,Yes,Yes,No,No internet service,No internet service,No internet service,No internet service,No internet service,No internet service,Two year,Yes,Mailed check,110.6,5014.14,No
CUST_03390,Female,0,No,Yes,53,Yes,No phone service,No,No internet service,No internet service,No internet service,No internet service,No internet service,No internet service,One year,Yes,Electronic check,96.71,5129.45,No
CUST_03391,Female,0,Yes,Yes,63,Yes,No,Fiber optic,No,No,Yes,Yes,No,Yes,Month-to-month,No,Mailed check,51.91,3299.86,No
CUST_03392,Male,0,No,Yes,57,Yes,Yes,DSL,No,No,No,Yes,No,Yes,Month-to-month,Yes,Mailed check,102.02,5852.66,Yes
CUST_03393,Female,0,No,Yes,54,No,No phone service,DSL,No,Yes,Yes,No,Yes,Yes,Two year,Yes,Electronic check,116.59,6324.3,No
CUST_03394,Female,0,No,Yes,19,Yes,No,DSL,Yes,Yes,No,No,No,No,Month-to-month,No,Credit card (automatic),51.86,985.91,Yes
CUST_03395,Male,0,No,No,67,Yes,No,No,No internet service,No internet service,No internet service,No internet service,No internet service,No internet service,One year,Yes,Mailed check,37.06,2493.32,No
CUST_03396,Male,0,No,Yes,46,Yes,No,No,No internet service,No internet service,No internet service,No internet service,No internet service,No internet service,One year,Yes,Bank transfer (automatic),38.15,1802.88,No
CUST_03397,Female,1,Yes,Yes,10,Yes,No phone service,DSL,No,No,Yes,Yes,Yes,No,Month-to-month,Yes,Credit card (automatic),58.83,623.56,Yes
CUST_03398,Male,0,No,Yes,18,No,No phone service,Fiber optic,No,Yes,Yes,No,No,No,Two year,Yes,Credit card (automatic),23.34,454.49,No
CUST_03399,Female,1,Yes,No,12,Yes,No phone service,Fiber optic,No,No,Yes,Yes,No,No,Month-to-month,No,Bank transfer (automatic),67.75,846.03,Yes
CUST_03400,Female,0,No,Yes,49,No,No phone service,DSL,No,No,No,Yes,No,No,Two year,No,Bank transfer (automatic),92.69,4548.42,No
CUST_03401,Female,0,Yes,No,23,Yes,No phone service,Fiber optic,Yes,No,No,No,Yes,No,One year,No,Electronic check,72.11,1658.66,No
CUST_03402,Female,0,Yes,Yes,62,Yes,Yes,No,No internet service,No internet service,No internet service,No internet service,No internet service,No internet service,One year,No,Mailed check,116.95,7272.63,No
CUST_03403,Female,0,Yes,Yes,11,Yes,Yes,DSL,No,No,No,Yes,Yes,No,Two year,No,Bank transfer (automatic),65.09,738.24,No
CUST_03404,Female,0,No,Yes,56,Yes,Yes,No,No internet service,No internet service,No internet service,No internet service,No internet service,No internet service,One year,Yes,Electronic check,19.35,1124.32,No
CUST_03405,Male,0,No,No,55,Yes,No,DSL,No,Yes,No,Yes,Yes,No,Two year,Yes,Electronic check,65.95,3636.48,No
CUST_03406,Male,0,No,No,25,Yes,No phone service,DSL,Yes,No,Yes,No,Yes,No,Month-to-month,Yes,Credit card (automatic),112.85,2834.96,No
CUST_03407,Female,0,No,Yes,9,Yes,No,DSL,No,No,No,Yes,Yes,Yes,Two year,Yes,Electronic check,27.78,253.91,No
CUST_03408,Female,0,No,Yes,12,Yes,No,No,No internet service,No internet service,No internet service,No internet service,No internet service,No internet service,Two year,No,Electronic check,40.74,508.91,No
CUST_03409,Female,0,Yes,Yes,11,Yes,No phone service,Fiber optic,No,Yes,Yes,Yes,Yes,No,Two year,Yes,Electronic check,90.99,1013.66,No
CUST_03410,Male,0,Yes,No,38,Yes,Yes,Fiber optic,No,Yes,No,No,No,No,Two year,No,Credit card (automatic),48.0,1837.08,No
CUST_03411,Female,0,Yes,No,28,Yes,No phone service,Fiber optic,Yes,No,No,Yes,No,Yes,Month-to-month,Yes,Bank transfer (automatic),96.05,2702.23,Yes
CUST_03412,Male,1,No,Yes,8,Yes,No,Fiber optic,No,Yes,No,Yes,Yes,Yes,Month-to-month,No,Electronic check,60.77,497.74,Yes
CUST_03413,Female,0,No,No,47,Yes,Yes,No,No internet service,No internet service,No internet service,No internet service,No internet service,No internet service,Two year,Yes,Mailed check,99.2,4678.34,No
CUST_03414,Female,0,Yes,No,36,Yes,Yes,Fiber optic,No,No,Yes,No,Yes,No,One year,No,Credit card (automatic),74.26,2700.06,No
CUST_03415,Male,0,No,No,50,Yes,No,No,No internet service,No internet service,No internet service,No internet service,No internet service,No internet service,Month-to-month,No,Bank transfer (automatic),26.41,1342.48,No
CUST_03416,Male,0,No,No,9,Yes,Yes,DSL,Yes,Yes,No,Yes,No,Yes,Month-to-month,No,Electronic check,57.39,519.65,No
CUST_03417,Female,1,Yes,Yes,60,Yes,Yes,Fiber optic,Yes,Yes,Yes,No,No,Yes,Month-to-month,Yes,Credit card (automatic),51.99,3140.77,No
CUST_03418,Female,0,Yes,Yes,72,Yes,No phone service,Fiber optic,Yes,No,No,No,No,Yes,One year,Yes,Bank transfer (automatic),100.63,7287.55,Yes
CUST_03419,Female,0,No,No,67,Yes,No phone service,No,No internet service,No internet service,No internet service,No internet service,No internet service,No internet service,Two year,No,Bank transfer (automatic),81.74,5481.45,No
CUST_03420,Male,0,No,No,53,Yes,No,DSL,Yes,No,No,Yes,Yes,Yes,Month-to-month,No,Mailed check,97.29,5203.85,No
CUST_03421,Male,0,Yes,No,17,Yes,No,Fiber optic,No,No,No,Yes,No,No,Month-to-month,Yes,Electronic check,55.96,966.74,Yes
CUST_03422,Male,1,No,Yes,53,Yes,No,Fiber optic,Yes,Yes,No,No,No,No,One year,No,Mailed check,88.56,4694.29,No
CUST_03423,Male,0,Yes,Yes,28,Yes,Yes,DSL,Yes,No,Yes,No,No,Yes,Two year,Yes,Credit card (automatic),24.65,702.97,No
CUST_03424,Male,0,Yes,No,63,Yes,No,DSL,No,Yes,No,Yes,No,Yes,Month-to-month,No,Electronic check,21.75,1373.47,No
CUST_03425,Male,0,Yes,No,15,Yes,No phone service,DSL,Yes,No,No,No,Yes,Yes,Two year,Yes,Credit card (automatic),47.32,738.14,No
CUST_03426,Female,0,No,No,19,Yes,Yes,No,No internet service,No internet service,No internet service,No internet service,No internet service,No internet service,Month-to-month,No,Credit card (automatic),96.92,1857.25,Yes
CUST_03427,Female,0,Yes,No,70,Yes,No,Fiber optic,Yes,Yes,Yes,Yes,Yes,No,Two year,No,Electronic check,72.48,5113.73,No
CUST_03428,Male,0,Yes,Yes,47,Yes,Yes,DSL,No,Yes,Yes,No,Yes,No,Two year,No,Bank transfer (automatic),59.7,2842.52,No
CUST_03429,Female,0,No,Yes,71,Yes,Yes,No,No internet service,No internet service,No internet service,No internet service,No internet service,No internet service,Two year,No,Credit card (automatic),109.46,7794.86,Yes
CUST_03430,Female,1,Yes,Yes,48,Yes,Yes,DSL,No,Yes,Yes,No,No,Yes,Two year,Yes,Credit card (automatic),68.73,3327.11,Yes
CUST_03431,Male,0,No,Yes,20,Yes,No,Fiber optic,No,No,Yes,Yes,Yes,No,Month-to-month,Yes,Electronic check,80.57,1641.75,Yes
CUST_03432,Female,0,No,Yes,37,No,No phone service,No,No internet service,No internet service,No internet service,No internet service,No internet service,No internet service,Two year,Yes,Bank transfer (automatic),118.55,4400.05,No
CUST_03433,Male,0,No,Yes,2,No,No phone service,No,No internet service,No internet service,No internet service,No internet service,No internet service,No internet service,One year,Yes,Mailed check,71.28,149.54,No
CUST_03434,Male,1,Yes,No,64,Yes,Yes,DSL,Yes,No,No,No,Yes,Yes,Month-to-month,No,Electronic check,97.92,6285.53,Yes
CUST_03435,Female,0,Yes,No,36,Yes,No phone service,Fiber optic,No,Yes,No,Yes,Yes,Yes,Month-to-month,Yes,Credit card (automatic),60.21,2172.31,No
CUST_03436,Male,0,No,Yes,5,Yes,No,Fiber optic,No,Yes,No,Yes,Yes,Yes,Month-to-month,Yes,Electronic check,21.71,124.28,No
CUST_03437,Male,0,No,Yes,64,Yes,No phone service,No,No internet service,No internet service,No internet service,No internet service,No internet service,No internet service,Two year,Yes,Mailed check,103.12,6627.06,Yes
CUST_03438,Male,0,No,Yes,7,Yes,Yes,Fiber optic,No,Yes,Yes,No,No,Yes,One year,No,Mailed check,114.33,827.31,No
CUST_03439,Male,0,Yes,No,70,Yes,Yes,Fiber optic,Yes,No,Yes,Yes,Yes,Yes,One year,Yes,Credit card (automatic),62.31,4367.52,No
CUST_03440,Male,0,No,No,22,Yes,No phone service,DSL,Yes,No,Yes,Yes,Yes,No,Month-to-month,Yes,Bank transfer (automatic),69.37,1526.58,No
CUST_03441,Male,0,No,No,46,No,No phone service,Fiber optic,No,Yes,Yes,Yes,No,Yes,Month-to-month,Yes,Mailed check,61.26,2822.5,No
CUST_03442,Male,0,No,No,40,Yes,No phone service,Fiber optic,Yes,Yes,Yes,No,No,No,Month-to-month,Yes,Electronic check,119.68,4789.18,Yes
CUST_03443,Male,0,Yes,Yes,61,Yes,Yes,Fiber optic,Yes,Yes,No,Yes,Yes,Yes,Month-to-month,No,Bank transfer (automatic),110.14,6738.74,No
CUST_03444,Female,1,No,No,46,Yes,Yes,Fiber optic,No,No,No,Yes,No,Yes,Two year,Yes,Mailed check,22.19,1040.34,No
CUST_03445,Female,1,Yes,Yes,28,Yes,Yes,No,No internet service,No internet service,No internet service,No internet service,No internet service,No internet service,Two year,No,Electronic check,97.46,2740.96,No
CUST_03446,Female,0,Yes,No,35,Yes,Yes,Fiber optic,No,No,No,No,No,Yes,Month-to-month,Yes,Electronic check,79.29,2785.76,No
CUST_03447,Male,0,No,No,1,Yes,No,DSL,No,Yes,Yes,Yes,No,Yes,One year,No,Credit card (automatic),20.56,40.39,No
CUST_03448,Male,0,No,No,29,Yes,No,No,No internet service,No internet service,No internet service,No internet service,No internet service,No internet service,One year,No,Credit card (automatic),63.36,1841.79,No
CUST_03449,Female,0,No,No,9,Yes,No,DSL,Yes,No,No,Yes,No,Yes,Month-to-month,Yes,Electronic check,33.27,310.15,No
CUST_03450,Female,0,Yes,Yes,9,Yes,No phone service,Fiber optic,No,No,No,No,No,No,Two year,Yes,Credit card (automatic),107.05,983.74,No
CUST_03451,Female,0,Yes,Yes,22,Yes,No phone service,No,No internet service,No internet service,No internet service,No internet service,No internet service,No internet service,Month-to-month,Yes,Credit card (automatic),19.3,429.24,No
CUST_03452,Male,0,Yes,Yes,63,Yes,No phone service,DSL,No,Yes,No,Yes,No,No,One year,No,Mailed check,107.06,6786.62,No
CUST_03453,Female,0,No,Yes,66,No,No phone service,No,No internet service,No internet service,No internet service,No internet service,No internet service,No internet service,One year,No,Bank transfer (automatic),113.97,7555.53,No
CUST_03454,Female,0,Yes,Yes,58,Yes,No,Fiber optic,No,No,Yes,Yes,Yes,No,Month-to-month,Yes,Mailed check,25.44,1494.93,No
CUST_03455,Male,0,No,Yes,70,Yes,No phone service,Fiber optic,No,No,No,No,Yes,Yes,Month-to-month,No,Bank transfer (automatic),91.42,6407.16,No
CUST_03456,Female,0,No,Yes,55,Yes,No phone service,DSL,No,No,Yes,No,No,No,Month-to-month,Yes,Mailed check,73.99,4078.99,Yes
CUST_03457,Male,0,No,No,13,No,No phone service,Fiber optic,No,No,Yes,No,Yes,No,Month-to-month,Yes,Electronic check,115.34,1505.38,No
CUST_03458,Male,0,Yes,Yes,19,Yes,Yes,No,No internet service,No internet service,No internet service,No internet service,No internet service,No internet service,Month-to-month,Yes,Credit card (automatic),99.41,1896.82,Yes
CUST_03459,Male,0,Yes,No,33,Yes,No phone service,DSL,Yes,No,Yes,Yes,No,Yes,Two year,Yes,Mailed check,88.83,2952.52,Yes
CUST_03460,Female,0,Yes,Yes,65,Yes,Yes,Fiber optic,Yes,Yes,Yes,Yes,Yes,Yes,One year,Yes,Bank transfer (automatic),112.4,7318.41,No
CUST_03461,Female,0,No,No,60,Yes,No phone service,DSL,Yes,No,No,No,No,No,Two year,No,Credit card (automatic),34.36,2105.57,No
CUST_03462,Male,1,Yes,Yes,12,Yes,No phone service,DSL,Yes,No,No,No,Yes,Yes,Two year,No,Credit card (automatic),56.35,724.22,No
CUST_03463,Female,0,Yes,No,43,Yes,Yes,Fiber optic,Yes,Yes,No,No,Yes,Yes,One year,Yes,Mailed check,103.98,4505.71,Yes
CUST_03464,Female,0,No,Yes,17,Yes,No phone service,DSL,No,Yes,Yes,Yes,Yes,No,Month-to-month,No,Credit card (automatic),28.36,522.59,No
CUST_03465,Female,0,No,Yes,68,Yes,Yes,No,No internet service,No internet service,No internet service,No internet service,No internet service,No internet service,One year,No,Bank transfer (automatic),113.42,7725.02,No
CUST_03466,Female,1,Yes,Yes,29,Yes,No phone service,Fiber optic,No,No,No,No,Yes,Yes,Month-to-month,No,Mailed check,94.01,2759.42,Yes
CUST_03467,Male,1,No,Yes,55,Yes,No phone service,Fiber optic,Yes,No,No,No,No,Yes,Month-to-month,Yes,Bank transfer (automatic),62.81,3457.56,No
CUST_03468,Female,0,Yes,No,7,Yes,Yes,DSL,Yes,Yes,Yes,No,Yes,Yes,One year,Yes,Electronic check,52.55,415.86,No
CUST_03469,Male,1,No,Yes,44,Yes,No,No,No internet service,No internet service,No internet service,No internet service,No internet service,No internet service,One year,Yes,Electronic check,33.06,1487.97,No
CUST_03470,Male,0,No,Yes,5,Yes,Yes,DSL,Yes,No,Yes,Yes,No,Yes,Month-to-month,No,Credit card (automatic),27.55,153.62,Yes
CUST_03471,Female,0,Yes,No,60,Yes,No,Fiber optic,Yes,Yes,Yes,No,Yes,No,Month-to-month,No,Credit card (automatic),61.21,3711.05,No
CUST_03472,Male,0,No,Yes,6,No,No phone service,DSL,No,No,No,No,No,Yes,Month-to-month,Yes,Bank transfer (automatic),104.0,624.77,Yes
CUST_03473,Female,0,No,No,7,Yes,No,Fiber optic,Yes,Yes,Yes,Yes,No,No,One year,No,Electronic check,72.25,524.55,Yes
CUST_03474,Female,1,No,No,46,Yes,No phone service,Fiber optic,Yes,No,No,No,No,No,Two year,No,Bank transfer (automatic),64.02,2989.57,No
CUST_03475,Male,0,Yes,Yes,57,Yes,No,Fiber optic,Yes,No,Yes,No,No,Yes,One year,Yes,Credit card (automatic),50.54,2894.07,No
CUST_03476,Male,1,No,Yes,54,Yes,No phone service,DSL,No,No,Yes,No,Yes,Yes,Two year,No,Bank transfer (automatic),34.01,1869.88,Yes
CUST_03477,Male,0,No,No,46,Yes,Yes,Fiber optic,Yes,Yes,Yes,Yes,No,Yes,Month-to-month,No,Credit card (automatic),118.99,5491.55,No
CUST_03478,Male,0,Yes,Yes,10,Yes,No,Fiber optic,Yes,No,No,No,No,No,Month-to-month,No,Electronic check,20.62,225.87,Yes
CUST_03479,Female,0,Yes,No,4,Yes,No phone service,Fiber optic,No,No,Yes,Yes,No,No,One year,Yes,Mailed check,49.81,236.52,No
CUST_03480,Female,0,No,Yes,67,Yes,Yes,DSL,Yes,Yes,Yes,Yes,Yes,Yes,Month-to-month,Yes,Bank transfer (automatic),96.48,6509.45,Yes
CUST_03481,Female,0,No,Yes,25,Yes,No,DSL,No,Yes,No,No,Yes,No,Month-to-month,No,Credit card (automatic),71.1,1785.76,Yes
CUST_03482,Male,0,No,No,61,Yes,No phone service,DSL,No,No,No,Yes,No,Yes,One year,No,Mailed check,50.01,3064.65,No
CUST_03483,Male,1,Yes,Yes,38,Yes,No,DSL,No,No,Yes,No,Yes,Yes,Two year,No,Mailed check,119.26,4556.25,No
CUST_03484,Male,0,No,Yes,32,Yes,No,DSL,No,No,No,Yes,Yes,Yes,Month-to-month,No,Electronic check,81.16,2627.66,No
CUST_03485,Female,0,Yes,Yes,23,Yes,No phone service,Fiber optic,Yes,No,Yes,Yes,No,Yes,Two year,No,Credit card (automatic),48.11,1129.82,No
CUST_03486,Male,0,Yes,No,37,Yes,No phone service,DSL,Yes,Yes,Yes,Yes,No,No,One year,No,Bank transfer (automatic),104.49,3906.45,No
CUST_03487,Female,0,No,Yes,3,Yes,Yes,Fiber optic,No,No,Yes,No,Yes,Yes,Month-to-month,No,Mailed check,33.32,138.35,Yes
CUST_03488,Male,1,No,No,13,Yes,No phone service,No,No internet service,No internet service,No internet service,No internet service,No internet service,No internet service,One year,No,Credit card (automatic),65.28,868.96,No
CUST_03489,Female,0,Yes,Yes,34,Yes,No phone service,No,No internet service,No internet service,No internet service,No internet service,No internet service,No internet service,Two year,Yes,Credit card (automatic),103.64,3525.72,No
CUST_03490,Female,0,No,No,65,Yes,No,No,No internet service,No internet service,No internet service,No internet service,No internet service,No internet service,One year,Yes,Mailed check,118.33,7701.38,No
CUST_03491,Male,0,No,Yes,8,Yes,No phone service,DSL,No,No,No,Yes,No,No,One year,No,Electronic check,57.07,480.92,No
CUST_03492,Male,0,Yes,Yes,9,Yes,No,DSL,Yes,Yes,Yes,No,Yes,No,One year,No,Credit card (automatic),32.09,335.16,No
CUST_03493,Female,0,No,No,28,Yes,No,No,No internet service,No internet service,No internet service,No internet service,No internet service,No internet service,One year,No,Electronic check,75.83,2151.53,No
CUST_03494,Female,0,Yes,Yes,18,No,No phone service,DSL,No,Yes,No,No,Yes,Yes,Month-to-month,Yes,Mailed check,114.29,2083.69,Yes
CUST_03495,Male,0,No,No,42,Yes,No phone service,DSL,Yes,No,Yes,Yes,No,No,Month-to-month,No,Mailed check,85.89,3643.68,No
CUST_03496,Male,0,Yes,Yes,41,Yes,No phone service,Fiber optic,Yes,Yes,Yes,No,Yes,No,Month-to-month,No,Electronic check,79.42,3263.85,No
CUST_03497,Female,0,Yes,No,70,Yes,No phone service,DSL,No,No,Yes,No,No,No,Month-to-month,No,Electronic check,49.55,3475.69,No
CUST_03498,Male,0,No,Yes,33,Yes,Yes,No,No internet service,No internet service,No internet service,No internet service,No internet service,No internet service,Two year,Yes,Electronic check,79.85,2652.21,No
CUST_03499,Female,0,Yes,No,54,Yes,No,Fiber optic,No,No,No,No,No,Yes,Two year,Yes,Bank transfer (automatic),108.24,5894.55,No
CUST_03500,Female,0,Yes,Yes,36,Yes,Yes,Fiber optic,Yes,No,Yes,No,Yes,Yes,Month-to-month,No,Electronic check,56.3,2070.73,No
CUST_03501,Male,0,No,No,56,Yes,Yes,No,No internet service,No internet service,No internet service,No internet service,No internet service,No internet service,One year,No,Electronic check,42.69,2424.62,No
CUST_03502,Male,0,No,No,17,Yes,No,DSL,Yes,No,No,Yes,No,No,Month-to-month,No,Electronic check,67.06,1159.54,Yes
CUST_03503,Male,1,No,Yes,10,Yes,Yes,Fiber optic,Yes,No,No,No,Yes,No,One year,Yes,Bank transfer (automatic),56.37,591.45,No
CUST_03504,Male,0,Yes,No,44,Yes,No phone service,DSL,Yes,No,Yes,No,No,No,One year,Yes,Credit card (automatic),65.93,2916.21,No
CUST_03505,Male,0,Yes,No,2,Yes,No phone service,Fiber optic,Yes,Yes,Yes,Yes,No,No,Month-to-month,No,Bank transfer (automatic),27.76,89.24,Yes
CUST_03506,Female,1,Yes,Yes,14,Yes,No phone service,DSL,No,No,No,No,Yes,No,Two year,No,Credit card (automatic),52.29,753.05,Yes
CUST_03507,Female,0,No,Yes,41,Yes,No phone service,Fiber optic,No,Yes,No,No,No,No,Two year,Yes,Electronic check,102.31,4200.63,No
CUST_03508,Male,0,Yes,Yes,2,Yes,No,No,No internet service,No internet service,No internet service,No internet service,No internet service,No internet service,Month-to-month,Yes,Electronic check,58.83,128.42,No
CUST_03509,Male,0,Yes,Yes,19,Yes,No phone service,DSL,No,No,Yes,No,Yes,Yes,One year,Yes,Bank transfer (automatic),116.73,2248.22,No
CUST_03510,Male,0,No,Yes,1,Yes,No,DSL,No,No,Yes,Yes,No,No,Month-to-month,No,Bank transfer (automatic),90.3,125.03,Yes
CUST_03511,Female,0,Yes,Yes,2,Yes,No,DSL,No,No,Yes,No,Yes,No,Month-to-month,Yes,Mailed check,55.34,115.47,Yes
CUST_03512,Male,0,No,No,27,Yes,No,Fiber optic,No,Yes,Yes,Yes,Yes,Yes,Two year,Yes,Bank transfer (automatic),43.67,1219.5,No
CUST_03513,Male,1,No,No,2,No,No phone service,DSL,Yes,Yes,No,Yes,No,No,One year,Yes,Bank transfer (automatic),87.91,217.03,No
CUST_03514,Female,0,No,No,51,Yes,Yes,No,No internet service,No internet service,No internet service,No internet service,No internet service,No internet service,Month-to-month,No,Electronic check,48.85,2527.48,Yes
CUST_03515,Female,0,Yes,Yes,10,Yes,Yes,Fiber optic,Yes,Yes,No,Yes,Yes,Yes,One year,No,Electronic check,112.54,1159.61,No
CUST_03516,Male,0,Yes,Yes,19,Yes,No phone service,Fiber optic,Yes,Yes,Yes,No,No,No,Two year,No,Electronic check,29.87,579.05,Yes
CUST_03517,Male,0,Yes,No,13,Yes,No,Fiber optic,No,Yes,No,Yes,Yes,No,Two year,Yes,Bank transfer (automatic),20.93,318.09,No
CUST_03518,Male,0,No,No,48,Yes,No phone service,DSL,No,No,Yes,No,No,Yes,Month-to-month,Yes,Mailed check,40.54,1959.58,Yes
CUST_03519,Female,0,No,Yes,56,Yes,No phone service,DSL,No,No,No,No,Yes,Yes,Two year,No,Electronic check,79.88,4482.13,No
CUST_03520,Male,0,No,No,72,Yes,No phone service,Fiber optic,No,Yes,Yes,Yes,No,No,Two year,Yes,Mailed check,103.17,7459.89,No
CUST_03521,Male,0,Yes,Yes,56,Yes,No phone service,Fiber optic,Yes,Yes,No,Yes,Yes,Yes,One year,No,Mailed check,35.35,1997.98,No
CUST_03522,Male,1,Yes,Yes,50,Yes,No,DSL,Yes,Yes,No,No,No,No,Month-to-month,Yes,Bank transfer (automatic),77.64,3928.74,Yes
CUST_03523,Female,1,Yes,No,45,Yes,No,DSL,Yes,No,Yes,No,No,Yes,Month-to-month,No,Bank transfer (automatic),32.7,1494.68,No
CUST_03524,Female,0,Yes,Yes,59,Yes,Yes,DSL,Yes,No,Yes,Yes,Yes,No,Month-to-month,No,Electronic check,75.44,4459.4,No
CUST_03525,Male,0,Yes,Yes,39,Yes,No,DSL,No,No,No,Yes,Yes,Yes,Month-to-month,No,Credit card (automatic),19.85,822.21,Yes
CUST_03526,Male,0,No,Yes,21,Yes,No,DSL,Yes,No,No,No,No,No,Two year,Yes,Bank transfer (automatic),74.9,1598.59,No
CUST_03527,Female,1,Yes,Yes,55,Yes,No phone service,Fiber optic,Yes,No,Yes,Yes,No,No,Two year,No,Mailed check,71.22,3943.09,No
CUST_03528,Female,0,No,No,57,Yes,No,No,No internet service,No internet service,No internet service,No internet service,No internet service,No internet service,Month-to-month,No,Bank transfer (automatic),22.37,1294.41,No
CUST_03529,Female,0,No,Yes,41,Yes,No phone service,DSL,No,No,Yes,No,No,No,Two year,Yes,Bank transfer (automatic),88.32,3662.94,No
CUST_03530,Female,0,Yes,Yes,70,Yes,No,Fiber optic,No,Yes,No,No,Yes,No,Two year,Yes,Mailed check,76.37,5360.28,No
CUST_03531,Female,0,No,No,49,Yes,Yes,DSL,Yes,No,No,No,No,Yes,One year,Yes,Bank transfer (automatic),81.56,3996.93,No
CUST_03532,Female,0,Yes,Yes,44,Yes,No phone service,Fiber optic,No,Yes,Yes,No,No,Yes,Month-to-month,Yes,Bank transfer (automatic),72.04,3194.49,Yes
CUST_03533,Female,0,Yes,Yes,35,Yes,No,Fiber optic,No,No,No,No,Yes,No,Month-to-month,No,Electronic check,91.64,3253.81,Yes
CUST_03534,Female,0,No,No,5,Yes,No,No,No internet service,No internet service,No internet service,No internet service,No internet service,No internet service,Month-to-month,No,Mailed check,71.55,371.42,Yes
CUST_03535,Female,0,Yes,No,71,Yes,No phone service,DSL,No,No,No,Yes,Yes,Yes,Month-to-month,No,Credit card (automatic),112.07,7970.39,No
CUST_03536,Male,0,Yes,Yes,51,Yes,Yes,DSL,Yes,No,Yes,No,No,No,Month-to-month,Yes,Credit card (automatic),114.24,5863.04,Yes
CUST_03537,Male,0,No,Yes,57,Yes,Yes,Fiber optic,No,No,Yes,No,Yes,Yes,Two year,No,Credit card (automatic),92.12,5289.67,No
CUST_03538,Male,1,No,No,58,Yes,No,DSL,No,Yes,No,No,Yes,Yes,Month-to-month,Yes,Bank transfer (automatic),111.0,6459.76,Yes
CUST_03539,Female,0,No,Yes,36,Yes,No,DSL,No,No,Yes,Yes,No,Yes,Month-to-month,No,Mailed check,112.16,4079.51,No
CUST_03540,Male,1,No,Yes,10,Yes,No,DSL,No,No,Yes,Yes,Yes,No,Two year,Yes,Credit card (automatic),44.72,455.84,No
CUST_03541,Female,0,No,Yes,50,Yes,No phone service,Fiber optic,Yes,No,No,No,No,Yes,Two year,Yes,Bank transfer (automatic),119.38,5987.39,No
CUST_03542,Female,0,No,No,37,Yes,No phone service,DSL,Yes,No,No,No,Yes,Yes,Two year,Yes,Credit card (automatic),45.28,1695.52,No
CUST_03543,Male,0,Yes,Yes,20,Yes,No phone service,No,No internet service,No internet service,No internet service,No internet service,No internet service,No internet service,Month-to-month,Yes,Electronic check,19.89,413.46,No
CUST_03544,Female,0,Yes,No,13,Yes,No,Fiber optic,No,No,No,Yes,Yes,Yes,One year,Yes,Bank transfer (automatic),116.15,1520.8,Yes
CUST_03545,Male,0,Yes,No,19,No,No phone service,DSL,Yes,No,Yes,No,No,No,Month-to-month,No,Credit card (automatic),40.82,792.47,No
CUST_03546,Male,0,No,No,56,Yes,No phone service,Fiber optic,Yes,No,Yes,Yes,No,Yes,One year,Yes,Bank transfer (automatic),77.58,4345.4,No
CUST_03547,Male,0,Yes,No,45,Yes,Yes,DSL,No,No,Yes,Yes,Yes,No,Month-to-month,Yes,Mailed check,117.01,5300.53,No
CUST_03548,Female,0,No,Yes,60,Yes,No,Fiber optic,Yes,Yes,Yes,Yes,No,No,One year,No,Bank transfer (automatic),23.04,1416.83,No
CUST_03549,Male,0,Yes,No,68,Yes,No phone service,Fiber optic,Yes,Yes,Yes,No,Yes,No,Two year,Yes,Mailed check,45.47,3114.46,No
CUST_03550,Female,1,No,Yes,57,Yes,No phone service,Fiber optic,Yes,No,No,Yes,Yes,Yes,Month-to-month,No,Credit card (automatic),80.1,4581.85,Yes
CUST_03551,Male,0,Yes,No,54,Yes,No phone service,Fiber optic,No,No,No,Yes,No,No,Month-to-month,No,Electronic check,95.78,5193.87,Yes
CUST_03552,Male,1,No,No,37,Yes,No,DSL,Yes,No,Yes,No,Yes,Yes,Month-to-month,Yes,Credit card (automatic),100.35,3759.83,No
CUST_03553,Male,0,No,Yes,37,Yes,No,No,No internet service,No internet service,No internet service,No internet service,No internet service,No internet service,One year,No,Credit card (automatic),108.15,4031.81,No
CUST_03554,Female,0,No,No,14,Yes,No,Fiber optic,No,No,No,Yes,Yes,Yes,Month-to-month,Yes,Mailed check,35.18,529.09,No
CUST_03555,Female,0,No,No,44,No,No phone service,DSL,Yes,Yes,No,Yes,No,Yes,Two year,Yes,Credit card (automatic),55.74,2464.2,No
CUST_03556,Female,0,Yes,Yes,42,Yes,Yes,DSL,Yes,No,No,No,Yes,No,Month-to-month,Yes,Bank transfer (automatic),90.85,3820.6,Yes
CUST_03557,Male,0,Yes,No,1,Yes,No phone service,DSL,Yes,Yes,No,No,Yes,No,Month-to-month,No,Mailed check,90.96,95.12,No
CUST_03558,Male,0,No,No,23,Yes,No phone service,DSL,No,No,Yes,No,Yes,No,One year,Yes,Electronic check,49.42,1160.3,No
CUST_03559,Female,0,No,No,64,Yes,No,Fiber optic,Yes,No,No,Yes,Yes,Yes,Two year,No,Bank transfer (automatic),49.03,3173.8,No
CUST_03560,Female,0,No,Yes,28,Yes,No,DSL,No,No,Yes,Yes,Yes,No,Two year,Yes,Electronic check,50.71,1458.46,No
CUST_03561,Female,0,Yes,No,4,Yes,No,No,No internet service,No internet service,No internet service,No internet service,No internet service,No internet service,Month-to-month,Yes,Credit card (automatic),108.99,471.99,No
CUST_03562,Female,0,No,Yes,41,Yes,No phone service,DSL,No,Yes,Yes,No,No,Yes,Month-to-month,Yes,Electronic check,110.77,4587.21,No
CUST_03563,Female,0,No,Yes,60,No,No phone service,DSL,Yes,Yes,Yes,No,Yes,No,Month-to-month,Yes,Credit card (automatic),19.51,1173.34,No
CUST_03564,Female,0,Yes,Yes,18,Yes,Yes,DSL,No,Yes,Yes,Yes,Yes,No,Two year,No,Bank transfer (automatic),51.15,963.5,No
CUST_03565,Male,0,No,No,63,Yes,Yes,DSL,No,Yes,No,No,No,Yes,One year,Yes,Bank transfer (automatic),57.99,3686.25,No
CUST_03566,Female,0,No,No,61,Yes,No phone service,No,No internet service,No internet service,No internet service,No internet service,No internet service,No internet service,Two year,Yes,Mailed check,118.2,7219.18,Yes
CUST_03567,Male,0,Yes,No,49,Yes,No phone service,Fiber optic,Yes,No,Yes,Yes,Yes,No,Two year,Yes,Bank transfer (automatic),114.31,5635.07,Yes
CUST_03568,Male,0,No,No,47,Yes,Yes,DSL,No,No,Yes,Yes,Yes,No,One year,Yes,Credit card (automatic),82.09,3883.78,No
CUST_03569,Female,0,No,Yes,39,Yes,No,No,No internet service,No internet service,No internet service,No internet service,No internet service,No internet service,Month-to-month,Yes,Mailed check,22.67,902.17,No
CUST_03570,Female,0,Yes,Yes,6,Yes,No phone service,No,No internet service,No internet service,No internet service,No internet service,No internet service,No internet service,Month-to-month,Yes,Credit card (automatic),37.5,237.42,No
CUST_03571,Male,1,No,No,53,Yes,No phone service,Fiber optic,Yes,No,No,No,Yes,Yes,Month-to-month,No,Electronic check,62.29,3324.53,Yes
CUST_03572,Female,0,Yes,No,25,Yes,No phone service,No,No internet service,No internet service,No internet service,No internet service,No internet service,No internet service,Two year,No,Mailed check,115.82,2907.5,No
CUST_03573,Female,0,No,Yes,65,Yes,Yes,Fiber optic,No,Yes,Yes,No,No,Yes,Month-to-month,No,Credit card (automatic),27.66,1802.03,No
CUST_03574,Male,0,No,No,5,Yes,No phone service,Fiber optic,Yes,Yes,Yes,Yes,Yes,Yes,One year,Yes,Credit card (automatic),98.72,535.9,No
CUST_03575,Male,0,No,No,65,Yes,Yes,DSL,No,Yes,Yes,No,Yes,No,Month-to-month,Yes,Bank transfer (automatic),37.5,2467.24,Yes
CUST_03576,Male,0,No,No,8,Yes,Yes,DSL,Yes,Yes,Yes,No,No,No,Month-to-month,Yes,Mailed check,69.8,576.59,Yes
CUST_03577,Female,0,No,No,39,Yes,No,Fiber optic,Yes,No,Yes,Yes,No,Yes,Month-to-month,No,Credit card (automatic),96.23,3775.34,Yes
CUST_03578,Male,0,Yes,No,43,Yes,No,No,No internet service,No internet service,No internet service,No internet service,No internet service,No internet service,One year,No,Bank transfer (automatic),88.63,3854.53,No
CUST_03579,Female,0,No,No,5,Yes,No,Fiber optic,Yes,No,Yes,No,Yes,No,Month-to-month,Yes,Electronic check,97.13,501.62,No
CUST_03580,Male,0,No,Yes,4,Yes,No phone service,No,No internet service,No internet service,No internet service,No internet service,No internet service,No internet service,One year,No,Mailed check,100.99,422.95,No
CUST_03581,Male,0,Yes,Yes,1,No,No phone service,DSL,Yes,No,Yes,Yes,Yes,No,One year,No,Mailed check,49.19,87.49,No
CUST_03582,Male,1,Yes,Yes,56,Yes,No phone service,Fiber optic,No,No,No,No,No,No,Two year,Yes,Mailed check,55.13,3097.37,Yes
CUST_03583,Female,0,No,Yes,45,Yes,Yes,Fiber optic,Yes,Yes,No,Yes,No,No,Two year,Yes,Mailed check,101.21,4587.22,No
CUST_03584,Female,0,Yes,No,65,Yes,No phone service,Fiber optic,No,No,No,Yes,No,Yes,One year,No,Credit card (automatic),21.94,1447.92,No
CUST_03585,Male,0,No,No,3,Yes,Yes,Fiber optic,No,No,Yes,No,Yes,No,Two year,No,Electronic check,70.47,236.43,No
CUST_03586,Male,0,Yes,Yes,22,Yes,No,DSL,No,No,No,Yes,No,No,Month-to-month,Yes,Bank transfer (automatic),111.88,2500.73,No
CUST_03587,Male,0,Yes,Yes,72,Yes,No,DSL,No,No,Yes,Yes,No,Yes,One year,No,Credit card (automatic),108.27,7845.13,No
CUST_03588,Female,0,No,Yes,56,Yes,No phone service,No,No internet service,No internet service,No internet service,No internet service,No internet service,No internet service,Month-to-month,No,Credit card (automatic),100.04,5643.76,Yes
CUST_03589,Male,0,Yes,Yes,18,Yes,Yes,DSL,Yes,Yes,No,No,Yes,Yes,Month-to-month,Yes,Mailed check,20.2,371.59,No
CUST_03590,Female,0,No,Yes,25,No,No phone service,Fiber optic,No,No,No,No,Yes,No,One year,Yes,Credit card (automatic),108.54,2724.83,No
CUST_03591,Male,0,Yes,No,48,Yes,Yes,Fiber optic,No,No,No,No,Yes,Yes,Month-to-month,No,Electronic check,110.99,5348.0,No
CUST_03592,Male,0,Yes,No,31,No,No phone service,DSL,No,Yes,No,No,Yes,Yes,Month-to-month,No,Credit card (automatic),85.69,2692.49,No
CUST_03593,Male,0,Yes,Yes,30,Yes,No,Fiber optic,Yes,Yes,Yes,No,Yes,No,Month-to-month,Yes,Credit card (automatic),48.49,1480.15,Yes
CUST_03594,Male,0,No,Yes,66,Yes,No phone service,Fiber optic,Yes,No,Yes,No,No,No,Two year,Yes,Bank transfer (automatic),67.97,4531.28,Yes
CUST_03595,Male,0,No,No,10,No,No phone service,No,No internet service,No internet service,No internet service,No internet service,No internet service,No internet service,Month-to-month,Yes,Credit card (automatic),95.79,960.31,No
CUST_03596,Male,0,Yes,No,71,Yes,Yes,DSL,Yes,Yes,No,No,Yes,Yes,Month-to-month,No,Electronic check,100.93,7178.88,Yes
CUST_03597,Female,0,No,No,59,Yes,No phone service,Fiber optic,Yes,No,No,Yes,No,No,Two year,No,Mailed check,53.02,3139.21,No
CUST_03598,Male,1,No,Yes,51,Yes,No phone service,No,No internet service,No internet service,No internet service,No internet service,No internet service,No internet service,Month-to-month,Yes,Mailed check,51.26,2651.41,No
CUST_03599,Female,0,No,No,9,Yes,Yes,No,No internet service,No internet service,No internet service,No internet service,No internet service,No internet service,Two year,No,Electronic check,93.09,861.05,Yes
CUST_03600,Male,1,Yes,Yes,54,Yes,Yes,No,No internet service,No internet service,No internet service,No internet service,No internet service,No internet service,Two year,No,Mailed check,88.01,4753.2,Yes
CUST_03601,Male,0,No,Yes,62,Yes,No phone service,Fiber optic,No,No,Yes,No,Yes,No,Month-to-month,Yes,Mailed check,70.35,4400.13,Yes
CUST_03602,Female,0,Yes,No,9,Yes,No,DSL,No,Yes,Yes,Yes,No,Yes,One year,No,Credit card (automatic),60.87,565.89,No
CUST_03603,Male,0,Yes,No,9,Yes,No,DSL,No,Yes,No,Yes,Yes,No,Two year,No,Electronic check,85.03,778.3,No
CUST_03604,Female,1,Yes,No,24,Yes,Yes,No,No internet service,No internet service,No internet service,No internet service,No internet service,No internet service,One year,No,Bank transfer (automatic),21.31,520.53,No
CUST_03605,Female,0,Yes,Yes,39,Yes,No phone service,No,No internet service,No internet service,No internet service,No internet service,No internet service,No internet service,Month-to-month,No,Credit card (automatic),25.72,1050.39,No
CUST_03606,Male,0,Yes,No,8,Yes,No,Fiber optic,No,Yes,No,No,No,No,Two year,Yes,Electronic check,76.45,658.74,Yes
CUST_03607,Female,0,No,No,25,Yes,Yes,DSL,Yes,No,No,No,No,No,Month-to-month,No,Credit card (automatic),39.45,990.04,Yes
CUST_03608,Female,0,No,Yes,66,Yes,Yes,Fiber optic,No,No,Yes,No,No,No,Month-to-month,Yes,Electronic check,97.03,6415.48,No
CUST_03609,Male,0,Yes,No,10,Yes,Yes,DSL,Yes,No,No,No,Yes,Yes,Two year,No,Mailed check,96.78,1000.12,No
CUST_03610,Female,1,No,No,24,No,No phone service,Fiber optic,No,No,Yes,No,No,Yes,Month-to-month,No,Bank transfer (automatic),90.42,2203.51,No
CUST_03611,Male,1,No,Yes,59,Yes,Yes,DSL,No,No,No,No,Yes,No,One year,Yes,Credit card (automatic),110.17,6520.76,No
CUST_03612,Male,0,No,Yes,31,Yes,No,No,No internet service,No internet service,No internet service,No internet service,No internet service,No internet service,Month-to-month,No,Mailed check,32.37,1031.75,Yes
CUST_03613,Male,1,No,Yes,11,No,No phone service,DSL,No,No,No,No,No,No,Two year,No,Electronic check,44.44,524.0,No
CUST_03614,Male,0,No,Yes,6,Yes,No,Fiber optic,Yes,No,No,Yes,Yes,Yes,Month-to-month,No,Credit card (automatic),43.73,309.93,No
CUST_03615,Female,0,No,Yes,70,Yes,No,DSL,Yes,No,Yes,No,No,No,Month-to-month,No,Bank transfer (automatic),97.8,6882.51,No
CUST_03616,Male,0,No,No,32,Yes,No,Fiber optic,Yes,No,No,No,Yes,No,Month-to-month,No,Bank transfer (automatic),71.18,2283.18,No
CUST_03617,Male,0,Yes,No,39,Yes,No phone service,Fiber optic,Yes,No,No,Yes,Yes,Yes,Month-to-month,No,Credit card (automatic),43.77,1743.04,No
CUST_03618,Female,1,Yes,Yes,48,No,No phone service,No,No internet service,No internet service,No internet service,No internet service,No internet service,No internet service,Month-to-month,No,Mailed check,31.92,1535.33,No
CUST_03619,Male,0,Yes,No,13,Yes,Yes,DSL,No,No,Yes,No,Yes,No,Month-to-month,Yes,Bank transfer (automatic),109.09,1443.27,No
CUST_03620,Male,0,No,No,59,Yes,Yes,DSL,Yes,No,No,Yes,No,No,Two year,Yes,Credit card (automatic),88.6,5253.58,No
CUST_03621,Female,0,No,Yes,67,Yes,No,Fiber optic,No,Yes,No,Yes,No,No,One year,Yes,Credit card (automatic),71.91,4856.85,No
CUST_03622,Female,0,Yes,Yes,56,Yes,Yes,DSL,No,No,No,No,Yes,No,Month-to-month,No,Credit card (automatic),116.48,6523.35,Yes
CUST_03623,Female,0,No,Yes,41,Yes,No phone service,DSL,Yes,No,No,Yes,Yes,Yes,One year,Yes,Electronic check,104.66,4334.73,No
CUST_03624,Female,1,No,No,56,Yes,No phone service,Fiber optic,Yes,Yes,No,Yes,Yes,No,Two year,No,Bank transfer (automatic),36.17,2058.62,No
CUST_03625,Female,0,Yes,Yes,35,Yes,Yes,Fiber optic,No,Yes,Yes,Yes,Yes,Yes,One year,No,Credit card (automatic),69.83,2445.59,Yes
CUST_03626,Female,0,Yes,No,38,Yes,Yes,DSL,Yes,Yes,Yes,No,Yes,No,One year,Yes,Electronic check,67.58,2576.04,No
CUST_03627,Female,0,Yes,No,67,Yes,No phone service,DSL,No,No,Yes,Yes,Yes,Yes,Month-to-month,No,Electronic check,104.12,6977.83,Yes
CUST_03628,Male,0,No,No,34,Yes,No,No,No internet service,No internet service,No internet service,No internet service,No internet service,No internet service,Month-to-month,Yes,Electronic check,33.21,1167.33,No
CUST_03629,Female,0,No,No,70,Yes,No phone service,Fiber optic,No,No,No,Yes,Yes,Yes,Month-to-month,Yes,Mailed check,64.08,4494.3,No
CUST_03630,Female,0,No,Yes,11,Yes,No,DSL,No,No,No,Yes,Yes,No,One year,Yes,Mailed check,82.93,914.48,Yes
CUST_03631,Female,0,Yes,No,27,Yes,Yes,DSL,No,Yes,Yes,Yes,Yes,No,Month-to-month,Yes,Credit card (automatic),114.42,3096.13,Yes
CUST_03632,Male,0,Yes,Yes,48,Yes,Yes,Fiber optic,No,Yes,Yes,Yes,Yes,Yes,One year,No,Mailed check,109.73,5294.78,No
CUST_03633,Male,0,No,No,24,Yes,No,DSL,No,Yes,Yes,No,No,Yes,Month-to-month,Yes,Bank transfer (automatic),72.45,1763.63,Yes
CUST_03634,Female,0,Yes,Yes,18,Yes,No,No,No internet service,No internet service,No internet service,No internet service,No internet service,No internet service,Month-to-month,Yes,Bank transfer (automatic),79.89,1450.25,Yes
CUST_03635,Female,0,Yes,Yes,27,Yes,No phone service,Fiber optic,Yes,Yes,Yes,No,Yes,No,Month-to-month,No,Credit card (automatic),104.94,2880.66,No
CUST_03636,Female,0,No,Yes,54,Yes,No,Fiber optic,Yes,Yes,No,Yes,Yes,Yes,Month-to-month,Yes,Credit card (automatic),93.93,5114.83,Yes
CUST_03637,Male,0,Yes,No,55,Yes,Yes,No,No internet service,No internet service,No internet service,No internet service,No internet service,No internet service,Month-to-month,No,Bank transfer (automatic),107.69,5938.8,No
CUST_03638,Male,1,Yes,No,21,Yes,Yes,DSL,Yes,Yes,No,Yes,Yes,Yes,Month-to-month,Yes,Credit card (automatic),109.38,2320.81,No
CUST_03639,Female,0,Yes,No,59,Yes,Yes,DSL,No,Yes,No,No,No,No,One year,Yes,Credit card (automatic),102.92,6098.34,No
CUST_03640,Male,0,No,Yes,34,Yes,No,Fiber optic,No,Yes,Yes,Yes,No,No,One year,No,Credit card (automatic),18.96,682.33,No
CUST_03641,Female,0,No,No,58,Yes,No,Fiber optic,Yes,Yes,No,Yes,Yes,Yes,Month-to-month,Yes,Mailed check,49.72,2904.88,No
CUST_03642,Male,0,Yes,No,48,Yes,Yes,DSL,No,Yes,No,No,Yes,No,One year,Yes,Credit card (automatic),59.16,2866.94,No
CUST_03643,Male,0,No,No,54,Yes,No,DSL,Yes,No,No,Yes,Yes,No,One year,No,Credit card (automatic),87.15,4726.59,No
CUST_03644,Female,1,No,Yes,18,No,No phone service,DSL,No,Yes,No,No,No,Yes,One year,Yes,Electronic check,49.3,925.54,No
CUST_03645,Female,0,No,No,3,Yes,No phone service,DSL,No,No,Yes,No,No,Yes,Month-to-month,Yes,Electronic check,51.0,180.81,No
CUST_03646,Female,0,Yes,No,24,Yes,No,Fiber optic,No,Yes,No,No,No,Yes,Month-to-month,No,Credit card (automatic),58.82,1453.09,No
CUST_03647,Female,0,No,Yes,1,Yes,No,Fiber optic,Yes,No,No,Yes,Yes,Yes,Month-to-month,Yes,Mailed check,115.44,118.13,No
CUST_03648,Male,0,Yes,Yes,6,Yes,Yes,Fiber optic,No,No,Yes,Yes,Yes,Yes,One year,No,Electronic check,62.59,420.76,No
CUST_03649,Male,0,Yes,Yes,19,Yes,No,DSL,Yes,No,Yes,Yes,No,No,Two year,No,Electronic check,32.35,655.59,No
CUST_03650,Male,1,No,Yes,43,No,No phone service,DSL,No,Yes,Yes,No,No,No,One year,Yes,Credit card (automatic),18.65,842.8,Yes
CUST_03651,Female,0,Yes,Yes,8,Yes,No phone service,DSL,Yes,No,No,Yes,No,No,Month-to-month,No,Mailed check,42.13,344.09,Yes
CUST_03652,Male,0,No,Yes,69,Yes,No,DSL,Yes,No,Yes,No,No,No,Month-to-month,Yes,Credit card (automatic),113.76,7862.52,No
CUST_03653,Female,0,No,No,52,Yes,No phone service,DSL,Yes,Yes,No,No,Yes,Yes,Month-to-month,No,Electronic check,115.41,6050.29,Yes
CUST_03654,Male,0,Yes,No,47,Yes,No,DSL,No,Yes,Yes,Yes,Yes,Yes,Month-to-month,Yes,Mailed check,71.96,3429.55,Yes
CUST_03655,Female,0,Yes,Yes,28,Yes,No,Fiber optic,No,No,No,Yes,No,No,Month-to-month,Yes,Credit card (automatic),83.93,2361.34,Yes
CUST_03656,Female,0,No,No,46,No,No phone service,Fiber optic,No,Yes,Yes,No,Yes,No,Month-to-month,No,Bank transfer (automatic),99.18,4584.09,Yes
CUST_03657,Male,0,No,Yes,4,Yes,Yes,DSL,No,Yes,Yes,No,No,No,Two year,No,Electronic check,23.7,102.6,No
CUST_03658,Female,0,No,No,8,Yes,No,No,No internet service,No internet service,No internet service,No internet service,No internet service,No internet service,Month-to-month,Yes,Credit card (automatic),56.18,462.57,No
CUST_03659,Female,0,No,Yes,61,Yes,No,No,No internet service,No internet service,No internet service,No internet service,No internet service,No internet service,One year,Yes,Mailed check,83.51,5103.3,No
CUST_03660,Male,0,Yes,Yes,17,Yes,Yes,No,No internet service,No internet service,No internet service,No internet service,No internet service,No internet service,One year,Yes,Bank transfer (automatic),109.62,1867.62,No
CUST_03661,Female,0,Yes,No,34,Yes,No phone service,No,No internet service,No internet service,No internet service,No internet service,No internet service,No internet service,One year,Yes,Credit card (automatic),92.14,3161.62,No
CUST_03662,Female,0,Yes,No,20,Yes,No,Fiber optic,No,No,Yes,Yes,No,No,Two year,No,Credit card (automatic),53.71,1086.16,No
CUST_03663,Female,0,No,No,34,Yes,Yes,Fiber optic,Yes,Yes,Yes,No,No,No,Month-to-month,No,Electronic check,110.82,3817.43,Yes
CUST_03664,Male,0,Yes,No,43,Yes,No,DSL,No,Yes,No,Yes,Yes,No,Month-to-month,Yes,Credit card (automatic),85.79,3714.79,No
CUST_03665,Male,0,Yes,No,10,Yes,Yes,Fiber optic,No,Yes,No,Yes,Yes,Yes,One year,Yes,Bank transfer (automatic),102.68,1044.79,No
CUST_03666,Female,0,Yes,No,30,Yes,No phone service,Fiber optic,No,Yes,Yes,No,Yes,Yes,Month-to-month,Yes,Credit card (automatic),57.32,1765.31,Yes
CUST_03667,Male,0,Yes,No,25,Yes,No,Fiber optic,Yes,Yes,Yes,No,No,No,Two year,No,Electronic check,18.22,486.54,No
CUST_03668,Female,1,No,No,57,Yes,No,Fiber optic,No,No,No,Yes,No,No,Month-to-month,Yes,Bank transfer (automatic),34.95,1998.46,No
CUST_03669,Female,0,Yes,Yes,63,Yes,No phone service,Fiber optic,Yes,Yes,No,No,Yes,Yes,Month-to-month,Yes,Bank transfer (automatic),112.57,7116.93,No
CUST_03670,Female,0,Yes,No,71,Yes,No,Fiber optic,No,No,Yes,Yes,Yes,Yes,One year,No,Electronic check,21.38,1539.94,No
CUST_03671,Female,0,Yes,No,47,No,No phone service,DSL,No,Yes,No,No,No,Yes,Month-to-month,Yes,Mailed check,78.8,3741.67,No
CUST_03672,Female,0,Yes,Yes,3,Yes,No,Fiber optic,No,Yes,Yes,No,Yes,No,Month-to-month,Yes,Bank transfer (automatic),59.73,213.88,Yes
CUST_03673,Male,0,No,Yes,46,Yes,Yes,No,No internet service,No internet service,No internet service,No internet service,No internet service,No internet service,Two year,No,Mailed check,61.82,2862.12,No
CUST_03674,Female,0,No,Yes,36,Yes,Yes,No,No internet service,No internet service,No internet service,No internet service,No internet service,No internet service,Month-to-month,Yes,Bank transfer (automatic),58.88,2143.28,Yes
CUST_03675,Male,0,Yes,Yes,26,Yes,No,Fiber optic,Yes,No,No,Yes,No,No,One year,Yes,Bank transfer (automatic),24.88,672.75,No
CUST_03676,Male,0,No,No,10,Yes,No phone service,DSL,No,No,No,Yes,No,No,Month-to-month,No,Electronic check,30.48,325.9,Yes
CUST_03677,Female,0,No,No,34,Yes,No phone service,No,No internet service,No internet service,No internet service,No internet service,No internet service,No internet service,Month-to-month,Yes,Credit card (automatic),24.42,835.66,No
CUST_03678,Female,0,No,Yes,8,Yes,No,DSL,Yes,Yes,Yes,No,Yes,No,Month-to-month,No,Bank transfer (automatic),23.5,233.26,No
CUST_03679,Male,0,No,Yes,55,Yes,Yes,No,No internet service,No internet service,No internet service,No internet service,No internet service,No internet service,Month-to-month,No,Credit card (automatic),26.73,1503.9,No
CUST_03680,Male,0,Yes,No,10,Yes,Yes,DSL,No,No,Yes,No,Yes,No,Month-to-month,No,Bank transfer (automatic),89.05,914.04,No
CUST_03681,Male,0,No,No,57,Yes,No,Fiber optic,No,No,Yes,No,Yes,No,Two year,Yes,Mailed check,29.65,1718.47,No
CUST_03682,Female,0,No,No,45,Yes,Yes,Fiber optic,No,No,Yes,Yes,Yes,No,One year,No,Credit card (automatic),44.67,2020.91,No
CUST_03683,Male,0,Yes,No,50,Yes,Yes,Fiber optic,Yes,No,Yes,Yes,No,Yes,Two year,No,Mailed check,85.01,4276.97,No
CUST_03684,Female,1,Yes,Yes,64,Yes,No phone service,Fiber optic,Yes,No,Yes,No,No,Yes,Month-to-month,Yes,Credit card (automatic),29.45,1922.17,No
CUST_03685,Female,0,Yes,No,2,Yes,No,Fiber optic,Yes,No,No,No,No,No,Month-to-month,Yes,Credit card (automatic),110.85,248.38,Yes
CUST_03686,Female,0,Yes,Yes,45,Yes,Yes,Fiber optic,Yes,No,No,No,Yes,No,One year,Yes,Mailed check,66.7,3025.69,No
CUST_03687,Male,0,No,Yes,62,Yes,Yes,DSL,No,Yes,Yes,No,No,No,One year,No,Electronic check,116.23,7229.49,Yes
CUST_03688,Female,0,Yes,Yes,14,No,No phone service,Fiber optic,Yes,Yes,No,No,Yes,Yes,Month-to-month,Yes,Mailed check,37.64,564.99,No
CUST_03689,Female,0,No,No,15,Yes,No,DSL,Yes,No,No,No,Yes,No,Month-to-month,Yes,Electronic check,21.12,354.52,Yes
CUST_03690,Female,0,No,Yes,14,Yes,No,Fiber optic,No,Yes,Yes,Yes,No,No,Month-to-month,No,Electronic check,78.21,1132.43,No
CUST_03691,Female,0,Yes,No,31,Yes,Yes,DSL,Yes,No,Yes,Yes,No,No,Month-to-month,No,Credit card (automatic),51.53,1609.78,No
CUST_03692,Female,0,Yes,Yes,29,Yes,No phone service,Fiber optic,No,Yes,No,No,No,Yes,Two year,No,Mailed check,76.38,2246.03,Yes
CUST_03693,Male,0,No,No,27,Yes,No phone service,Fiber optic,No,No,Yes,Yes,Yes,No,Month-to-month,Yes,Bank transfer (automatic),66.31,1829.38,No
CUST_03694,Female,1,No,Yes,9,No,No phone service,DSL,Yes,Yes,No,Yes,Yes,Yes,Month-to-month,No,Bank transfer (automatic),64.63,609.76,No
CUST_03695,Female,0,Yes,Yes,20,Yes,No phone service,Fiber optic,Yes,No,No,Yes,No,No,One year,Yes,Mailed check,104.82,2135.35,Yes
CUST_03696,Male,0,Yes,No,58,Yes,Yes,Fiber optic,Yes,Yes,Yes,Yes,Yes,Yes,Month-to-month,No,Bank transfer (automatic),37.57,2221.61,No
CUST_03697,Female,0,Yes,No,49,Yes,No,No,No internet service,No internet service,No internet service,No internet service,No internet service,No internet service,Two year,Yes,Electronic check,68.96,3387.87,Yes
CUST_03698,Male,0,No,Yes,57,Yes,No,No,No internet service,No internet service,No internet service,No internet service,No internet service,No internet service,Two year,No,Mailed check,60.43,3459.97,No
CUST_03699,Female,0,No,Yes,16,Yes,No phone service,Fiber optic,Yes,Yes,Yes,Yes,No,No,Month-to-month,No,Electronic check,86.72,1417.66,Yes
CUST_03700,Male,0,Yes,No,8,Yes,No,Fiber optic,No,Yes,Yes,Yes,Yes,Yes,One year,Yes,Credit card (automatic),23.11,199.39,No
CUST_03701,Male,0,No,Yes,67,Yes,No phone service,DSL,Yes,Yes,No,No,No,No,Month-to-month,No,Mailed check,72.0,4871.13,No
CUST_03702,Female,0,Yes,No,19,Yes,No phone service,DSL,No,Yes,Yes,Yes,No,Yes,Month-to-month,No,Bank transfer (automatic),66.81,1279.12,Yes
CUST_03703,Female,1,No,No,67,No,No phone service,DSL,Yes,No,No,No,No,Yes,One year,No,Bank transfer (automatic),117.31,7877.3,No
CUST_03704,Female,0,No,Yes,36,Yes,No phone service,No,No internet service,No internet service,No internet service,No internet service,No internet service,No internet service,One year,No,Electronic check,95.09,3473.09,No
CUST_03705,Male,0,Yes,No,60,No,No phone service,DSL,No,No,Yes,No,Yes,Yes,One year,No,Credit card (automatic),33.81,2037.93,No
CUST_03706,Male,1,Yes,Yes,36,Yes,No,Fiber optic,Yes,Yes,No,No,Yes,Yes,Two year,Yes,Bank transfer (automatic),69.94,2540.28,No
CUST_03707,Male,0,Yes,No,11,Yes,Yes,DSL,No,No,No,Yes,Yes,Yes,Month-to-month,No,Bank transfer (automatic),97.94,1093.04,No
CUST_03708,Female,0,No,No,51,Yes,Yes,DSL,Yes,Yes,No,No,Yes,No,One year,No,Credit card (automatic),71.51,3687.3,No
CUST_03709,Male,0,No,Yes,55,Yes,No phone service,DSL,No,Yes,Yes,Yes,Yes,No,One year,No,Electronic check,54.38,3006.3,No
CUST_03710,Male,0,Yes,No,54,Yes,No,Fiber optic,Yes,Yes,No,Yes,Yes,Yes,Month-to-month,No,Electronic check,56.42,3054.69,No
CUST_03711,Female,0,No,Yes,17,Yes,No,Fiber optic,Yes,No,Yes,Yes,Yes,No,Two year,Yes,Credit card (automatic),55.43,989.04,No
CUST_03712,Male,0,Yes,No,62,Yes,No,Fiber optic,Yes,No,Yes,Yes,No,No,Month-to-month,Yes,Credit card (automatic),20.04,1258.06,Yes
CUST_03713,Male,0,No,No,42,Yes,Yes,Fiber optic,No,Yes,No,No,No,No,One year,Yes,Electronic check,92.52,3922.96,No
CUST_03714,Female,0,Yes,No,24,Yes,Yes,Fiber optic,Yes,Yes,No,Yes,Yes,Yes,Two year,Yes,Mailed check,80.31,1941.97,No
CUST_03715,Male,0,No,No,17,Yes,No phone service,Fiber optic,No,No,Yes,No,No,No,One year,Yes,Electronic check,45.41,780.82,No
CUST_03716,Female,0,No,Yes,48,No,No phone service,Fiber optic,Yes,Yes,No,No,Yes,No,Month-to-month,Yes,Mailed check,82.26,3988.72,No
CUST_03717,Female,0,No,No,70,Yes,No,Fiber optic,No,Yes,Yes,Yes,Yes,No,Month-to-month,No,Mailed check,49.49,3467.11,No
CUST_03718,Female,0,No,No,7,Yes,No phone service,DSL,Yes,No,Yes,No,No,Yes,Month-to-month,No,Mailed check,42.82,316.37,No
CUST_03719,Female,0,Yes,No,14,No,No phone service,No,No internet service,No internet service,No internet service,No internet service,No internet service,No internet service,One year,No,Electronic check,93.6,1349.37,Yes
CUST_03720,Female,0,No,Yes,11,Yes,Yes,DSL,No,Yes,No,No,No,No,Month-to-month,No,Credit card (automatic),100.53,1131.43,Yes
CUST_03721,Male,0,Yes,Yes,12,Yes,No phone service,DSL,No,No,Yes,Yes,No,Yes,One year,Yes,Mailed check,81.82,1016.35,Yes
CUST_03722,Male,0,Yes,Yes,5,Yes,No,Fiber optic,Yes,Yes,Yes,No,Yes,No,Month-to-month,Yes,Credit card (automatic),97.98,493.26,No
CUST_03723,Female,0,Yes,Yes,5,Yes,Yes,Fiber optic,Yes,Yes,No,Yes,No,No,Month-to-month,Yes,Credit card (automatic),55.3,314.0,No
CUST_03724,Female,0,Yes,No,20,Yes,No,DSL,No,No,No,Yes,Yes,No,Month-to-month,Yes,Bank transfer (automatic),25.32,515.08,Yes
CUST_03725,Male,0,No,No,54,Yes,No phone service,Fiber optic,No,Yes,No,Yes,Yes,Yes,One year,Yes,Credit card (automatic),79.7,4344.15,No
CUST_03726,Female,0,Yes,No,55,Yes,No,Fiber optic,No,No,Yes,Yes,No,No,Two year,Yes,Electronic check,44.11,2454.24,No
CUST_03727,Female,0,No,Yes,58,Yes,Yes,Fiber optic,Yes,No,No,No,No,Yes,Month-to-month,Yes,Electronic check,97.3,5680.53,Yes
CUST_03728,Female,1,No,Yes,30,Yes,No phone service,Fiber optic,Yes,No,Yes,No,No,No,Month-to-month,No,Mailed check,54.53,1646.45,Yes
CUST_03729,Male,0,No,No,24,Yes,Yes,Fiber optic,No,Yes,Yes,No,Yes,Yes,Two year,Yes,Electronic check,86.41,2093.58,No
CUST_03730,Male,0,No,No,3,Yes,No phone service,DSL,Yes,No,Yes,Yes,Yes,No,Month-to-month,Yes,Mailed check,74.39,263.28,Yes
CUST_03731,Female,0,Yes,No,48,Yes,No,DSL,Yes,Yes,No,Yes,No,Yes,Two year,No,Electronic check,101.38,4911.95,No
CUST_03732,Female,1,No,Yes,71,Yes,Yes,DSL,Yes,Yes,Yes,Yes,No,Yes,One year,Yes,Mailed check,102.9,7316.88,No
CUST_03733,Male,0,Yes,No,22,Yes,Yes,Fiber optic,Yes,No,Yes,No,Yes,No,Month-to-month,No,Electronic check,24.97,588.93,No
CUST_03734,Male,0,No,No,14,Yes,No,Fiber optic,Yes,Yes,No,Yes,No,Yes,One year,Yes,Electronic check,48.1,678.85,No
CUST_03735,Female,0,No,Yes,48,Yes,Yes,Fiber optic,No,No,Yes,No,No,No,Two year,No,Mailed check,106.83,5149.11,No
CUST_03736,Female,0,Yes,Yes,29,Yes,Yes,Fiber optic,No,No,No,No,No,Yes,Two year,No,Credit card (automatic),59.21,1763.94,Yes
CUST_03737,Male,0,No,No,50,Yes,Yes,Fiber optic,Yes,No,No,Yes,No,No,One year,Yes,Bank transfer (automatic),70.52,3573.09,No
CUST_03738,Male,0,No,Yes,10,Yes,Yes,DSL,No,Yes,No,Yes,No,Yes,One year,No,Electronic check,36.7,381.84,Yes
CUST_03739,Male,1,No,No,71,Yes,No,DSL,Yes,No,No,No,No,No,Month-to-month,No,Credit card (automatic),74.37,5290.2,No
CUST_03740,Female,1,No,No,27,Yes,Yes,No,No internet service,No internet service,No internet service,No internet service,No internet service,No internet service,Month-to-month,No,Bank transfer (automatic),44.99,1222.22,Yes
CUST_03741,Male,1,No,No,28,Yes,Yes,Fiber optic,Yes,No,Yes,Yes,Yes,Yes,Month-to-month,No,Bank transfer (automatic),102.58,2896.33,No
CUST_03742,Female,0,Yes,No,9,Yes,Yes,Fiber optic,Yes,Yes,Yes,Yes,No,No,Two year,Yes,Electronic check,38.42,350.43,No
CUST_03743,Male,0,No,Yes,71,Yes,No phone service,Fiber optic,Yes,Yes,Yes,Yes,No,No,Month-to-month,No,Credit card (automatic),54.71,3901.91,Yes
CUST_03744,Male,0,No,Yes,26,Yes,No phone service,Fiber optic,No,No,No,Yes,Yes,Yes,Month-to-month,No,Electronic check,27.7,720.99,Yes
CUST_03745,Male,0,Yes,Yes,8,Yes,No,Fiber optic,No,No,Yes,No,Yes,Yes,Month-to-month,Yes,Mailed check,77.97,636.76,Yes
CUST_03746,Male,0,No,No,2,Yes,No,DSL,No,No,No,Yes,No,Yes,Month-to-month,Yes,Mailed check,114.08,273.18,Yes
CUST_03747,Female,0,Yes,No,57,Yes,No,No,No internet service,No internet service,No internet service,No internet service,No internet service,No internet service,Month-to-month,No,Bank transfer (automatic),35.66,2055.08,No
CUST_03748,Female,0,No,No,52,Yes,Yes,DSL,Yes,Yes,Yes,Yes,No,No,Month-to-month,No,Mailed check,20.01,1044.37,No
CUST_03749,Male,0,No,Yes,58,Yes,No phone service,DSL,No,Yes,No,Yes,Yes,No,Month-to-month,Yes,Credit card (automatic),61.09,3575.63,No
CUST_03750,Female,0,Yes,Yes,3,Yes,No phone service,DSL,No,No,Yes,No,Yes,Yes,Two year,Yes,Mailed check,94.34,330.8,Yes
CUST_03751,Male,0,No,No,8,No,No phone service,Fiber optic,Yes,Yes,Yes,Yes,Yes,No,One year,No,Mailed check,117.46,962.85,Yes
CUST_03752,Male,0,No,Yes,59,Yes,No phone service,Fiber optic,Yes,No,No,No,No,No,Month-to-month,Yes,Credit card (automatic),23.23,1401.81,No
CUST_03753,Male,0,Yes,Yes,2,Yes,No,Fiber optic,Yes,Yes,Yes,Yes,Yes,Yes,One year,No,Credit card (automatic),98.17,242.31,No
CUST_03754,Male,0,Yes,Yes,62,Yes,Yes,No,No internet service,No internet service,No internet service,No internet service,No internet service,No internet service,One year,No,Mailed check,55.6,3468.45,No
CUST_03755,Female,0,No,Yes,49,Yes,No phone service,DSL,Yes,Yes,Yes,No,No,Yes,Month-to-month,Yes,Credit card (automatic),33.68,1683.58,Yes
CUST_03756,Male,0,Yes,No,20,Yes,Yes,Fiber optic,Yes,Yes,No,No,Yes,No,Month-to-month,No,Electronic check,37.62,774.34,Yes
CUST_03757,Male,0,No,Yes,29,No,No phone service,Fiber optic,Yes,Yes,No,Yes,Yes,No,Two year,Yes,Mailed check,112.24,3302.95,No
CUST_03758,Female,0,Yes,No,17,Yes,No phone service,No,No internet service,No internet service,No internet service,No internet service,No internet service,No internet service,One year,Yes,Bank transfer (automatic),100.55,1734.62,No
CUST_03759,Male,0,No,Yes,22,Yes,No,DSL,No,No,Yes,No,No,Yes,Month-to-month,Yes,Credit card (automatic),49.8,1139.8,No
CUST_03760,Male,0,Yes,No,6,Yes,No phone service,No,No internet service,No internet service,No internet service,No internet service,No internet service,No internet service,Month-to-month,Yes,Credit card (automatic),113.9,708.76,No
CUST_03761,Male,0,Yes,No,62,Yes,Yes,DSL,No,No,No,No,Yes,No,Two year,No,Electronic check,28.74,1815.04,No
CUST_03762,Female,1,Yes,Yes,31,Yes,No,Fiber optic,Yes,Yes,Yes,No,No,Yes,One year,No,Electronic check,50.9,1597.17,Yes
CUST_03763,Male,0,Yes,No,62,Yes,Yes,Fiber optic,No,No,No,Yes,Yes,No,Two year,No,Bank transfer (automatic),84.6,5290.95,No
CUST_03764,Female,1,Yes,No,12,Yes,No,No,No internet service,No internet service,No internet service,No internet service,No internet service,No internet service,Month-to-month,No,Electronic check,119.94,1471.64,No
CUST_03765,Male,0,Yes,Yes,12,Yes,No phone service,DSL,No,Yes,Yes,Yes,Yes,No,Month-to-month,No,Electronic check,65.5,786.94,No
CUST_03766,Male,0,Yes,No,63,Yes,Yes,DSL,No,Yes,No,No,No,Yes,One year,Yes,Bank transfer (automatic),100.69,6344.44,No
CUST_03767,Female,1,Yes,Yes,16,Yes,No,DSL,Yes,No,No,No,No,No,Month-to-month,No,Mailed check,111.42,1816.5,Yes
CUST_03768,Male,0,Yes,No,25,Yes,No,Fiber optic,No,Yes,No,No,Yes,No,Month-to-month,No,Electronic check,18.98,480.27,Yes
CUST_03769,Male,0,No,Yes,22,Yes,No phone service,Fiber optic,No,Yes,No,Yes,Yes,No,Month-to-month,Yes,Mailed check,47.47,1080.19,No
CUST_03770,Female,0,Yes,Yes,18,Yes,No,No,No internet service,No internet service,No internet service,No internet service,No internet service,No internet service,Month-to-month,Yes,Bank transfer (automatic),28.24,524.36,Yes
CUST_03771,Female,0,No,Yes,45,Yes,No,Fiber optic,No,Yes,Yes,No,Yes,Yes,Two year,Yes,Electronic check,97.16,4399.06,No
CUST_03772,Female,1,Yes,Yes,68,Yes,Yes,DSL,No,No,No,No,Yes,No,One year,Yes,Credit card (automatic),75.84,5165.78,No
CUST_03773,Female,0,No,Yes,12,Yes,No phone service,DSL,Yes,No,No,Yes,No,No,Month-to-month,No,Mailed check,27.75,345.28,No
CUST_03774,Female,0,No,No,49,Yes,No phone service,DSL,No,No,No,No,Yes,No,One year,Yes,Bank transfer (automatic),60.91,3006.63,No
CUST_03775,Male,0,Yes,No,33,No,No phone service,Fiber optic,Yes,No,No,No,Yes,No,One year,No,Credit card (automatic),70.42,2357.29,No
CUST_03776,Female,0,Yes,Yes,63,Yes,Yes,No,No internet service,No internet service,No internet service,No internet service,No internet service,No internet service,Two year,Yes,Electronic check,89.17,5625.54,No
CUST_03777,Male,0,No,No,18,Yes,Yes,No,No internet service,No internet service,No internet service,No internet service,No internet service,No internet service,Two year,Yes,Electronic check,97.51,1769.2,No
CUST_03778,Male,0,No,No,54,Yes,No,Fiber optic,No,No,Yes,Yes,Yes,No,Month-to-month,Yes,Mailed check,26.96,1466.35,No
CUST_03779,Male,0,Yes,No,27,Yes,No phone service,DSL,Yes,No,No,No,No,Yes,Two year,No,Electronic check,67.74,1872.11,No
CUST_03780,Female,0,Yes,Yes,25,Yes,No phone service,DSL,No,No,Yes,No,Yes,Yes,Month-to-month,No,Credit card (automatic),34.43,893.27,No
CUST_03781,Female,0,Yes,Yes,34,Yes,No phone service,Fiber optic,Yes,No,No,No,No,No,Month-to-month,No,Mailed check,94.83,3247.72,No
CUST_03782,Male,0,No,No,60,Yes,No,No,No internet service,No internet service,No internet service,No internet service,No internet service,No internet service,Month-to-month,Yes,Mailed check,85.08,5152.28,Yes
CUST_03783,Female,0,Yes,Yes,54,Yes,No phone service,DSL,No,Yes,Yes,Yes,Yes,No,Month-to-month,No,Electronic check,91.75,4991.08,No
CUST_03784,Female,0,Yes,Yes,5,No,No phone service,DSL,No,No,No,Yes,No,Yes,Two year,Yes,Bank transfer (automatic),25.65,174.86,No
CUST_03785,Female,0,Yes,No,36,Yes,No phone service,Fiber optic,No,Yes,No,No,Yes,No,One year,No,Credit card (automatic),70.05,2551.79,Yes
CUST_03786,Female,0,Yes,Yes,54,Yes,No phone service,Fiber optic,Yes,No,No,No,Yes,Yes,One year,Yes,Electronic check,103.74,5608.82,Yes
CUST_03787,Male,1,Yes,Yes,36,Yes,Yes,DSL,Yes,Yes,No,No,No,No,Two year,No,Bank transfer (automatic),90.76,3301.16,No
CUST_03788,Male,0,No,Yes,69,Yes,No,No,No internet service,No internet service,No internet service,No internet service,No internet service,No internet service,Month-to-month,No,Mailed check,105.9,7317.06,Yes
CUST_03789,Female,1,No,Yes,39,No,No phone service,DSL,No,No,No,No,Yes,Yes,Month-to-month,Yes,Mailed check,39.02,1539.18,No
CUST_03790,Male,0,Yes,Yes,70,Yes,No phone service,No,No internet service,No internet service,No internet service,No internet service,No internet service,No internet service,One year,Yes,Electronic check,47.26,3333.95,No
CUST_03791,Female,0,Yes,No,4,Yes,No phone service,DSL,Yes,No,No,Yes,Yes,Yes,Two year,No,Credit card (automatic),63.01,259.91,No
CUST_03792,Female,0,No,Yes,65,Yes,No phone service,DSL,No,Yes,No,No,Yes,No,Two year,No,Electronic check,71.37,4640.23,No
CUST_03793,Male,1,Yes,Yes,40,Yes,No phone service,DSL,Yes,Yes,Yes,Yes,Yes,Yes,Month-to-month,No,Electronic check,43.72,1765.18,No
CUST_03794,Male,0,No,No,37,Yes,Yes,DSL,No,No,No,Yes,No,Yes,Two year,Yes,Mailed check,56.89,2146.01,No
CUST_03795,Male,1,Yes,No,67,Yes,Yes,Fiber optic,No,Yes,No,Yes,No,No,Two year,Yes,Credit card (automatic),88.08,5902.02,No
CUST_03796,Female,1,No,Yes,31,Yes,No,Fiber optic,Yes,No,Yes,Yes,Yes,No,Month-to-month,No,Electronic check,83.83,2604.17,No
CUST_03797,Male,0,No,No,47,Yes,No,Fiber optic,Yes,Yes,Yes,Yes,Yes,No,One year,No,Bank transfer (automatic),29.27,1415.95,No
CUST_03798,Female,0,Yes,Yes,27,No,No phone service,Fiber optic,No,No,No,Yes,No,Yes,Month-to-month,No,Bank transfer (automatic),118.54,3215.92,No
CUST_03799,Male,0,No,No,51,Yes,No phone service,DSL,No,Yes,Yes,Yes,Yes,No,Month-to-month,Yes,Credit card (automatic),75.4,3892.31,No
CUST_03800,Male,0,Yes,Yes,20,Yes,Yes,DSL,No,No,No,Yes,No,No,Two year,Yes,Mailed check,67.32,1365.48,No
CUST_03801,Female,0,No,No,13,Yes,No,No,No internet service,No internet service,No internet service,No internet service,No internet service,No internet service,Two year,Yes,Mailed check,116.66,1556.4,No
CUST_03802,Female,0,Yes,Yes,63,Yes,No phone service,No,No internet service,No internet service,No internet service,No internet service,No internet service,No internet service,One year,Yes,Credit card (automatic),32.31,2048.7,No
CUST_03803,Female,0,Yes,No,44,Yes,No phone service,DSL,No,No,Yes,Yes,No,Yes,Two year,Yes,Electronic check,73.45,3235.1,No
CUST_03804,Female,0,Yes,Yes,24,Yes,No phone service,Fiber optic,Yes,Yes,Yes,No,No,Yes,Month-to-month,Yes,Electronic check,100.12,2446.91,No
CUST_03805,Female,0,No,Yes,3,No,No phone service,Fiber optic,No,Yes,Yes,Yes,Yes,No,Month-to-month,Yes,Bank transfer (automatic),58.69,222.43,Yes
CUST_03806,Female,0,Yes,Yes,10,Yes,Yes,DSL,Yes,No,No,No,No,Yes,Month-to-month,Yes,Bank transfer (automatic),93.1,966.44,No
CUST_03807,Female,0,Yes,No,65,Yes,Yes,Fiber optic,No,No,No,No,No,Yes,Two year,No,Credit card (automatic),109.71,7169.95,Yes
CUST_03808,Female,0,Yes,No,49,Yes,No phone service,Fiber optic,No,No,No,No,No,No,Two year,No,Mailed check,44.69,2190.1,No
CUST_03809,Male,0,No,Yes,58,Yes,No phone service,DSL,Yes,Yes,Yes,No,Yes,No,One year,Yes,Credit card (automatic),42.63,2510.17,Yes
CUST_03810,Female,0,Yes,Yes,2,Yes,No phone service,DSL,No,Yes,Yes,Yes,No,No,Two year,Yes,Electronic check,54.79,133.19,No
CUST_03811,Female,0,No,Yes,66,Yes,No phone service,Fiber optic,Yes,No,Yes,Yes,No,No,One year,Yes,Electronic check,60.68,4027.59,No
CUST_03812,Male,0,No,Yes,31,No,No phone service,DSL,No,Yes,Yes,Yes,No,Yes,One year,Yes,Credit card (automatic),29.33,936.13,No
CUST_03813,Female,0,No,No,68,Yes,No,DSL,No,Yes,No,No,Yes,Yes,One year,No,Electronic check,41.59,2841.78,No
CUST_03814,Male,0,Yes,No,37,Yes,Yes,Fiber optic,No,Yes,Yes,Yes,Yes,Yes,Two year,No,Electronic check,107.07,3996.38,No
CUST_03815,Male,0,Yes,No,24,Yes,No,Fiber optic,Yes,No,Yes,No,Yes,Yes,Month-to-month,No,Bank transfer (automatic),75.79,1833.79,Yes
CUST_03816,Female,1,No,Yes,44,Yes,No,DSL,No,No,No,No,No,No,Month-to-month,No,Electronic check,45.32,2021.91,No
CUST_03817,Male,0,Yes,Yes,41,Yes,No phone service,No,No internet service,No internet service,No internet service,No internet service,No internet service,No internet service,Month-to-month,No,Bank transfer (automatic),114.25,4690.96,No
CUST_03818,Female,0,Yes,No,51,Yes,No,Fiber optic,No,No,Yes,No,Yes,No,Two year,Yes,Mailed check,96.98,4979.72,No
CUST_03819,Male,0,No,No,42,Yes,Yes,DSL,Yes,Yes,Yes,Yes,Yes,No,Two year,Yes,Credit card (automatic),54.97,2318.13,No
CUST_03820,Male,0,No,No,40,Yes,No phone service,Fiber optic,Yes,No,Yes,No,No,Yes,Month-to-month,Yes,Electronic check,96.08,3851.53,Yes
CUST_03821,Male,0,Yes,No,48,Yes,Yes,Fiber optic,No,No,No,Yes,Yes,No,Two year,Yes,Bank transfer (automatic),78.8,3783.49,No
CUST_03822,Female,0,No,Yes,4,Yes,No,DSL,No,Yes,Yes,Yes,Yes,No,One year,No,Bank transfer (automatic),87.75,357.09,No
CUST_03823,Female,0,Yes,Yes,60,Yes,No phone service,Fiber optic,No,No,Yes,No,Yes,No,Month-to-month,No,Credit card (automatic),50.79,3058.9,Yes
CUST_03824,Male,0,No,Yes,39,No,No phone service,Fiber optic,No,Yes,Yes,Yes,No,No,Two year,No,Bank transfer (automatic),39.37,1546.49,No
CUST_03825,Male,0,Yes,No,5,Yes,Yes,Fiber optic,Yes,Yes,No,No,Yes,No,One year,Yes,Electronic check,43.87,235.71,No
CUST_03826,Female,0,Yes,Yes,6,Yes,No phone service,Fiber optic,Yes,Yes,Yes,No,Yes,Yes,Month-to-month,No,Bank transfer (automatic),26.54,161.97,Yes
CUST_03827,Female,1,No,No,14,Yes,Yes,Fiber optic,No,Yes,No,Yes,Yes,No,Month-to-month,Yes,Bank transfer (automatic),66.05,971.4,Yes
CUST_03828,Male,0,Yes,No,70,Yes,No phone service,DSL,Yes,Yes,No,Yes,No,Yes,Month-to-month,No,Mailed check,59.44,4166.46,No
CUST_03829,Male,0,Yes,No,12,Yes,No phone service,Fiber optic,No,No,No,Yes,No,No,One year,No,Electronic check,18.26,254.21,No
CUST_03830,Female,0,No,No,62,Yes,No,Fiber optic,No,Yes,No,Yes,Yes,No,Month-to-month,No,Credit card (automatic),105.35,6558.42,Yes
CUST_03831,Female,0,Yes,No,27,Yes,Yes,Fiber optic,No,No,No,Yes,Yes,Yes,One year,Yes,Bank transfer (automatic),87.55,2391.51,No
CUST_03832,Female,0,Yes,Yes,54,Yes,No phone service,Fiber optic,No,No,Yes,No,Yes,Yes,One year,No,Bank transfer (automatic),63.57,3437.93,No
CUST_03833,Female,0,Yes,Yes,12,Yes,No,Fiber optic,No,Yes,Yes,Yes,Yes,No,Month-to-month,Yes,Electronic check,116.64,1411.79,No
CUST_03834,Female,0,No,Yes,8,Yes,No,No,No internet service,No internet service,No internet service,No internet service,No internet service,No internet service,One year,Yes,Electronic check,113.94,950.48,Yes
CUST_03835,Male,0,No,No,16,Yes,No phone service,DSL,No,No,No,No,No,Yes,Two year,Yes,Bank transfer (automatic),27.7,466.38,No
CUST_03836,Female,0,No,Yes,52,No,No phone service,DSL,Yes,Yes,Yes,No,Yes,Yes,Month-to-month,No,Electronic check,80.74,4221.55,No
CUST_03837,Male,0,No,No,26,Yes,Yes,DSL,No,No,No,No,Yes,No,One year,No,Credit card (automatic),101.34,2662.04,No
CUST_03838,Female,0,No,Yes,8,Yes,Yes,DSL,No,Yes,Yes,Yes,No,Yes,Two year,No,Electronic check,35.64,306.82,Yes
CUST_03839,Male,0,Yes,No,45,Yes,Yes,Fiber optic,No,Yes,Yes,No,No,Yes,Month-to-month,No,Credit card (automatic),31.05,1437.65,Yes
CUST_03840,Female,0,Yes,No,19,Yes,No phone service,DSL,No,Yes,No,No,Yes,Yes,Month-to-month,Yes,Credit card (automatic),44.5,882.88,No
CUST_03841,Female,0,Yes,Yes,17,Yes,No,DSL,Yes,No,Yes,No,No,No,One year,No,Electronic check,46.53,806.8,No
CUST_03842,Male,0,No,No,65,Yes,No,DSL,Yes,Yes,Yes,Yes,No,Yes,One year,Yes,Credit card (automatic),116.43,7608.45,No
CUST_03843,Male,0,Yes,Yes,29,Yes,No phone service,Fiber optic,No,Yes,Yes,Yes,Yes,Yes,Month-to-month,Yes,Electronic check,97.61,2856.58,No
CUST_03844,Female,0,No,Yes,14,No,No phone service,No,No internet service,No internet service,No internet service,No internet service,No internet service,No internet service,Month-to-month,No,Electronic check,24.09,368.69,Yes
CUST_03845,Female,0,Yes,Yes,17,Yes,No,Fiber optic,No,No,Yes,Yes,No,Yes,One year,Yes,Bank transfer (automatic),98.22,1713.07,Yes
CUST_03846,Female,0,No,No,13,Yes,No,DSL,No,No,Yes,Yes,Yes,No,Month-to-month,Yes,Bank transfer (automatic),35.3,482.74,No
CUST_03847,Female,0,Yes,No,63,Yes,Yes,Fiber optic,Yes,Yes,Yes,Yes,Yes,No,One year,No,Mailed check,54.44,3467.45,No
CUST_03848,Female,1,Yes,No,33,Yes,No,DSL,Yes,No,No,No,No,No,Two year,Yes,Mailed check,50.49,1697.54,No
CUST_03849,Male,0,No,No,29,Yes,Yes,DSL,No,No,No,No,Yes,Yes,Month-to-month,No,Electronic check,45.78,1349.04,No
CUST_03850,Male,0,Yes,Yes,37,Yes,No,No,No internet service,No internet service,No internet service,No internet service,No internet service,No internet service,Month-to-month,No,Credit card (automatic),49.49,1870.71,No
CUST_03851,Female,0,Yes,No,46,Yes,No,Fiber optic,Yes,Yes,No,No,No,No,One year,Yes,Electronic check,94.93,4371.97,Yes
CUST_03852,Male,0,No,Yes,24,Yes,No,DSL,No,Yes,Yes,No,No,Yes,One year,No,Bank transfer (automatic),45.19,1113.58,No
CUST_03853,Male,0,Yes,Yes,14,Yes,Yes,Fiber optic,Yes,Yes,Yes,Yes,No,Yes,Two year,Yes,Mailed check,99.67,1397.75,No
CUST_03854,Male,0,Yes,No,5,Yes,No,DSL,No,No,Yes,Yes,No,No,Month-to-month,No,Electronic check,27.28,144.23,Yes
CUST_03855,Female,1,No,No,53,Yes,No,DSL,Yes,Yes,Yes,No,Yes,Yes,One year,No,Credit card (automatic),78.71,4201.43,No
CUST_03856,Male,1,No,Yes,30,Yes,No,Fiber optic,Yes,Yes,No,Yes,No,Yes,Month-to-month,No,Credit card (automatic),106.03,3196.16,No
CUST_03857,Female,0,No,No,60,No,No phone service,DSL,No,No,No,No,Yes,Yes,Two year,No,Electronic check,26.09,1578.42,No
CUST_03858,Male,0,No,Yes,28,Yes,No,No,No internet service,No internet service,No internet service,No internet service,No internet service,No internet service,Month-to-month,No,Mailed check,82.76,2365.03,No
CUST_03859,Female,1,No,No,26,Yes,No,Fiber optic,Yes,Yes,Yes,Yes,No,No,One year,Yes,Mailed check,70.18,1843.1,No
CUST_03860,Male,0,Yes,No,18,Yes,Yes,No,No internet service,No internet service,No internet service,No internet service,No internet service,No internet service,Month-to-month,No,Electronic check,51.86,961.68,No
CUST_03861,Female,0,No,Yes,36,Yes,Yes,Fiber optic,Yes,No,No,No,No,No,Month-to-month,Yes,Credit card (automatic),28.27,1044.39,Yes
CUST_03862,Female,0,No,Yes,8,Yes,No phone service,Fiber optic,Yes,No,Yes,Yes,No,No,Month-to-month,No,Mailed check,87.0,699.11,No
CUST_03863,Male,0,Yes,Yes,18,Yes,Yes,Fiber optic,No,No,Yes,Yes,Yes,No,Month-to-month,Yes,Mailed check,49.56,925.73,Yes
CUST_03864,Female,0,Yes,No,58,Yes,Yes,DSL,No,No,Yes,No,No,Yes,Month-to-month,Yes,Mailed check,52.57,3074.69,Yes
CUST_03865,Female,0,Yes,No,32,No,No phone service,Fiber optic,Yes,No,No,Yes,Yes,No,Month-to-month,Yes,Bank transfer (automatic),91.19,2937.29,No
CUST_03866,Female,0,Yes,No,49,Yes,No phone service,DSL,No,No,Yes,No,Yes,Yes,Month-to-month,Yes,Electronic check,114.43,5610.18,Yes
CUST_03867,Female,0,Yes,Yes,48,Yes,No phone service,DSL,Yes,No,No,No,Yes,No,Month-to-month,Yes,Mailed check,52.03,2512.14,Yes
CUST_03868,Female,0,No,Yes,71,Yes,No,Fiber optic,Yes,Yes,No,No,No,Yes,One year,No,Mailed check,94.17,6730.05,No
CUST_03869,Female,0,Yes,No,65,Yes,No,Fiber optic,No,Yes,Yes,Yes,Yes,No,Two year,Yes,Electronic check,115.57,7521.0,Yes
CUST_03870,Female,0,No,Yes,33,Yes,Yes,No,No internet service,No internet service,No internet service,No internet service,No internet service,No internet service,Month-to-month,Yes,Bank transfer (automatic),27.98,934.25,No
CUST_03871,Female,0,Yes,No,50,Yes,No,DSL,No,Yes,No,No,Yes,No,Month-to-month,Yes,Credit card (automatic),71.98,3609.19,No
CUST_03872,Male,0,No,Yes,4,No,No phone service,Fiber optic,Yes,Yes,Yes,No,Yes,No,Month-to-month,No,Credit card (automatic),19.14,121.1,No
CUST_03873,Male,1,Yes,No,36,Yes,No phone service,No,No internet service,No internet service,No internet service,No internet service,No internet service,No internet service,Month-to-month,No,Electronic check,102.17,3713.05,Yes
CUST_03874,Female,1,No,No,28,Yes,No phone service,DSL,No,No,No,Yes,Yes,No,Month-to-month,No,Mailed check,47.26,1367.45,No
CUST_03875,Female,0,No,No,3,Yes,No,DSL,Yes,No,No,No,Yes,No,Month-to-month,No,Mailed check,51.94,201.51,No
CUST_03876,Male,0,No,Yes,6,Yes,No,DSL,No,Yes,Yes,No,Yes,No,Two year,Yes,Credit card (automatic),88.1,575.02,Yes
CUST_03877,Male,0,No,Yes,45,Yes,No,No,No internet service,No internet service,No internet service,No internet service,No internet service,No internet service,Two year,No,Credit card (automatic),98.5,4456.62,Yes
CUST_03878,Male,0,No,No,23,Yes,Yes,DSL,Yes,No,Yes,No,No,Yes,Month-to-month,No,Electronic check,58.8,1376.19,No
CUST_03879,Female,1,No,No,7,Yes,No phone service,DSL,Yes,No,Yes,No,Yes,Yes,One year,No,Bank transfer (automatic),85.88,642.63,Yes
CUST_03880,Male,1,No,No,61,Yes,No,Fiber optic,No,Yes,No,No,Yes,Yes,Month-to-month,Yes,Electronic check,115.55,7065.03,No
CUST_03881,Female,0,No,No,65,No,No phone service,No,No internet service,No internet service,No internet service,No internet service,No internet service,No internet service,Month-to-month,No,Electronic check,108.46,7051.27,Yes
CUST_03882,Female,0,No,No,6,Yes,Yes,No,No internet service,No internet service,No internet service,No internet service,No internet service,No internet service,Two year,Yes,Electronic check,89.53,553.77,No
CUST_03883,Male,0,No,No,24,Yes,No phone service,Fiber optic,No,Yes,Yes,Yes,No,No,Month-to-month,No,Bank transfer (automatic),114.19,2776.44,No
CUST_03884,Female,0,Yes,Yes,37,Yes,Yes,No,No internet service,No internet service,No internet service,No internet service,No internet service,No internet service,One year,Yes,Electronic check,107.35,3977.97,No
CUST_03885,Female,0,No,Yes,45,Yes,Yes,DSL,Yes,No,No,Yes,Yes,Yes,One year,No,Electronic check,92.36,4195.39,No
CUST_03886,Female,0,No,Yes,51,Yes,No,DSL,No,No,Yes,Yes,No,No,One year,Yes,Electronic check,111.56,5730.3,Yes
CUST_03887,Female,0,Yes,Yes,45,Yes,Yes,No,No internet service,No internet service,No internet service,No internet service,No internet service,No internet service,Month-to-month,Yes,Mailed check,101.37,4566.87,No
CUST_03888,Male,0,No,No,63,Yes,Yes,Fiber optic,Yes,No,No,No,Yes,No,One year,Yes,Bank transfer (automatic),69.23,4366.38,No
CUST_03889,Male,0,No,No,29,No,No phone service,DSL,Yes,No,No,Yes,Yes,Yes,Month-to-month,No,Mailed check,69.23,2017.69,No
CUST_03890,Female,0,Yes,No,25,Yes,No phone service,Fiber optic,Yes,Yes,No,No,No,Yes,Month-to-month,Yes,Mailed check,18.9,490.24,Yes
CUST_03891,Female,0,Yes,Yes,10,Yes,No,Fiber optic,Yes,Yes,No,No,No,Yes,Two year,No,Credit card (automatic),21.09,237.49,No
CUST_03892,Male,0,No,Yes,35,Yes,No phone service,No,No internet service,No internet service,No internet service,No internet service,No internet service,No internet service,One year,No,Electronic check,94.12,3318.31,No
CUST_03893,Female,0,Yes,No,55,Yes,Yes,No,No internet service,No internet service,No internet service,No internet service,No internet service,No internet service,Two year,Yes,Mailed check,74.59,4144.91,No
CUST_03894,Male,0,No,Yes,25,Yes,Yes,Fiber optic,Yes,No,No,No,Yes,No,Month-to-month,Yes,Electronic check,95.62,2397.55,No
CUST_03895,Female,1,No,Yes,45,Yes,No,No,No internet service,No internet service,No internet service,No internet service,No internet service,No internet service,Month-to-month,No,Electronic check,114.87,5203.83,No
CUST_03896,Female,0,No,No,12,Yes,No,Fiber optic,Yes,Yes,No,Yes,Yes,Yes,One year,No,Electronic check,64.16,797.34,Yes
CUST_03897,Male,0,Yes,No,4,Yes,No,Fiber optic,No,No,Yes,No,No,No,Month-to-month,Yes,Mailed check,27.02,144.93,No
CUST_03898,Male,0,No,No,67,Yes,Yes,Fiber optic,Yes,Yes,Yes,Yes,Yes,No,One year,No,Credit card (automatic),81.91,5505.0,No
CUST_03899,Male,0,No,Yes,17,Yes,Yes,Fiber optic,No,Yes,Yes,Yes,No,Yes,Two year,Yes,Bank transfer (automatic),28.17,502.51,Yes
CUST_03900,Male,1,Yes,No,65,Yes,No phone service,DSL,No,Yes,Yes,No,No,Yes,Two year,Yes,Credit card (automatic),81.37,5290.67,Yes
CUST_03901,Female,0,No,No,53,Yes,No,DSL,No,Yes,No,Yes,Yes,No,One year,No,Electronic check,71.83,3812.76,No
CUST_03902,Male,1,No,No,57,Yes,Yes,Fiber optic,No,No,No,No,No,No,Month-to-month,No,Credit card (automatic),90.65,5185.58,Yes
CUST_03903,Female,0,No,Yes,28,Yes,No phone service,DSL,No,No,No,Yes,Yes,Yes,Two year,No,Credit card (automatic),53.8,1530.4,No
CUST_03904,Male,1,No,Yes,16,Yes,No,DSL,Yes,No,No,Yes,No,No,Two year,Yes,Credit card (automatic),32.67,527.07,No
CUST_03905,Male,0,No,No,21,Yes,No,DSL,Yes,Yes,No,Yes,Yes,Yes,Two year,No,Bank transfer (automatic),42.09,925.21,No
CUST_03906,Female,1,No,No,42,Yes,No phone service,DSL,Yes,No,No,Yes,Yes,No,One year,Yes,Credit card (automatic),87.73,3731.99,No
CUST_03907,Male,0,Yes,Yes,54,Yes,No phone service,Fiber optic,Yes,No,No,No,Yes,No,Two year,Yes,Bank transfer (automatic),66.77,3635.56,No
CUST_03908,Male,0,No,Yes,32,Yes,No phone service,DSL,No,Yes,No,Yes,Yes,Yes,Month-to-month,Yes,Mailed check,73.16,2343.9,No
CUST_03909,Male,0,No,No,38,Yes,Yes,DSL,No,Yes,No,No,Yes,Yes,One year,No,Credit card (automatic),50.95,1972.88,No
CUST_03910,Male,1,Yes,Yes,70,Yes,No,Fiber optic,No,No,No,No,No,Yes,Month-to-month,No,Electronic check,103.34,7244.91,Yes
CUST_03911,Female,0,No,No,38,Yes,No,No,No internet service,No internet service,No internet service,No internet service,No internet service,No internet service,One year,No,Mailed check,119.94,4594.57,No
CUST_03912,Female,0,No,No,54,Yes,No phone service,DSL,No,Yes,Yes,No,Yes,No,One year,Yes,Bank transfer (automatic),49.85,2713.35,No
CUST_03913,Male,1,Yes,Yes,60,Yes,Yes,DSL,No,Yes,No,Yes,No,No,Month-to-month,No,Bank transfer (automatic),91.3,5480.82,No
CUST_03914,Male,0,Yes,No,47,Yes,No phone service,No,No internet service,No internet service,No internet service,No internet service,No internet service,No internet service,One year,Yes,Credit card (automatic),35.45,1680.19,No
CUST_03915,Male,0,Yes,No,12,Yes,Yes,DSL,Yes,No,Yes,No,Yes,No,Month-to-month,No,Bank transfer (automatic),93.73,1146.09,No
CUST_03916,Female,0,Yes,Yes,53,Yes,No,No,No internet service,No internet service,No internet service,No internet service,No internet service,No internet service,Month-to-month,No,Credit card (automatic),61.95,3320.0,Yes
CUST_03917,Female,0,Yes,No,33,No,No phone service,DSL,Yes,Yes,No,No,Yes,Yes,Month-to-month,Yes,Electronic check,79.74,2638.11,No
CUST_03918,Female,1,Yes,Yes,28,Yes,Yes,DSL,No,Yes,No,Yes,Yes,Yes,Month-to-month,Yes,Electronic check,42.23,1196.82,No
CUST_03919,Female,0,Yes,No,3,Yes,No,DSL,No,No,No,Yes,Yes,No,Month-to-month,Yes,Mailed check,104.87,318.78,Yes
CUST_03920,Male,0,No,No,26,Yes,No,DSL,No,Yes,No,No,No,No,Month-to-month,No,Bank transfer (automatic),35.68,958.48,No
CUST_03921,Male,1,No,Yes,54,Yes,No phone service,No,No internet service,No internet service,No internet service,No internet service,No internet service,No internet service,Month-to-month,Yes,Electronic check,112.72,6110.47,No
CUST_03922,Male,0,No,Yes,40,Yes,Yes,No,No internet service,No internet service,No internet service,No internet service,No internet service,No internet service,Month-to-month,No,Bank transfer (automatic),24.25,1016.34,No
CUST_03923,Female,0,Yes,Yes,66,Yes,No,No,No internet service,No internet service,No internet service,No internet service,No internet service,No internet service,Month-to-month,No,Electronic check,47.37,3163.72,Yes
CUST_03924,Male,0,No,Yes,68,Yes,No,No,No internet service,No internet service,No internet service,No internet service,No internet service,No internet service,One year,No,Mailed check,75.42,5167.48,No
CUST_03925,Female,0,Yes,Yes,47,Yes,Yes,No,No internet service,No internet service,No internet service,No internet service,No internet service,No internet service,One year,No,Credit card (automatic),105.56,4969.72,No
CUST_03926,Female,0,No,Yes,2,Yes,No,Fiber optic,Yes,No,No,Yes,Yes,No,Two year,Yes,Credit card (automatic),76.86,167.04,No
CUST_03927,Male,1,No,No,42,Yes,Yes,No,No internet service,No internet service,No internet service,No internet service,No internet service,No internet service,Month-to-month,No,Bank transfer (automatic),40.04,1707.49,No
CUST_03928,Male,0,No,Yes,34,Yes,Yes,DSL,Yes,No,Yes,No,Yes,Yes,Two year,Yes,Electronic check,105.62,3591.8,No
CUST_03929,Male,0,No,No,21,Yes,No phone service,DSL,Yes,No,No,Yes,No,No,Month-to-month,No,Mailed check,78.81,1698.49,No
CUST_03930,Female,0,Yes,Yes,44,Yes,Yes,Fiber optic,Yes,Yes,Yes,No,Yes,No,Month-to-month,Yes,Mailed check,41.7,1873.66,No
CUST_03931,Female,0,Yes,No,2,Yes,No phone service,No,No internet service,No internet service,No internet service,No internet service,No internet service,No internet service,Month-to-month,No,Credit card (automatic),75.31,153.51,Yes
CUST_03932,Male,1,No,No,59,Yes,No,Fiber optic,Yes,No,Yes,Yes,Yes,Yes,Month-to-month,No,Electronic check,86.88,5168.4,No
CUST_03933,Male,1,Yes,Yes,16,No,No phone service,No,No internet service,No internet service,No internet service,No internet service,No internet service,No internet service,Month-to-month,No,Mailed check,87.41,1398.85,No
CUST_03934,Female,0,Yes,No,20,Yes,No phone service,Fiber optic,No,Yes,Yes,No,No,Yes,Two year,Yes,Electronic check,91.85,1842.68,No
CUST_03935,Male,0,No,No,26,Yes,Yes,Fiber optic,Yes,Yes,Yes,Yes,Yes,No,Two year,No,Bank transfer (automatic),109.37,2846.27,No
CUST_03936,Female,0,Yes,No,16,No,No phone service,No,No internet service,No internet service,No internet service,No internet service,No internet service,No internet service,Two year,Yes,Mailed check,102.13,1658.07,No
CUST_03937,Female,0,Yes,Yes,70,No,No phone service,DSL,No,Yes,No,No,No,No,Two year,Yes,Bank transfer (automatic),79.99,5638.16,No
CUST_03938,Male,0,Yes,Yes,23,Yes,No phone service,No,No internet service,No internet service,No internet service,No internet service,No internet service,No internet service,One year,Yes,Credit card (automatic),21.28,498.39,Yes
CUST_03939,Male,0,Yes,No,42,Yes,No phone service,Fiber optic,Yes,No,Yes,Yes,No,Yes,Month-to-month,Yes,Credit card (automatic),94.45,4005.53,No
CUST_03940,Male,0,No,Yes,37,Yes,No,Fiber optic,No,Yes,No,No,No,No,Two year,Yes,Electronic check,117.45,4354.74,No
CUST_03941,Male,0,No,Yes,72,No,No phone service,No,No internet service,No internet service,No internet service,No internet service,No internet service,No internet service,One year,No,Bank transfer (automatic),49.17,3589.61,No
CUST_03942,Female,0,Yes,No,6,Yes,No,Fiber optic,Yes,Yes,No,Yes,Yes,No,Month-to-month,No,Credit card (automatic),79.9,522.1,No
CUST_03943,Female,0,No,No,37,Yes,No,Fiber optic,No,No,Yes,Yes,Yes,No,One year,Yes,Credit card (automatic),96.4,3603.81,No
CUST_03944,Female,0,No,Yes,22,Yes,Yes,Fiber optic,No,No,No,Yes,No,Yes,Month-to-month,No,Mailed check,83.19,1859.7,No
CUST_03945,Male,0,No,Yes,6,Yes,No,DSL,Yes,No,No,Yes,No,No,One year,No,Mailed check,112.1,684.73,No
CUST_03946,Female,0,Yes,Yes,32,No,No phone service,Fiber optic,No,Yes,Yes,No,No,Yes,Two year,Yes,Mailed check,66.28,2126.95,Yes
CUST_03947,Male,1,Yes,No,17,Yes,No phone service,DSL,Yes,Yes,No,Yes,No,No,One year,Yes,Mailed check,72.25,1251.24,No
CUST_03948,Male,0,No,Yes,38,No,No phone service,No,No internet service,No internet service,No internet service,No internet service,No internet service,No internet service,Two year,Yes,Electronic check,21.9,852.36,No
CUST_03949,Male,0,No,Yes,17,Yes,No,DSL,No,No,No,Yes,No,Yes,Two year,Yes,Bank transfer (automatic),109.82,1900.71,No
CUST_03950,Male,0,Yes,Yes,37,No,No phone service,Fiber optic,Yes,Yes,No,Yes,No,Yes,Month-to-month,No,Electronic check,44.75,1664.36,No
CUST_03951,Male,0,No,No,23,Yes,Yes,No,No internet service,No internet service,No internet service,No internet service,No internet service,No internet service,Month-to-month,No,Mailed check,117.8,2737.48,No
CUST_03952,Male,1,Yes,No,49,Yes,No phone service,No,No internet service,No internet service,No internet service,No internet service,No internet service,No internet service,Month-to-month,Yes,Bank transfer (automatic),38.61,1926.8,Yes
CUST_03953,Female,0,No,No,61,No,No phone service,Fiber optic,No,Yes,Yes,Yes,No,Yes,Two year,No,Credit card (automatic),43.85,2689.95,No
CUST_03954,Male,0,Yes,Yes,49,Yes,No phone service,Fiber optic,No,No,Yes,No,No,Yes,Month-to-month,Yes,Mailed check,67.43,3343.16,No
CUST_03955,Female,1,Yes,Yes,61,Yes,No,DSL,No,Yes,No,Yes,Yes,No,One year,Yes,Bank transfer (automatic),85.37,5229.22,No
CUST_03956,Female,0,Yes,No,32,Yes,No phone service,DSL,Yes,No,No,Yes,No,Yes,Month-to-month,No,Bank transfer (automatic),62.95,2022.46,No
CUST_03957,Male,0,Yes,Yes,63,Yes,No phone service,DSL,No,No,Yes,No,No,No,One year,Yes,Mailed check,53.89,3404.51,No
CUST_03958,Male,0,No,Yes,7,Yes,No phone service,Fiber optic,Yes,Yes,No,No,No,Yes,Month-to-month,No,Electronic check,73.09,525.57,Yes
CUST_03959,Male,0,Yes,Yes,22,Yes,No,DSL,No,No,Yes,No,Yes,Yes,Month-to-month,No,Mailed check,115.75,2554.33,No
CUST_03960,Female,0,No,No,6,Yes,Yes,Fiber optic,No,Yes,No,No,Yes,Yes,Month-to-month,No,Bank transfer (automatic),116.12,724.86,Yes
CUST_03961,Male,0,Yes,Yes,61,Yes,Yes,DSL,Yes,No,Yes,Yes,No,No,One year,No,Electronic check,51.46,3186.55,No
CUST_03962,Female,0,Yes,Yes,14,Yes,No,Fiber optic,No,No,Yes,No,No,No,Month-to-month,No,Electronic check,87.38,1268.07,No
CUST_03963,Male,1,No,No,16,Yes,Yes,Fiber optic,No,Yes,Yes,No,Yes,Yes,Two year,No,Electronic check,91.64,1482.35,Yes
CUST_03964,Male,0,No,Yes,3,Yes,No phone service,No,No internet service,No internet service,No internet service,No internet service,No internet service,No internet service,Month-to-month,Yes,Electronic check,84.65,297.18,No
CUST_03965,Female,0,No,No,9,Yes,No,DSL,No,No,No,Yes,No,No,One year,No,Bank transfer (automatic),29.53,313.44,No
CUST_03966,Female,0,Yes,Yes,47,No,No phone service,DSL,Yes,Yes,Yes,Yes,No,Yes,Two year,No,Bank transfer (automatic),73.03,3446.95,No
CUST_03967,Male,0,Yes,No,42,Yes,Yes,DSL,Yes,Yes,Yes,Yes,No,No,One year,No,Mailed check,95.85,4071.03,Yes
CUST_03968,Female,0,No,No,42,Yes,Yes,DSL,No,Yes,No,No,Yes,Yes,Month-to-month,Yes,Bank transfer (automatic),38.48,1666.14,No
CUST_03969,Female,1,Yes,Yes,23,Yes,No phone service,Fiber optic,Yes,Yes,No,Yes,Yes,No,Two year,No,Mailed check,53.52,1270.78,No
CUST_03970,Female,0,No,Yes,3,Yes,No,DSL,Yes,No,Yes,Yes,Yes,No,Month-to-month,Yes,Credit card (automatic),38.79,135.87,Yes
CUST_03971,Female,0,Yes,No,1,Yes,Yes,DSL,No,No,No,Yes,Yes,Yes,Month-to-month,No,Bank transfer (automatic),108.47,138.89,Yes
CUST_03972,Female,0,Yes,Yes,67,Yes,No,No,No internet service,No internet service,No internet service,No internet service,No internet service,No internet service,Month-to-month,No,Mailed check,105.57,7091.41,Yes
CUST_03973,Male,0,Yes,No,71,Yes,No phone service,Fiber optic,Yes,No,Yes,Yes,No,No,Month-to-month,Yes,Electronic check,35.26,2553.17,Yes
CUST_03974,Male,1,No,Yes,3,Yes,No phone service,DSL,Yes,No,Yes,Yes,No,Yes,One year,Yes,Electronic check,95.58,290.12,No
CUST_03975,Female,0,Yes,Yes,49,Yes,No phone service,DSL,Yes,No,Yes,No,No,Yes,One year,No,Bank transfer (automatic),55.13,2745.81,No
CUST_03976,Male,1,No,Yes,67,Yes,No,DSL,Yes,No,No,Yes,Yes,Yes,Month-to-month,No,Credit card (automatic),87.99,5899.02,No
CUST_03977,Male,0,No,Yes,55,No,No phone service,Fiber optic,Yes,No,No,No,No,Yes,Month-to-month,No,Electronic check,68.32,3759.91,No
CUST_03978,Female,0,Yes,No,4,Yes,No,Fiber optic,Yes,No,No,Yes,Yes,No,Month-to-month,Yes,Mailed check,66.14,311.56,No
CUST_03979,Male,0,No,No,31,Yes,No,Fiber optic,No,Yes,Yes,No,Yes,No,Month-to-month,No,Mailed check,107.89,3387.99,No
CUST_03980,Female,0,No,Yes,66,Yes,No,DSL,No,No,Yes,Yes,No,No,Month-to-month,No,Electronic check,82.97,5494.12,No
CUST_03981,Female,0,Yes,Yes,64,Yes,No phone service,Fiber optic,Yes,No,No,No,No,No,Month-to-month,No,Electronic check,42.05,2738.97,Yes
CUST_03982,Male,0,No,Yes,31,Yes,No phone service,Fiber optic,No,Yes,Yes,No,No,No,One year,No,Electronic check,29.3,951.31,No
CUST_03983,Female,0,No,Yes,63,Yes,No phone service,Fiber optic,No,Yes,No,No,No,Yes,One year,No,Credit card (automatic),113.21,7177.17,No
CUST_03984,Female,0,Yes,Yes,66,Yes,Yes,No,No internet service,No internet service,No internet service,No internet service,No internet service,No internet service,Month-to-month,Yes,Credit card (automatic),33.65,2250.35,No
CUST_03985,Female,0,Yes,No,31,Yes,No phone service,DSL,Yes,No,Yes,Yes,Yes,No,Two year,Yes,Bank transfer (automatic),92.88,2927.07,No
CUST_03986,Female,0,Yes,No,47,Yes,No,DSL,Yes,No,Yes,No,Yes,Yes,Month-to-month,No,Mailed check,68.58,3263.58,No
CUST_03987,Female,1,No,Yes,22,Yes,No phone service,No,No internet service,No internet service,No internet service,No internet service,No internet service,No internet service,One year,No,Bank transfer (automatic),32.29,757.3,No
CUST_03988,Male,0,No,No,46,Yes,Yes,DSL,Yes,Yes,Yes,Yes,No,Yes,Month-to-month,Yes,Bank transfer (automatic),97.22,4486.14,Yes
CUST_03989,Male,0,Yes,No,58,Yes,Yes,DSL,No,Yes,Yes,No,No,No,One year,Yes,Mailed check,110.26,6421.54,No
CUST_03990,Female,0,No,Yes,61,Yes,Yes,Fiber optic,No,Yes,Yes,No,No,Yes,Month-to-month,No,Mailed check,30.39,1897.4,Yes
CUST_03991,Female,0,Yes,No,46,Yes,Yes,Fiber optic,Yes,Yes,Yes,No,No,No,One year,Yes,Mailed check,24.84,1171.77,No
CUST_03992,Male,0,Yes,No,1,No,No phone service,No,No internet service,No internet service,No internet service,No internet service,No internet service,No internet service,Month-to-month,No,Bank transfer (automatic),104.68,144.74,No
CUST_03993,Female,0,Yes,No,25,Yes,No,DSL,Yes,Yes,Yes,Yes,No,No,Month-to-month,No,Credit card (automatic),69.1,1776.09,No
CUST_03994,Male,0,No,No,61,Yes,No phone service,DSL,Yes,No,No,Yes,No,Yes,Two year,No,Mailed check,86.8,5335.19,Yes
CUST_03995,Female,1,No,Yes,14,Yes,No,DSL,No,No,Yes,Yes,No,Yes,Two year,Yes,Electronic check,63.03,898.2,No
CUST_03996,Female,0,Yes,No,45,Yes,No,Fiber optic,Yes,No,No,No,No,No,Month-to-month,No,Credit card (automatic),60.07,2708.98,Yes
CUST_03997,Female,0,Yes,No,39,Yes,Yes,DSL,Yes,Yes,No,No,No,No,Month-to-month,Yes,Credit card (automatic),48.57,1907.68,No
CUST_03998,Female,0,No,No,66,Yes,No phone service,Fiber optic,Yes,No,No,Yes,Yes,Yes,Month-to-month,Yes,Credit card (automatic),75.42,5010.77,No
CUST_03999,Female,0,Yes,Yes,32,Yes,No phone service,DSL,Yes,Yes,Yes,No,No,Yes,Month-to-month,Yes,Credit card (automatic),34.3,1098.16,Yes
CUST_04000,Female,0,No,No,58,Yes,No phone service,DSL,Yes,Yes,No,Yes,No,No,Month-to-month,Yes,Mailed check,91.16,5296.62,Yes
CUST_04001,Female,0,Yes,No,56,Yes,Yes,Fiber optic,Yes,No,Yes,No,No,Yes,Month-to-month,Yes,Bank transfer (automatic),74.04,4162.69,No
CUST_04002,Male,0,Yes,No,6,Yes,No,No,No internet service,No internet service,No internet service,No internet service,No internet service,No internet service,Two year,Yes,Electronic check,104.45,670.44,No
CUST_04003,Male,0,No,Yes,67,Yes,No phone service,No,No internet service,No internet service,No internet service,No internet service,No internet service,No internet service,One year,Yes,Electronic check,111.94,7502.76,No
CUST_04004,Male,0,No,Yes,50,Yes,No,No,No internet service,No internet service,No internet service,No internet service,No internet service,No internet service,Two year,Yes,Bank transfer (automatic),109.86,5495.49,Yes
CUST_04005,Female,0,No,Yes,38,Yes,No phone service,Fiber optic,Yes,Yes,Yes,Yes,Yes,Yes,Two year,Yes,Bank transfer (automatic),79.33,3041.96,No
CUST_04006,Female,0,No,Yes,3,Yes,No phone service,DSL,Yes,No,No,No,No,Yes,One year,Yes,Credit card (automatic),50.51,160.42,No
CUST_04007,Female,0,No,Yes,5,Yes,No phone service,DSL,No,Yes,No,Yes,No,Yes,Month-to-month,Yes,Mailed check,54.43,284.27,Yes
CUST_04008,Female,1,Yes,No,24,Yes,No phone service,Fiber optic,No,Yes,Yes,Yes,No,Yes,Two year,Yes,Electronic check,84.56,2038.62,No
CUST_04009,Female,1,Yes,Yes,54,Yes,Yes,DSL,Yes,No,No,No,No,No,One year,No,Credit card (automatic),90.62,4922.6,No
CUST_04010,Female,0,No,No,34,No,No phone service,DSL,Yes,Yes,No,Yes,Yes,Yes,Month-to-month,Yes,Credit card (automatic),34.45,1174.12,No
CUST_04011,Female,0,No,Yes,39,Yes,No,DSL,No,No,No,Yes,Yes,Yes,Two year,No,Mailed check,119.79,4718.84,Yes
CUST_04012,Male,0,Yes,Yes,48,Yes,Yes,Fiber optic,No,Yes,No,No,Yes,Yes,Month-to-month,Yes,Electronic check,28.97,1396.49,Yes
CUST_04013,Female,0,Yes,Yes,49,Yes,No phone service,DSL,No,Yes,No,No,Yes,Yes,One year,No,Bank transfer (automatic),79.92,3963.83,No
CUST_04014,Male,0,No,No,34,Yes,No,DSL,No,Yes,No,Yes,No,No,Month-to-month,Yes,Credit card (automatic),72.16,2492.5,Yes
CUST_04015,Male,0,No,No,7,Yes,No,Fiber optic,Yes,No,Yes,No,No,No,Two year,Yes,Electronic check,78.28,589.37,Yes
CUST_04016,Female,0,Yes,No,18,Yes,No,DSL,No,No,No,Yes,Yes,No,Two year,No,Electronic check,72.44,1312.63,No
CUST_04017,Female,0,No,Yes,70,Yes,No phone service,Fiber optic,Yes,No,Yes,Yes,Yes,Yes,One year,Yes,Credit card (automatic),23.91,1706.96,Yes
CUST_04018,Male,0,Yes,Yes,34,Yes,No phone service,Fiber optic,No,No,Yes,No,Yes,No,One year,No,Electronic check,119.58,4106.72,Yes
CUST_04019,Male,1,Yes,Yes,51,Yes,No,DSL,Yes,Yes,Yes,Yes,Yes,No,Two year,Yes,Mailed check,118.09,6050.5,No
CUST_04020,Female,0,No,Yes,68,Yes,Yes,Fiber optic,No,No,Yes,No,No,No,Month-to-month,Yes,Electronic check,71.48,4888.46,No
CUST_04021,Female,0,Yes,Yes,14,No,No phone service,DSL,Yes,Yes,No,No,Yes,Yes,Two year,Yes,Mailed check,39.25,557.49,No
CUST_04022,Male,0,Yes,Yes,69,No,No phone service,Fiber optic,No,No,No,No,Yes,Yes,Month-to-month,No,Credit card (automatic),36.66,2550.26,Yes
CUST_04023,Female,0,Yes,No,8,Yes,Yes,Fiber optic,No,Yes,Yes,Yes,Yes,No,Two year,No,Electronic check,23.82,198.08,Yes
CUST_04024,Female,0,No,No,15,Yes,No,No,No internet service,No internet service,No internet service,No internet service,No internet service,No internet service,One year,No,Mailed check,80.41,1254.79,No
CUST_04025,Female,0,Yes,Yes,59,Yes,Yes,Fiber optic,No,Yes,No,No,No,Yes,Month-to-month,Yes,Mailed check,66.78,3974.27,No
CUST_04026,Male,1,No,No,11,Yes,No phone service,DSL,Yes,Yes,No,No,Yes,Yes,Month-to-month,No,Electronic check,60.46,667.52,No
CUST_04027,Male,0,Yes,No,20,Yes,No,Fiber optic,No,Yes,No,No,Yes,No,Month-to-month,Yes,Credit card (automatic),71.57,1455.27,No
CUST_04028,Male,0,Yes,No,55,Yes,No,DSL,No,Yes,Yes,No,Yes,Yes,Two year,Yes,Bank transfer (automatic),107.03,5918.6,No
CUST_04029,Female,0,Yes,Yes,36,Yes,Yes,Fiber optic,No,No,Yes,Yes,Yes,No,Month-to-month,No,Bank transfer (automatic),25.21,912.46,No
CUST_04030,Female,0,Yes,Yes,14,No,No phone service,DSL,Yes,Yes,Yes,Yes,Yes,Yes,Month-to-month,No,Electronic check,73.5,1062.21,No
CUST_04031,Male,0,Yes,Yes,58,No,No phone service,Fiber optic,Yes,No,No,No,No,No,Month-to-month,Yes,Electronic check,89.5,5200.08,No
CUST_04032,Male,1,No,Yes,38,Yes,No,DSL,No,No,Yes,Yes,Yes,No,Month-to-month,Yes,Bank transfer (automatic),117.01,4466.78,Yes
CUST_04033,Male,1,No,No,1,No,No phone service,Fiber optic,Yes,No,Yes,No,Yes,No,Month-to-month,Yes,Credit card (automatic),93.45,124.73,Yes
CUST_04034,Female,0,Yes,Yes,65,Yes,No,Fiber optic,Yes,Yes,No,No,Yes,No,Month-to-month,No,Mailed check,73.91,4822.25,No
CUST_04035,Male,0,No,Yes,1,Yes,No,DSL,Yes,Yes,No,Yes,Yes,No,Two year,No,Bank transfer (automatic),96.21,115.25,No
CUST_04036,Male,0,No,Yes,60,Yes,No,No,No internet service,No internet service,No internet service,No internet service,No internet service,No internet service,One year,No,Credit card (automatic),119.7,7224.18,No
CUST_04037,Female,0,Yes,No,25,Yes,No phone service,Fiber optic,Yes,Yes,No,No,No,Yes,Two year,No,Bank transfer (automatic),108.65,2731.74,Yes
CUST_04038,Female,1,No,No,10,Yes,Yes,DSL,Yes,Yes,No,Yes,No,Yes,One year,No,Credit card (automatic),27.09,303.64,No
CUST_04039,Female,0,No,No,50,No,No phone service,DSL,No,No,Yes,No,Yes,No,Month-to-month,No,Bank transfer (automatic),76.63,3874.08,No
CUST_04040,Male,0,No,No,12,Yes,Yes,Fiber optic,No,Yes,Yes,No,No,Yes,Two year,Yes,Credit card (automatic),98.22,1186.28,Yes
CUST_04041,Female,0,No,No,32,Yes,Yes,DSL,No,No,No,Yes,Yes,Yes,Month-to-month,No,Credit card (automatic),86.53,2771.3,No
CUST_04042,Female,0,Yes,Yes,33,Yes,Yes,No,No internet service,No internet service,No internet service,No internet service,No internet service,No internet service,Month-to-month,No,Credit card (automatic),60.53,2038.79,No
CUST_04043,Male,1,No,No,72,Yes,Yes,DSL,No,Yes,No,Yes,No,No,Month-to-month,Yes,Mailed check,50.89,3691.59,No
CUST_04044,Female,0,Yes,No,26,Yes,Yes,DSL,Yes,No,Yes,Yes,No,No,One year,Yes,Credit card (automatic),81.95,2172.2,No
CUST_04045,Male,0,Yes,Yes,42,Yes,No,No,No internet service,No internet service,No internet service,No internet service,No internet service,No internet service,Month-to-month,Yes,Bank transfer (automatic),60.06,2533.24,Yes
CUST_04046,Male,0,No,Yes,50,Yes,No phone service,No,No internet service,No internet service,No internet service,No internet service,No internet service,No internet service,One year,No,Credit card (automatic),57.98,2940.82,No
CUST_04047,Female,0,Yes,Yes,61,Yes,Yes,DSL,No,Yes,Yes,No,No,No,Two year,Yes,Credit card (automatic),103.35,6308.97,Yes
CUST_04048,Female,0,No,No,41,Yes,No phone service,Fiber optic,No,No,No,Yes,No,No,One year,No,Electronic check,50.2,2102.23,No
CUST_04049,Female,0,Yes,Yes,57,Yes,No phone service,DSL,No,Yes,No,Yes,Yes,Yes,Month-to-month,No,Credit card (automatic),83.78,4816.71,Yes
CUST_04050,Female,0,No,No,2,Yes,No,Fiber optic,No,Yes,No,Yes,No,Yes,One year,Yes,Credit card (automatic),107.09,242.55,No
CUST_04051,Female,0,No,Yes,70,Yes,Yes,No,No internet service,No internet service,No internet service,No internet service,No internet service,No internet service,Two year,No,Electronic check,81.42,5729.87,No
CUST_04052,Female,0,Yes,No,31,Yes,No phone service,DSL,Yes,Yes,Yes,Yes,No,Yes,Month-to-month,Yes,Mailed check,68.26,2133.49,No
CUST_04053,Male,0,No,No,23,No,No phone service,DSL,No,Yes,No,No,Yes,Yes,Month-to-month,No,Credit card (automatic),21.6,506.9,No
CUST_04054,Male,0,No,No,54,Yes,Yes,DSL,Yes,Yes,Yes,Yes,Yes,Yes,Month-to-month,Yes,Electronic check,87.52,4748.87,Yes
CUST_04055,Female,0,No,No,28,No,No phone service,DSL,Yes,No,Yes,Yes,No,Yes,Month-to-month,No,Credit card (automatic),119.75,3385.81,No
CUST_04056,Male,0,No,Yes,19,No,No phone service,DSL,Yes,Yes,No,No,No,Yes,One year,No,Mailed check,100.46,1958.66,No
CUST_04057,Female,0,Yes,Yes,48,No,No phone service,No,No internet service,No internet service,No internet service,No internet service,No internet service,No internet service,One year,Yes,Bank transfer (automatic),82.72,4011.21,No
CUST_04058,Male,0,Yes,No,2,Yes,No phone service,DSL,Yes,Yes,No,No,Yes,No,Month-to-month,Yes,Credit card (automatic),65.85,153.42,No
CUST_04059,Male,0,Yes,Yes,11,Yes,No,Fiber optic,Yes,No,No,Yes,No,No,One year,No,Bank transfer (automatic),40.88,486.85,Yes
CUST_04060,Male,1,No,No,44,Yes,No,Fiber optic,No,Yes,No,No,Yes,No,One year,No,Electronic check,88.6,3903.59,No
CUST_04061,Female,0,Yes,Yes,59,Yes,No phone service,Fiber optic,Yes,No,No,Yes,No,Yes,One year,No,Credit card (automatic),36.08,2149.75,Yes
CUST_04062,Male,0,No,Yes,59,Yes,No phone service,Fiber optic,Yes,No,Yes,Yes,Yes,Yes,Month-to-month,Yes,Electronic check,108.48,6421.5,Yes
CUST_04063,Female,0,No,No,38,Yes,No phone service,DSL,Yes,Yes,No,No,Yes,No,Month-to-month,Yes,Bank transfer (automatic),54.11,2106.0,No
CUST_04064,Male,0,No,No,25,No,No phone service,Fiber optic,No,No,Yes,No,No,Yes,Month-to-month,Yes,Credit card (automatic),58.78,1489.03,Yes
CUST_04065,Male,0,Yes,Yes,21,Yes,Yes,DSL,Yes,No,Yes,Yes,No,Yes,Two year,Yes,Bank transfer (automatic),40.04,844.93,No
CUST_04066,Male,0,Yes,No,42,Yes,No phone service,Fiber optic,Yes,Yes,Yes,No,No,No,Two year,No,Electronic check,67.13,2822.8,No
CUST_04067,Male,0,Yes,Yes,36,Yes,No,DSL,No,Yes,No,Yes,Yes,No,Month-to-month,No,Mailed check,87.41,3181.55,No
CUST_04068,Male,0,Yes,Yes,9,Yes,No phone service,Fiber optic,No,No,No,No,No,No,Month-to-month,No,Mailed check,48.88,454.41,Yes
CUST_04069,Female,0,No,Yes,12,Yes,No phone service,Fiber optic,No,Yes,No,No,No,Yes,Two year,No,Mailed check,89.59,1118.49,Yes
CUST_04070,Female,0,Yes,No,10,Yes,Yes,Fiber optic,Yes,No,No,Yes,Yes,No,Month-to-month,Yes,Electronic check,81.3,837.14,No
CUST_04071,Male,0,Yes,No,59,Yes,Yes,DSL,No,Yes,No,Yes,Yes,No,Month-to-month,Yes,Mailed check,55.98,3319.55,No
CUST_04072,Male,0,Yes,Yes,5,Yes,No phone service,DSL,No,No,No,No,No,Yes,Month-to-month,Yes,Credit card (automatic),49.91,287.49,Yes
CUST_04073,Male,0,Yes,No,33,Yes,Yes,No,No internet service,No internet service,No internet service,No internet service,No internet service,No internet service,Month-to-month,Yes,Mailed check,105.86,3514.11,Yes
CUST_04074,Male,1,No,No,69,Yes,Yes,DSL,Yes,No,Yes,No,No,Yes,Month-to-month,No,Bank transfer (automatic),19.22,1362.87,Yes
CUST_04075,Female,0,Yes,Yes,63,Yes,Yes,DSL,No,No,Yes,Yes,Yes,Yes,Month-to-month,No,Credit card (automatic),91.02,5770.11,Yes
CUST_04076,Male,0,Yes,No,29,Yes,Yes,Fiber optic,Yes,Yes,No,Yes,Yes,Yes,One year,Yes,Bank transfer (automatic),60.56,1792.4,No
CUST_04077,Female,1,Yes,No,18,Yes,No phone service,No,No internet service,No internet service,No internet service,No internet service,No internet service,No internet service,Two year,No,Bank transfer (automatic),91.2,1684.54,Yes
CUST_04078,Male,0,No,Yes,6,Yes,Yes,DSL,No,Yes,Yes,Yes,Yes,Yes,Month-to-month,No,Bank transfer (automatic),69.77,461.02,Yes
CUST_04079,Female,0,Yes,No,53,Yes,Yes,Fiber optic,Yes,Yes,No,No,No,No,Month-to-month,No,Bank transfer (automatic),26.55,1440.58,Yes
CUST_04080,Male,0,Yes,Yes,32,Yes,No,Fiber optic,Yes,No,Yes,No,Yes,No,Month-to-month,Yes,Credit card (automatic),118.17,3829.27,Yes
CUST_04081,Male,1,Yes,No,42,Yes,No phone service,DSL,Yes,No,Yes,Yes,No,Yes,Month-to-month,No,Electronic check,26.78,1125.66,Yes
CUST_04082,Female,1,No,No,47,Yes,Yes,Fiber optic,No,No,No,Yes,Yes,Yes,One year,Yes,Credit card (automatic),34.16,1652.06,No
CUST_04083,Male,0,No,Yes,31,Yes,No,No,No internet service,No internet service,No internet service,No internet service,No internet service,No internet service,Month-to-month,Yes,Mailed check,60.87,1894.51,Yes
CUST_04084,Male,0,Yes,Yes,62,Yes,Yes,No,No internet service,No internet service,No internet service,No internet service,No internet service,No internet service,Month-to-month,No,Mailed check,114.35,7100.38,No
CUST_04085,Male,0,Yes,No,56,Yes,No phone service,DSL,Yes,No,Yes,No,Yes,Yes,One year,Yes,Electronic check,47.89,2722.9,No
CUST_04086,Female,0,No,Yes,11,Yes,No,Fiber optic,No,No,No,No,No,No,Two year,Yes,Mailed check,76.0,856.06,No
CUST_04087,Male,0,No,Yes,26,Yes,No,Fiber optic,Yes,Yes,Yes,No,No,Yes,Month-to-month,Yes,Credit card (automatic),71.19,1872.11,Yes
CUST_04088,Male,0,No,No,27,Yes,No phone service,DSL,Yes,Yes,No,Yes,No,Yes,Month-to-month,Yes,Mailed check,51.68,1408.29,Yes
CUST_04089,Female,0,No,Yes,57,Yes,No,Fiber optic,No,No,No,No,No,No,One year,Yes,Mailed check,89.03,5085.7,Yes
CUST_04090,Female,0,No,No,27,Yes,No,DSL,Yes,No,No,No,No,Yes,Month-to-month,Yes,Bank transfer (automatic),69.15,1872.34,No
CUST_04091,Female,0,Yes,No,59,Yes,Yes,DSL,No,No,No,No,No,Yes,Month-to-month,Yes,Credit card (automatic),76.99,4551.97,Yes
CUST_04092,Male,0,Yes,Yes,62,Yes,No,DSL,No,No,Yes,No,Yes,No,Two year,Yes,Bank transfer (automatic),39.44,2473.36,Yes
CUST_04093,Male,0,Yes,No,20,Yes,No phone service,DSL,Yes,No,No,No,No,No,Month-to-month,Yes,Electronic check,112.51,2285.49,Yes
CUST_04094,Male,1,Yes,Yes,3,Yes,Yes,Fiber optic,No,No,No,No,No,No,Two year,Yes,Credit card (automatic),29.28,124.78,Yes
CUST_04095,Female,0,No,No,16,No,No phone service,DSL,Yes,No,Yes,No,No,Yes,One year,No,Bank transfer (automatic),88.41,1433.03,Yes
CUST_04096,Male,0,No,Yes,44,Yes,Yes,Fiber optic,No,No,Yes,No,Yes,No,Month-to-month,No,Credit card (automatic),108.36,4814.0,Yes
CUST_04097,Male,0,No,Yes,30,No,No phone service,DSL,No,No,Yes,No,Yes,Yes,One year,Yes,Mailed check,26.57,813.54,No
CUST_04098,Female,0,No,No,40,Yes,No,Fiber optic,No,No,No,No,Yes,Yes,One year,Yes,Electronic check,20.93,842.87,No
CUST_04099,Female,1,No,Yes,65,Yes,No phone service,No,No internet service,No internet service,No internet service,No internet service,No internet service,No internet service,Month-to-month,No,Mailed check,51.98,3426.07,Yes
CUST_04100,Female,0,Yes,Yes,29,Yes,No phone service,DSL,Yes,Yes,Yes,Yes,Yes,Yes,Month-to-month,Yes,Mailed check,98.57,2885.7,No
CUST_04101,Female,0,Yes,Yes,30,No,No phone service,Fiber optic,Yes,No,No,Yes,Yes,No,One year,Yes,Credit card (automatic),91.17,2783.71,No
CUST_04102,Female,0,Yes,No,32,Yes,No,Fiber optic,Yes,No,Yes,No,Yes,Yes,One year,No,Electronic check,101.86,3279.2,No
CUST_04103,Male,0,Yes,No,10,Yes,Yes,Fiber optic,No,No,Yes,No,No,No,Month-to-month,No,Credit card (automatic),58.54,623.32,Yes
CUST_04104,Female,0,Yes,Yes,51,Yes,No phone service,DSL,Yes,No,Yes,No,Yes,No,Month-to-month,No,Mailed check,119.36,6093.03,No
CUST_04105,Male,0,No,Yes,8,Yes,No,Fiber optic,Yes,No,Yes,No,Yes,No,Two year,Yes,Electronic check,55.34,485.45,Yes
CUST_04106,Male,0,No,No,51,Yes,No phone service,DSL,No,Yes,No,No,No,No,One year,No,Electronic check,100.15,5116.14,No
CUST_04107,Female,0,No,No,36,Yes,No,DSL,Yes,No,No,Yes,No,No,One year,No,Mailed check,53.78,1939.6,No
CUST_04108,Female,0,No,No,55,Yes,No phone service,Fiber optic,Yes,Yes,No,No,Yes,No,One year,No,Credit card (automatic),40.28,2220.36,No
CUST_04109,Female,1,No,Yes,35,Yes,Yes,DSL,No,No,Yes,No,No,No,Month-to-month,Yes,Mailed check,52.34,1859.78,Yes
CUST_04110,Male,0,Yes,No,36,No,No phone service,Fiber optic,Yes,No,Yes,No,Yes,No,Two year,No,Mailed check,37.65,1370.11,No
CUST_04111,Female,1,Yes,Yes,56,Yes,No,Fiber optic,Yes,No,Yes,No,No,No,Month-to-month,No,Mailed check,31.17,1793.53,Yes
CUST_04112,Female,0,Yes,No,36,No,No phone service,Fiber optic,Yes,No,No,No,Yes,Yes,One year,Yes,Credit card (automatic),55.12,2027.11,No
CUST_04113,Female,0,No,Yes,61,Yes,Yes,DSL,Yes,No,Yes,No,No,No,Month-to-month,Yes,Electronic check,32.97,2051.52,No
CUST_04114,Female,0,No,No,62,Yes,No,No,No internet service,No internet service,No internet service,No internet service,No internet service,No internet service,Two year,Yes,Bank transfer (automatic),69.24,4333.21,No
CUST_04115,Female,0,No,Yes,25,Yes,Yes,Fiber optic,No,No,No,No,No,Yes,One year,Yes,Mailed check,21.61,584.84,No
CUST_04116,Male,0,No,No,64,Yes,No phone service,DSL,Yes,No,Yes,Yes,Yes,Yes,One year,Yes,Electronic check,62.0,4010.97,No
CUST_04117,Male,0,Yes,No,60,Yes,No phone service,DSL,Yes,Yes,Yes,No,Yes,No,Two year,Yes,Bank transfer (automatic),115.72,6989.4,No
CUST_04118,Male,0,No,Yes,57,Yes,No,Fiber optic,Yes,No,Yes,No,Yes,No,Two year,Yes,Electronic check,54.6,3159.04,No
CUST_04119,Female,0,Yes,No,70,Yes,No phone service,No,No internet service,No internet service,No internet service,No internet service,No internet service,No internet service,Month-to-month,No,Credit card (automatic),32.04,2257.68,Yes
CUST_04120,Female,0,No,No,52,Yes,No,Fiber optic,Yes,No,Yes,Yes,No,No,Month-to-month,No,Bank transfer (automatic),49.13,2565.74,No
CUST_04121,Female,0,Yes,No,56,Yes,Yes,Fiber optic,Yes,No,Yes,No,Yes,Yes,One year,Yes,Bank transfer (automatic),98.71,5559.93,No
CUST_04122,Male,0,No,No,63,Yes,No phone service,DSL,Yes,No,Yes,Yes,No,No,Two year,No,Bank transfer (automatic),49.99,3155.74,Yes
CUST_04123,Female,0,No,Yes,68,No,No phone service,DSL,Yes,Yes,Yes,No,Yes,No,Month-to-month,No,Mailed check,57.12,3894.49,Yes
CUST_04124,Female,0,Yes,Yes,20,Yes,No phone service,DSL,No,No,Yes,No,Yes,Yes,Month-to-month,Yes,Bank transfer (automatic),98.46,2007.77,No
CUST_04125,Female,0,Yes,No,54,Yes,Yes,Fiber optic,Yes,Yes,No,No,Yes,No,One year,No,Credit card (automatic),44.58,2439.63,No
CUST_04126,Male,0,No,Yes,1,Yes,Yes,DSL,Yes,Yes,Yes,No,No,No,Month-to-month,No,Credit card (automatic),66.79,99.33,Yes
CUST_04127,Female,0,Yes,Yes,10,Yes,No phone service,DSL,Yes,No,No,Yes,Yes,Yes,One year,No,Bank transfer (automatic),24.44,291.96,No
CUST_04128,Male,0,No,Yes,23,Yes,Yes,DSL,No,Yes,No,No,Yes,Yes,Month-to-month,No,Electronic check,35.76,855.75,No
CUST_04129,Female,0,No,Yes,51,No,No phone service,No,No internet service,No internet service,No internet service,No internet service,No internet service,No internet service,One year,No,Mailed check,39.36,2029.09,No
CUST_04130,Male,0,Yes,Yes,24,Yes,No phone service,Fiber optic,No,Yes,No,Yes,Yes,No,Two year,No,Electronic check,65.29,1580.86,No
CUST_04131,Male,0,No,No,13,Yes,No phone service,DSL,Yes,No,No,No,Yes,Yes,Month-to-month,No,Mailed check,101.74,1339.55,No
CUST_04132,Male,0,No,Yes,29,Yes,Yes,No,No internet service,No internet service,No internet service,No internet service,No internet service,No internet service,Month-to-month,Yes,Mailed check,54.16,1584.53,No
CUST_04133,Female,0,Yes,No,58,Yes,No,DSL,Yes,No,No,Yes,No,Yes,One year,Yes,Credit card (automatic),56.81,3296.71,No
CUST_04134,Female,0,No,Yes,43,No,No phone service,DSL,Yes,Yes,No,No,Yes,Yes,Month-to-month,No,Mailed check,48.7,2107.29,No
CUST_04135,Male,0,No,No,10,Yes,No phone service,DSL,No,Yes,No,Yes,Yes,No,Two year,No,Bank transfer (automatic),50.69,548.67,Yes
CUST_04136,Male,0,No,No,31,Yes,Yes,DSL,No,No,No,Yes,Yes,Yes,Month-to-month,Yes,Mailed check,59.16,1870.29,No
CUST_04137,Female,1,No,No,14,Yes,Yes,DSL,Yes,Yes,Yes,No,Yes,Yes,One year,No,Credit card (automatic),109.74,1567.44,No
CUST_04138,Female,0,Yes,Yes,34,Yes,No,Fiber optic,Yes,Yes,No,No,No,Yes,Two year,Yes,Credit card (automatic),20.49,741.65,No
CUST_04139,Male,0,Yes,Yes,17,Yes,No,Fiber optic,Yes,Yes,Yes,Yes,No,No,Month-to-month,No,Mailed check,81.71,1402.24,No
CUST_04140,Female,0,Yes,No,21,Yes,Yes,Fiber optic,Yes,Yes,No,Yes,Yes,Yes,Two year,No,Mailed check,108.54,2308.3,No
CUST_04141,Female,0,No,No,67,Yes,No,Fiber optic,No,No,No,Yes,No,No,Month-to-month,Yes,Mailed check,60.53,4057.07,Yes
CUST_04142,Female,0,Yes,Yes,58,No,No phone service,Fiber optic,Yes,Yes,Yes,Yes,No,Yes,One year,Yes,Electronic check,84.39,4939.41,No
CUST_04143,Female,0,Yes,Yes,8,Yes,No phone service,DSL,No,No,No,Yes,Yes,No,Month-to-month,No,Bank transfer (automatic),77.74,644.33,No
CUST_04144,Male,1,Yes,No,38,Yes,Yes,Fiber optic,No,No,No,No,Yes,Yes,Month-to-month,No,Mailed check,52.54,2005.43,No
CUST_04145,Female,0,No,Yes,26,Yes,Yes,Fiber optic,No,Yes,Yes,Yes,Yes,No,One year,Yes,Bank transfer (automatic),32.02,844.4,Yes
CUST_04146,Female,0,Yes,Yes,64,Yes,Yes,No,No internet service,No internet service,No internet service,No internet service,No internet service,No internet service,Month-to-month,No,Credit card (automatic),40.4,2628.07,No
CUST_04147,Male,1,Yes,Yes,30,Yes,No phone service,DSL,Yes,No,Yes,No,Yes,Yes,Month-to-month,No,Bank transfer (automatic),23.86,721.22,No
CUST_04148,Male,1,No,Yes,9,Yes,No,DSL,No,No,Yes,No,No,Yes,Month-to-month,No,Mailed check,96.0,910.28,No
CUST_04149,Female,0,No,Yes,32,No,No phone service,Fiber optic,No,No,Yes,Yes,No,No,One year,Yes,Credit card (automatic),72.35,2333.76,No
CUST_04150,Female,1,No,Yes,11,Yes,No,Fiber optic,No,Yes,Yes,No,No,Yes,Month-to-month,No,Mailed check,98.13,1092.04,No
CUST_04151,Female,0,No,No,34,Yes,Yes,DSL,Yes,Yes,Yes,Yes,No,Yes,Month-to-month,Yes,Bank transfer (automatic),47.6,1634.99,No
CUST_04152,Female,1,No,No,18,Yes,Yes,Fiber optic,Yes,Yes,Yes,No,Yes,No,One year,No,Bank transfer (automatic),100.08,1821.83,No
CUST_04153,Male,0,No,No,19,No,No phone service,DSL,No,No,No,No,No,Yes,Month-to-month,No,Electronic check,49.54,968.64,Yes
CUST_04154,Male,0,Yes,No,54,Yes,No phone service,No,No internet service,No internet service,No internet service,No internet service,No internet service,No internet service,Month-to-month,No,Bank transfer (automatic),30.38,1669.65,Yes
CUST_04155,Male,0,Yes,No,37,Yes,No phone service,DSL,Yes,No,No,No,No,Yes,One year,No,Credit card (automatic),72.45,2702.99,No
CUST_04156,Female,0,No,No,12,Yes,No phone service,DSL,Yes,No,No,No,Yes,Yes,One year,Yes,Mailed check,114.42,1395.36,No
CUST_04157,Female,0,No,Yes,4,Yes,No phone service,DSL,No,No,No,Yes,No,No,One year,Yes,Bank transfer (automatic),60.27,255.34,No
CUST_04158,Female,0,Yes,Yes,43,No,No phone service,Fiber optic,Yes,No,Yes,Yes,No,No,One year,No,Mailed check,70.57,3053.69,No
CUST_04159,Female,0,No,No,27,Yes,No,DSL,Yes,No,Yes,No,No,No,Month-to-month,No,Electronic check,64.03,1752.21,Yes
CUST_04160,Male,0,No,No,51,Yes,No phone service,Fiber optic,No,Yes,No,No,Yes,No,One year,No,Mailed check,64.66,3327.46,No
CUST_04161,Male,0,Yes,No,5,Yes,Yes,No,No internet service,No internet service,No internet service,No internet service,No internet service,No internet service,Month-to-month,Yes,Mailed check,39.86,205.86,No
CUST_04162,Female,0,No,Yes,6,Yes,Yes,DSL,Yes,Yes,Yes,No,No,No,Month-to-month,No,Bank transfer (automatic),61.09,404.76,Yes
CUST_04163,Male,0,No,Yes,56,Yes,Yes,Fiber optic,No,No,Yes,Yes,Yes,Yes,Month-to-month,Yes,Bank transfer (automatic),68.68,3880.33,Yes
CUST_04164,Female,0,Yes,Yes,68,Yes,No,DSL,No,Yes,Yes,No,No,Yes,Two year,Yes,Mailed check,93.98,6405.28,No
CUST_04165,Female,1,Yes,Yes,44,Yes,Yes,DSL,Yes,Yes,No,No,No,No,One year,No,Electronic check,32.26,1442.53,No
CUST_04166,Male,0,Yes,No,15,Yes,No,DSL,No,No,Yes,Yes,Yes,Yes,Two year,Yes,Credit card (automatic),76.3,1191.92,No
CUST_04167,Female,0,Yes,No,42,Yes,No,DSL,No,Yes,No,No,Yes,No,Two year,No,Credit card (automatic),85.54,3593.86,No
CUST_04168,Female,0,Yes,No,11,Yes,No,Fiber optic,Yes,Yes,Yes,Yes,No,Yes,Two year,Yes,Credit card (automatic),57.04,668.06,No
CUST_04169,Male,0,No,No,11,No,No phone service,DSL,Yes,No,No,No,No,Yes,Month-to-month,No,Credit card (automatic),74.01,839.75,Yes
CUST_04170,Female,0,No,Yes,66,Yes,Yes,No,No internet service,No internet service,No internet service,No internet service,No internet service,No internet service,One year,Yes,Mailed check,90.5,6003.66,No
CUST_04171,Female,0,No,Yes,27,Yes,Yes,Fiber optic,No,No,Yes,Yes,No,Yes,Month-to-month,No,Mailed check,65.44,1801.12,No
CUST_04172,Male,0,No,No,58,Yes,Yes,Fiber optic,Yes,Yes,Yes,No,No,Yes,One year,Yes,Mailed check,52.0,3038.91,No
CUST_04173,Female,0,No,Yes,72,No,No phone service,No,No internet service,No internet service,No internet service,No internet service,No internet service,No internet service,Month-to-month,Yes,Mailed check,102.12,7362.21,No
CUST_04174,Male,0,Yes,Yes,21,Yes,No phone service,No,No internet service,No internet service,No internet service,No internet service,No internet service,No internet service,Month-to-month,No,Electronic check,118.86,2541.53,No
CUST_04175,Female,0,No,Yes,21,Yes,No,Fiber optic,Yes,No,Yes,Yes,Yes,Yes,One year,No,Mailed check,40.1,879.04,No
CUST_04176,Male,1,No,Yes,72,Yes,No,Fiber optic,No,Yes,Yes,Yes,Yes,No,Two year,Yes,Mailed check,108.72,7855.69,No
CUST_04177,Male,0,No,No,1,Yes,No,DSL,No,No,Yes,No,Yes,Yes,One year,Yes,Mailed check,73.63,96.06,No
CUST_04178,Male,0,No,Yes,58,Yes,No,Fiber optic,Yes,No,Yes,No,Yes,No,Month-to-month,Yes,Bank transfer (automatic),63.69,3718.88,No
CUST_04179,Female,0,No,No,13,No,No phone service,Fiber optic,No,Yes,No,Yes,Yes,No,Two year,Yes,Credit card (automatic),109.1,1459.51,Yes
CUST_04180,Male,0,Yes,Yes,6,Yes,No phone service,No,No internet service,No internet service,No internet service,No internet service,No internet service,No internet service,Month-to-month,Yes,Bank transfer (automatic),110.85,665.75,No
CUST_04181,Male,0,No,Yes,58,Yes,No,DSL,No,No,Yes,Yes,Yes,No,Two year,No,Electronic check,45.81,2700.3,No
CUST_04182,Male,0,No,No,17,Yes,Yes,DSL,Yes,No,Yes,Yes,No,Yes,Two year,Yes,Electronic check,54.55,929.76,No
CUST_04183,Male,1,No,No,12,Yes,No,DSL,Yes,Yes,No,Yes,No,No,One year,Yes,Credit card (automatic),104.9,1289.55,No
CUST_04184,Male,0,No,Yes,52,Yes,Yes,No,No internet service,No internet service,No internet service,No internet service,No internet service,No internet service,One year,Yes,Credit card (automatic),68.06,3555.99,Yes
CUST_04185,Female,0,No,Yes,70,Yes,Yes,DSL,Yes,No,No,No,No,Yes,One year,Yes,Mailed check,47.38,3350.44,No
CUST_04186,Female,0,No,No,52,Yes,Yes,Fiber optic,Yes,Yes,Yes,Yes,Yes,No,One year,No,Credit card (automatic),116.14,6043.66,No
CUST_04187,Female,0,Yes,Yes,37,Yes,Yes,Fiber optic,No,No,No,No,Yes,No,Month-to-month,No,Electronic check,40.14,1512.91,No
CUST_04188,Female,0,No,Yes,3,Yes,No,DSL,No,Yes,No,No,Yes,Yes,One year,Yes,Mailed check,80.25,283.52,No
CUST_04189,Female,0,Yes,No,8,Yes,No,Fiber optic,Yes,Yes,Yes,Yes,Yes,No,Month-to-month,Yes,Electronic check,61.65,517.91,No
CUST_04190,Female,0,Yes,Yes,10,Yes,No,Fiber optic,No,Yes,No,No,No,Yes,One year,Yes,Bank transfer (automatic),64.03,644.54,No
CUST_04191,Female,0,No,Yes,47,Yes,No,DSL,Yes,No,No,Yes,Yes,Yes,One year,Yes,Mailed check,28.81,1355.98,No
CUST_04192,Male,0,No,Yes,41,Yes,No,Fiber optic,Yes,Yes,Yes,Yes,Yes,Yes,Month-to-month,No,Mailed check,44.23,1844.41,No
CUST_04193,Female,0,No,Yes,64,Yes,No phone service,No,No internet service,No internet service,No internet service,No internet service,No internet service,No internet service,Two year,No,Bank transfer (automatic),35.03,2245.63,No
CUST_04194,Male,0,Yes,Yes,42,Yes,Yes,No,No internet service,No internet service,No internet service,No internet service,No internet service,No internet service,Month-to-month,No,Electronic check,94.46,3970.96,Yes
CUST_04195,Male,0,No,No,43,Yes,Yes,Fiber optic,Yes,Yes,Yes,Yes,No,Yes,Month-to-month,Yes,Credit card (automatic),89.17,3855.58,Yes
CUST_04196,Female,0,No,Yes,9,No,No phone service,Fiber optic,Yes,Yes,Yes,No,Yes,No,Month-to-month,Yes,Mailed check,99.0,901.46,Yes
CUST_04197,Male,0,No,No,14,Yes,No phone service,DSL,Yes,Yes,No,Yes,No,No,Month-to-month,Yes,Credit card (automatic),89.32,1260.76,No
CUST_04198,Male,0,Yes,No,4,Yes,No,No,No internet service,No internet service,No internet service,No internet service,No internet service,No internet service,Month-to-month,Yes,Bank transfer (automatic),31.13,148.56,Yes
CUST_04199,Male,0,Yes,Yes,2,Yes,No,DSL,No,No,No,Yes,No,Yes,Month-to-month,No,Electronic check,117.82,249.67,Yes
CUST_04200,Male,0,No,No,1,Yes,Yes,Fiber optic,No,No,No,Yes,Yes,Yes,Month-to-month,Yes,Electronic check,37.23,48.19,No
CUST_04201,Female,0,Yes,Yes,65,Yes,No,DSL,Yes,No,Yes,Yes,Yes,No,Month-to-month,Yes,Electronic check,53.75,3519.2,No
CUST_04202,Female,0,No,No,46,Yes,Yes,DSL,No,Yes,No,Yes,Yes,Yes,Month-to-month,No,Credit card (automatic),90.1,4159.21,No
CUST_04203,Female,0,Yes,No,59,Yes,No,DSL,No,No,Yes,Yes,No,Yes,One year,Yes,Credit card (automatic),32.33,1911.23,No
CUST_04204,Female,0,No,No,7,Yes,No,Fiber optic,No,No,No,No,No,Yes,One year,Yes,Credit card (automatic),35.39,281.88,Yes
CUST_04205,Female,0,Yes,Yes,66,No,No phone service,Fiber optic,No,No,No,No,Yes,No,Month-to-month,Yes,Credit card (automatic),107.41,7118.38,Yes
CUST_04206,Female,0,No,No,15,Yes,No phone service,Fiber optic,Yes,Yes,No,Yes,No,Yes,Two year,Yes,Mailed check,51.87,788.59,No
CUST_04207,Female,1,No,No,72,Yes,No phone service,DSL,No,Yes,Yes,No,No,Yes,Month-to-month,No,Credit card (automatic),85.89,6213.16,Yes
CUST_04208,Female,0,Yes,No,47,Yes,No,No,No internet service,No internet service,No internet service,No internet service,No internet service,No internet service,One year,No,Bank transfer (automatic),105.59,5010.62,No
CUST_04209,Female,0,Yes,Yes,40,Yes,No phone service,DSL,No,No,Yes,Yes,Yes,No,Two year,Yes,Mailed check,117.27,4738.48,No
CUST_04210,Female,1,Yes,Yes,42,Yes,No,DSL,No,Yes,Yes,Yes,No,Yes,Month-to-month,No,Electronic check,39.45,1683.46,No
CUST_04211,Male,0,Yes,No,51,Yes,No phone service,Fiber optic,No,Yes,No,No,Yes,No,Month-to-month,Yes,Credit card (automatic),30.54,1562.37,No
CUST_04212,Female,0,Yes,No,35,Yes,No phone service,No,No internet service,No internet service,No internet service,No internet service,No internet service,No internet service,One year,No,Credit card (automatic),93.56,3297.34,No
CUST_04213,Male,0,No,No,41,Yes,Yes,DSL,Yes,No,No,No,Yes,No,Month-to-month,No,Mailed check,37.2,1526.41,No
CUST_04214,Male,0,No,No,57,Yes,No phone service,Fiber optic,No,Yes,No,Yes,Yes,Yes,Month-to-month,No,Electronic check,77.18,4419.99,No
CUST_04215,Male,1,Yes,Yes,38,Yes,No,Fiber optic,No,No,Yes,Yes,Yes,No,Two year,Yes,Electronic check,72.33,2794.0,No
CUST_04216,Male,0,No,Yes,72,Yes,Yes,No,No internet service,No internet service,No internet service,No internet service,No internet service,No internet service,One year,Yes,Bank transfer (automatic),75.11,5431.45,No
CUST_04217,Female,0,No,Yes,8,Yes,No phone service,DSL,No,Yes,Yes,Yes,Yes,Yes,Month-to-month,Yes,Mailed check,84.28,701.76,No
CUST_04218,Male,0,Yes,No,63,Yes,Yes,Fiber optic,Yes,Yes,No,No,Yes,Yes,Two year,Yes,Bank transfer (automatic),104.79,6609.73,No
CUST_04219,Female,0,No,Yes,4,Yes,No phone service,DSL,Yes,Yes,No,Yes,Yes,Yes,One year,No,Mailed check,45.73,183.68,No
CUST_04220,Female,0,No,No,48,Yes,No,DSL,No,Yes,No,Yes,Yes,No,Month-to-month,No,Mailed check,74.63,3632.14,No
CUST_04221,Male,0,Yes,No,52,Yes,No,DSL,No,No,No,Yes,No,Yes,Month-to-month,Yes,Mailed check,52.34,2738.69,Yes
CUST_04222,Female,0,Yes,No,38,No,No phone service,No,No internet service,No internet service,No internet service,No internet service,No internet service,No internet service,One year,No,Electronic check,50.51,1933.38,No
CUST_04223,Male,0,No,Yes,5,Yes,No phone service,DSL,No,No,No,No,No,No,Month-to-month,No,Bank transfer (automatic),20.08,128.98,No
CUST_04224,Male,0,Yes,No,70,Yes,No phone service,No,No internet service,No internet service,No internet service,No internet service,No internet service,No internet service,One year,No,Bank transfer (automatic),79.14,5577.0,No
CUST_04225,Female,0,No,Yes,24,Yes,Yes,DSL,No,Yes,Yes,Yes,No,Yes,Month-to-month,Yes,Credit card (automatic),117.2,2825.26,No
CUST_04226,Female,0,Yes,No,17,Yes,Yes,No,No internet service,No internet service,No internet service,No internet service,No internet service,No internet service,Month-to-month,Yes,Bank transfer (automatic),95.65,1652.22,No
CUST_04227,Male,0,Yes,Yes,26,Yes,No,Fiber optic,Yes,No,No,Yes,No,Yes,Month-to-month,No,Credit card (automatic),42.76,1128.52,No
CUST_04228,Female,0,Yes,No,3,Yes,Yes,DSL,No,Yes,No,No,No,No,Two year,Yes,Credit card (automatic),91.04,297.18,No
CUST_04229,Female,1,Yes,Yes,2,Yes,No phone service,Fiber optic,No,No,No,No,No,No,Two year,Yes,Electronic check,48.33,104.72,No
CUST_04230,Female,0,No,No,2,Yes,Yes,DSL,Yes,Yes,No,Yes,Yes,Yes,One year,No,Credit card (automatic),94.87,215.25,No
CUST_04231,Male,0,Yes,Yes,22,Yes,No,DSL,No,Yes,Yes,Yes,No,Yes,One year,Yes,Mailed check,105.2,2316.84,No
CUST_04232,Male,0,Yes,No,71,Yes,Yes,Fiber optic,Yes,Yes,Yes,No,No,Yes,Month-to-month,No,Mailed check,52.1,3741.21,Yes
CUST_04233,Female,1,No,No,4,Yes,No phone service,Fiber optic,No,No,No,Yes,Yes,Yes,One year,Yes,Electronic check,18.22,104.28,No
CUST_04234,Female,0,No,No,38,Yes,Yes,Fiber optic,No,Yes,Yes,Yes,No,Yes,Month-to-month,Yes,Mailed check,49.11,1913.32,No
CUST_04235,Female,0,No,Yes,70,Yes,Yes,Fiber optic,No,Yes,Yes,No,Yes,No,One year,No,Mailed check,39.0,2759.8,Yes
CUST_04236,Female,0,No,No,52,Yes,Yes,DSL,No,Yes,No,Yes,Yes,No,Two year,Yes,Bank transfer (automatic),81.1,4226.24,No
CUST_04237,Female,1,Yes,No,31,Yes,No,No,No internet service,No internet service,No internet service,No internet service,No internet service,No internet service,Month-to-month,Yes,Electronic check,47.59,1499.41,No
CUST_04238,Male,0,No,No,26,Yes,No,No,No internet service,No internet service,No internet service,No internet service,No internet service,No internet service,One year,No,Mailed check,21.68,596.83,No
CUST_04239,Female,0,Yes,Yes,36,Yes,No,DSL,No,Yes,No,Yes,Yes,Yes,One year,Yes,Electronic check,72.2,2617.77,No
CUST_04240,Male,1,No,No,26,Yes,No,DSL,No,No,No,No,No,No,Month-to-month,Yes,Electronic check,107.22,2815.3,No
CUST_04241,Female,0,Yes,No,28,Yes,No phone service,Fiber optic,Yes,No,No,No,No,No,One year,No,Mailed check,64.04,1801.16,Yes
CUST_04242,Male,0,No,Yes,5,Yes,No phone service,Fiber optic,No,No,Yes,No,No,No,One year,No,Mailed check,56.38,320.77,Yes
CUST_04243,Female,0,Yes,No,18,Yes,No,DSL,Yes,No,No,No,No,No,Two year,No,Credit card (automatic),36.21,697.23,No
CUST_04244,Male,1,Yes,Yes,15,Yes,No,DSL,Yes,No,No,No,Yes,Yes,Month-to-month,No,Electronic check,57.51,878.44,No
CUST_04245,Female,0,No,No,57,Yes,No,Fiber optic,No,Yes,Yes,No,Yes,Yes,Month-to-month,No,Electronic check,51.75,2989.63,Yes
CUST_04246,Male,1,Yes,Yes,5,Yes,Yes,Fiber optic,Yes,No,No,Yes,No,No,Two year,No,Mailed check,119.48,602.01,No
CUST_04247,Male,0,Yes,Yes,37,Yes,No phone service,DSL,No,No,Yes,Yes,No,No,One year,No,Credit card (automatic),21.11,793.33,No
CUST_04248,Male,0,Yes,Yes,22,Yes,Yes,No,No internet service,No internet service,No internet service,No internet service,No internet service,No internet service,One year,No,Bank transfer (automatic),42.36,955.07,No
CUST_04249,Male,1,Yes,No,52,Yes,No,Fiber optic,No,No,No,Yes,Yes,No,Month-to-month,Yes,Mailed check,25.0,1319.33,No
CUST_04250,Male,0,No,No,15,Yes,No phone service,DSL,Yes,Yes,No,Yes,No,Yes,Month-to-month,Yes,Credit card (automatic),105.46,1612.83,No
CUST_04251,Male,0,Yes,Yes,17,Yes,No,Fiber optic,Yes,Yes,Yes,No,No,No,Two year,No,Electronic check,60.57,1057.76,Yes
CUST_04252,Female,0,Yes,No,51,Yes,Yes,DSL,Yes,No,Yes,Yes,Yes,Yes,Month-to-month,Yes,Electronic check,99.22,5064.56,No
CUST_04253,Male,0,No,No,45,Yes,No phone service,Fiber optic,No,Yes,No,No,Yes,No,Two year,No,Mailed check,88.6,3993.57,Yes
CUST_04254,Female,0,No,Yes,63,Yes,Yes,DSL,No,No,No,No,No,Yes,Month-to-month,No,Credit card (automatic),112.66,7100.12,No
CUST_04255,Female,0,No,Yes,28,Yes,No phone service,DSL,Yes,No,No,No,Yes,No,Month-to-month,Yes,Mailed check,20.42,619.5,No
CUST_04256,Female,0,Yes,Yes,59,Yes,No,DSL,Yes,Yes,No,No,No,Yes,Month-to-month,No,Electronic check,39.15,2342.07,Yes
CUST_04257,Female,0,Yes,Yes,21,Yes,No phone service,DSL,No,Yes,No,No,Yes,Yes,One year,Yes,Credit card (automatic),89.61,1924.53,No
CUST_04258,Female,0,No,No,42,Yes,Yes,Fiber optic,Yes,No,No,No,Yes,Yes,Two year,No,Credit card (automatic),77.69,3290.16,Yes
CUST_04259,Male,1,Yes,No,69,Yes,Yes,Fiber optic,No,No,No,No,Yes,No,Two year,No,Electronic check,88.86,6140.71,No
CUST_04260,Male,0,No,No,17,Yes,Yes,DSL,No,Yes,No,No,Yes,No,Month-to-month,Yes,Electronic check,76.7,1335.21,No
CUST_04261,Male,0,Yes,No,68,Yes,Yes,DSL,Yes,No,Yes,Yes,Yes,Yes,Month-to-month,No,Bank transfer (automatic),77.26,5279.23,No
CUST_04262,Female,0,No,No,7,Yes,No,Fiber optic,No,No,Yes,No,Yes,Yes,One year,No,Bank transfer (automatic),113.12,812.27,Yes
CUST_04263,Male,0,Yes,No,40,Yes,Yes,DSL,No,Yes,Yes,Yes,No,No,One year,Yes,Electronic check,111.97,4497.46,No
CUST_04264,Male,0,No,Yes,40,Yes,No,DSL,Yes,Yes,Yes,No,No,No,Month-to-month,No,Credit card (automatic),21.88,907.53,Yes
CUST_04265,Male,0,Yes,No,43,Yes,No phone service,Fiber optic,Yes,Yes,No,Yes,Yes,Yes,Month-to-month,No,Electronic check,60.19,2619.24,No
CUST_04266,Male,1,No,No,51,No,No phone service,No,No internet service,No internet service,No internet service,No internet service,No internet service,No internet service,Month-to-month,Yes,Mailed check,70.08,3581.57,No
CUST_04267,Male,1,Yes,No,23,Yes,No phone service,No,No internet service,No internet service,No internet service,No internet service,No internet service,No internet service,One year,No,Electronic check,54.51,1294.46,No
CUST_04268,Female,0,Yes,Yes,32,Yes,No phone service,Fiber optic,No,Yes,Yes,Yes,No,No,Month-to-month,No,Credit card (automatic),23.05,769.56,No
CUST_04269,Male,1,Yes,Yes,31,Yes,No,DSL,Yes,Yes,Yes,Yes,Yes,No,One year,Yes,Bank transfer (automatic),66.17,2078.2,No
CUST_04270,Female,0,No,No,17,Yes,Yes,Fiber optic,No,No,No,No,Yes,Yes,Month-to-month,No,Electronic check,117.52,2035.3,Yes
CUST_04271,Female,0,Yes,Yes,58,Yes,No,DSL,Yes,No,Yes,No,No,No,Two year,No,Bank transfer (automatic),25.37,1478.89,No
CUST_04272,Female,1,Yes,Yes,35,Yes,Yes,DSL,No,No,No,Yes,Yes,No,Month-to-month,No,Mailed check,101.3,3591.53,Yes
CUST_04273,Female,0,Yes,No,30,Yes,No phone service,Fiber optic,No,Yes,No,No,No,No,Month-to-month,No,Credit card (automatic),37.96,1152.23,No
CUST_04274,Female,0,No,No,64,Yes,No,Fiber optic,No,Yes,Yes,Yes,Yes,Yes,One year,No,Bank transfer (automatic),76.83,4930.46,No
CUST_04275,Male,0,Yes,No,53,Yes,Yes,DSL,No,No,Yes,No,Yes,Yes,One year,Yes,Mailed check,57.48,3087.03,Yes
CUST_04276,Male,0,No,Yes,51,No,No phone service,DSL,No,No,No,No,Yes,No,Month-to-month,Yes,Credit card (automatic),53.6,2750.24,Yes
CUST_04277,Male,0,Yes,Yes,37,Yes,No,Fiber optic,Yes,No,Yes,Yes,Yes,Yes,Two year,No,Credit card (automatic),106.78,3992.48,Yes
CUST_04278,Female,0,No,No,6,Yes,No,No,No internet service,No internet service,No internet service,No internet service,No internet service,No internet service,One year,No,Bank transfer (automatic),117.29,720.17,No
CUST_04279,Male,1,No,Yes,34,No,No phone service,Fiber optic,No,Yes,No,No,No,Yes,Month-to-month,No,Bank transfer (automatic),57.44,1980.5,No
CUST_04280,Male,0,Yes,Yes,56,Yes,No,Fiber optic,Yes,Yes,No,No,No,Yes,One year,No,Bank transfer (automatic),83.33,4677.75,No
CUST_04281,Female,0,No,Yes,25,Yes,No phone service,No,No internet service,No internet service,No internet service,No internet service,No internet service,No internet service,One year,Yes,Credit card (automatic),74.75,1905.43,No
CUST_04282,Female,0,No,No,13,Yes,No phone service,Fiber optic,No,Yes,Yes,No,No,No,Two year,No,Credit card (automatic),25.85,344.35,No
CUST_04283,Female,0,Yes,No,63,No,No phone service,Fiber optic,No,Yes,No,Yes,No,No,Two year,Yes,Credit card (automatic),22.2,1443.47,No
CUST_04284,Female,0,No,No,66,Yes,No phone service,DSL,No,No,Yes,Yes,Yes,Yes,One year,No,Bank transfer (automatic),96.89,6413.14,No
CUST_04285,Male,0,No,No,5,Yes,Yes,DSL,Yes,Yes,No,Yes,Yes,No,Month-to-month,No,Bank transfer (automatic),58.24,314.79,No
CUST_04286,Female,1,No,No,11,No,No phone service,Fiber optic,Yes,Yes,Yes,Yes,No,No,Two year,No,Mailed check,49.37,544.3,No
CUST_04287,Female,1,No,Yes,44,Yes,No,DSL,Yes,Yes,No,No,Yes,No,One year,No,Electronic check,118.53,5264.08,Yes
CUST_04288,Male,0,Yes,Yes,69,Yes,No,DSL,No,No,No,Yes,No,Yes,One year,No,Mailed check,26.69,1882.51,No
CUST_04289,Male,1,No,Yes,2,Yes,No,Fiber optic,No,No,Yes,Yes,No,Yes,Month-to-month,No,Electronic check,45.44,113.24,No
CUST_04290,Female,0,No,Yes,40,Yes,No,DSL,No,Yes,No,No,Yes,Yes,Two year,Yes,Mailed check,105.39,4261.76,No
CUST_04291,Male,0,Yes,Yes,37,Yes,Yes,No,No internet service,No internet service,No internet service,No internet service,No internet service,No internet service,One year,Yes,Bank transfer (automatic),60.33,2278.76,No
CUST_04292,Female,0,Yes,Yes,49,Yes,No,DSL,No,Yes,No,Yes,Yes,No,One year,Yes,Credit card (automatic),77.59,3828.72,No
CUST_04293,Female,0,No,No,36,Yes,No,Fiber optic,Yes,Yes,No,Yes,No,Yes,Month-to-month,No,Electronic check,22.93,837.35,No
CUST_04294,Male,0,Yes,No,70,Yes,No,Fiber optic,Yes,No,Yes,No,No,No,Two year,No,Credit card (automatic),111.87,7855.24,Yes
CUST_04295,Male,0,Yes,Yes,34,Yes,No phone service,Fiber optic,Yes,Yes,Yes,No,No,Yes,Month-to-month,Yes,Electronic check,31.97,1103.07,No
CUST_04296,Female,0,Yes,No,58,Yes,No phone service,DSL,No,Yes,No,No,Yes,Yes,Two year,Yes,Credit card (automatic),39.76,2328.67,No
CUST_04297,Female,1,Yes,Yes,37,Yes,Yes,Fiber optic,No,Yes,No,Yes,Yes,Yes,Month-to-month,Yes,Mailed check,33.99,1303.32,Yes
CUST_04298,Female,0,Yes,Yes,60,Yes,Yes,No,No internet service,No internet service,No internet service,No internet service,No internet service,No internet service,One year,No,Credit card (automatic),68.75,4138.8,No
CUST_04299,Male,0,Yes,No,12,Yes,Yes,No,No internet service,No internet service,No internet service,No internet service,No internet service,No internet service,Month-to-month,No,Electronic check,101.32,1257.78,No
CUST_04300,Female,0,Yes,No,32,Yes,No,Fiber optic,No,Yes,No,No,No,No,One year,No,Bank transfer (automatic),45.23,1494.0,No
CUST_04301,Female,0,Yes,Yes,4,Yes,Yes,Fiber optic,Yes,Yes,Yes,Yes,Yes,No,One year,Yes,Electronic check,32.52,170.32,No
CUST_04302,Female,0,Yes,No,33,Yes,No phone service,DSL,No,Yes,Yes,Yes,Yes,Yes,Month-to-month,No,Credit card (automatic),59.81,2000.16,No
CUST_04303,Female,0,No,Yes,43,Yes,No phone service,No,No internet service,No internet service,No internet service,No internet service,No internet service,No internet service,Month-to-month,No,Mailed check,118.13,5107.74,Yes
CUST_04304,Female,0,No,Yes,9,Yes,No phone service,No,No internet service,No internet service,No internet service,No internet service,No internet service,No internet service,Two year,Yes,Electronic check,19.13,213.13,No
CUST_04305,Male,0,No,Yes,51,No,No phone service,Fiber optic,Yes,No,No,No,No,No,Two year,Yes,Mailed check,69.41,3542.02,Yes
CUST_04306,Female,0,No,Yes,20,Yes,No,Fiber optic,Yes,No,No,No,Yes,Yes,Month-to-month,Yes,Bank transfer (automatic),86.28,1762.31,Yes
CUST_04307,Female,0,No,Yes,39,Yes,Yes,Fiber optic,No,Yes,Yes,No,No,No,Two year,No,Mailed check,100.29,3937.58,Yes
CUST_04308,Female,0,Yes,No,23,Yes,Yes,DSL,No,No,Yes,No,Yes,Yes,Two year,Yes,Mailed check,94.11,2184.42,No
CUST_04309,Female,0,Yes,Yes,41,No,No phone service,No,No internet service,No internet service,No internet service,No internet service,No internet service,No internet service,Month-to-month,No,Electronic check,25.59,1087.6,No
CUST_04310,Male,0,No,No,44,Yes,Yes,Fiber optic,Yes,Yes,No,Yes,Yes,Yes,One year,No,Mailed check,65.11,2878.19,No
CUST_04311,Male,0,No,Yes,35,Yes,No,Fiber optic,No,Yes,No,No,Yes,Yes,Month-to-month,No,Mailed check,26.03,955.91,No
CUST_04312,Male,0,Yes,No,23,Yes,No phone service,Fiber optic,Yes,Yes,No,Yes,Yes,Yes,Month-to-month,No,Mailed check,81.23,1902.6,No
CUST_04313,Female,0,No,Yes,58,Yes,No,No,No internet service,No internet service,No internet service,No internet service,No internet service,No internet service,Two year,No,Credit card (automatic),25.86,1530.23,No
CUST_04314,Female,0,Yes,No,48,Yes,Yes,Fiber optic,Yes,Yes,No,No,Yes,Yes,Month-to-month,Yes,Mailed check,22.94,1127.19,Yes
CUST_04315,Male,0,No,Yes,58,Yes,No,DSL,No,No,Yes,Yes,Yes,No,Month-to-month,Yes,Mailed check,49.21,2865.1,No
CUST_04316,Male,0,Yes,Yes,57,Yes,No phone service,Fiber optic,No,Yes,No,No,Yes,Yes,One year,Yes,Mailed check,113.76,6515.22,No
CUST_04317,Male,0,No,No,39,Yes,No,No,No internet service,No internet service,No internet service,No internet service,No internet service,No internet service,Two year,Yes,Electronic check,90.42,3562.61,No
CUST_04318,Female,1,Yes,No,28,Yes,No phone service,Fiber optic,No,No,No,Yes,Yes,No,Month-to-month,No,Electronic check,18.41,516.08,No
CUST_04319,Female,1,No,No,64,Yes,Yes,No,No internet service,No internet service,No internet service,No internet service,No internet service,No internet service,Month-to-month,Yes,Mailed check,47.04,3029.03,Yes
CUST_04320,Male,0,No,No,62,Yes,No,No,No internet service,No internet service,No internet service,No internet service,No internet service,No internet service,One year,No,Mailed check,19.78,1268.28,No
CUST_04321,Male,0,Yes,No,62,Yes,Yes,Fiber optic,Yes,Yes,No,No,No,Yes,Two year,Yes,Credit card (automatic),48.02,3008.83,Yes
CUST_04322,Male,0,Yes,No,26,Yes,Yes,DSL,No,Yes,Yes,Yes,No,Yes,Two year,No,Mailed check,87.92,2316.69,No
CUST_04323,Female,1,No,Yes,51,Yes,No phone service,DSL,No,Yes,No,Yes,Yes,Yes,Month-to-month,No,Bank transfer (automatic),95.5,4881.8,Yes
CUST_04324,Female,1,No,Yes,50,Yes,No phone service,Fiber optic,No,Yes,No,Yes,Yes,Yes,One year,No,Mailed check,100.02,5032.55,No
CUST_04325,Female,0,Yes,Yes,36,Yes,Yes,Fiber optic,No,No,Yes,No,No,No,Month-to-month,Yes,Electronic check,110.82,4028.79,Yes
CUST_04326,Male,0,Yes,No,26,Yes,No phone service,Fiber optic,No,No,Yes,Yes,No,Yes,Two year,No,Electronic check,55.31,1458.17,No
CUST_04327,Male,0,Yes,No,33,Yes,No phone service,Fiber optic,Yes,Yes,Yes,No,Yes,No,Month-to-month,Yes,Mailed check,105.98,3506.61,Yes
CUST_04328,Female,0,No,No,68,Yes,Yes,DSL,No,No,Yes,No,No,Yes,Two year,No,Electronic check,92.22,6274.97,No
CUST_04329,Male,0,No,Yes,8,Yes,Yes,Fiber optic,No,No,No,No,Yes,Yes,Month-to-month,No,Credit card (automatic),72.85,608.09,Yes
CUST_04330,Female,0,Yes,No,66,Yes,No phone service,Fiber optic,No,Yes,No,Yes,No,No,Two year,No,Electronic check,115.37,7648.77,No
CUST_04331,Male,1,No,Yes,23,Yes,Yes,DSL,Yes,Yes,No,No,Yes,No,Month-to-month,Yes,Bank transfer (automatic),114.67,2645.53,No
CUST_04332,Male,0,No,No,70,Yes,Yes,Fiber optic,Yes,Yes,No,Yes,Yes,Yes,One year,No,Mailed check,109.56,7689.97,Yes
CUST_04333,Male,0,Yes,No,55,Yes,No phone service,No,No internet service,No internet service,No internet service,No internet service,No internet service,No internet service,One year,Yes,Electronic check,38.63,2152.93,No
CUST_04334,Male,1,No,No,43,Yes,No,DSL,Yes,No,No,No,Yes,Yes,Month-to-month,Yes,Electronic check,39.2,1693.58,No
CUST_04335,Female,1,Yes,Yes,21,Yes,No,DSL,No,No,Yes,Yes,Yes,Yes,Month-to-month,Yes,Mailed check,109.9,2321.44,Yes
CUST_04336,Male,0,Yes,No,22,No,No phone service,DSL,Yes,No,No,No,No,Yes,Month-to-month,No,Electronic check,58.59,1319.34,No
CUST_04337,Female,0,No,Yes,9,Yes,No phone service,DSL,No,No,Yes,Yes,Yes,No,Month-to-month,No,Bank transfer (automatic),99.34,930.31,Yes
CUST_04338,Female,0,No,No,34,Yes,Yes,Fiber optic,No,No,Yes,No,No,No,Month-to-month,Yes,Mailed check,88.07,3026.11,Yes
CUST_04339,Female,0,Yes,No,59,Yes,No phone service,DSL,No,No,Yes,Yes,No,No,One year,Yes,Electronic check,95.76,5685.54,No
CUST_04340,Male,1,Yes,No,26,Yes,Yes,No,No internet service,No internet service,No internet service,No internet service,No internet service,No internet service,One year,No,Credit card (automatic),20.68,566.75,No
CUST_04341,Female,1,Yes,No,1,Yes,Yes,DSL,No,No,Yes,No,No,Yes,Two year,No,Credit card (automatic),61.86,103.65,No
CUST_04342,Female,0,No,Yes,5,Yes,No phone service,Fiber optic,Yes,Yes,Yes,No,Yes,No,Month-to-month,No,Mailed check,105.42,568.45,Yes
CUST_04343,Female,0,Yes,No,41,Yes,Yes,DSL,Yes,Yes,Yes,Yes,No,No,Month-to-month,No,Electronic check,67.97,2826.68,No
CUST_04344,Male,0,Yes,Yes,63,Yes,No,No,No internet service,No internet service,No internet service,No internet service,No internet service,No internet service,Two year,No,Credit card (automatic),88.39,5597.57,No
CUST_04345,Male,1,Yes,No,22,Yes,No,Fiber optic,Yes,No,No,No,No,Yes,Month-to-month,Yes,Bank transfer (automatic),95.11,2142.06,Yes
CUST_04346,Female,0,Yes,No,68,Yes,No phone service,No,No internet service,No internet service,No internet service,No internet service,No internet service,No internet service,Month-to-month,No,Electronic check,30.32,2063.54,No
CUST_04347,Male,0,No,No,48,No,No phone service,Fiber optic,Yes,No,No,Yes,Yes,Yes,Month-to-month,Yes,Bank transfer (automatic),33.89,1636.31,No
CUST_04348,Female,0,No,Yes,66,Yes,No,Fiber optic,Yes,Yes,Yes,Yes,No,No,Month-to-month,No,Credit card (automatic),91.9,6106.14,Yes
CUST_04349,Female,0,Yes,No,16,Yes,No phone service,No,No internet service,No internet service,No internet service,No internet service,No internet service,No internet service,Month-to-month,No,Mailed check,23.57,418.37,Yes
CUST_04350,Male,0,No,Yes,53,Yes,No phone service,DSL,Yes,No,No,No,Yes,Yes,Two year,No,Bank transfer (automatic),52.87,2843.22,No
CUST_04351,Female,0,No,Yes,65,Yes,No phone service,Fiber optic,No,Yes,Yes,No,No,Yes,Month-to-month,Yes,Credit card (automatic),111.64,7300.53,Yes
CUST_04352,Male,1,No,No,64,No,No phone service,DSL,Yes,Yes,No,No,Yes,No,Two year,Yes,Mailed check,76.58,4922.53,Yes
CUST_04353,Male,1,Yes,Yes,68,Yes,No,Fiber optic,No,Yes,No,No,No,No,Two year,Yes,Electronic check,110.87,7585.67,Yes
CUST_04354,Female,0,No,No,63,Yes,No,No,No internet service,No internet service,No internet service,No internet service,No internet service,No internet service,One year,Yes,Credit card (automatic),49.56,3132.77,No
CUST_04355,Male,0,No,Yes,62,Yes,No,No,No internet service,No internet service,No internet service,No internet service,No internet service,No internet service,Month-to-month,No,Credit card (automatic),82.94,5188.87,Yes
CUST_04356,Male,0,Yes,Yes,71,Yes,Yes,DSL,No,Yes,Yes,No,Yes,Yes,Month-to-month,No,Electronic check,47.25,3382.43,No
CUST_04357,Female,0,Yes,Yes,45,Yes,No,DSL,Yes,Yes,Yes,Yes,No,Yes,Month-to-month,No,Electronic check,29.33,1328.24,No
CUST_04358,Female,0,No,Yes,52,Yes,No phone service,DSL,No,Yes,Yes,No,Yes,Yes,Month-to-month,No,Electronic check,119.05,6227.45,No
CUST_04359,Male,1,No,No,65,Yes,Yes,DSL,Yes,No,No,No,No,No,Two year,No,Mailed check,35.98,2353.21,No
CUST_04360,Male,0,Yes,Yes,2,Yes,No,DSL,Yes,No,No,Yes,Yes,Yes,Month-to-month,Yes,Mailed check,37.23,85.47,No
CUST_04361,Female,0,Yes,No,49,Yes,Yes,DSL,Yes,Yes,No,Yes,Yes,Yes,One year,No,Electronic check,103.88,5098.51,No
CUST_04362,Male,1,Yes,Yes,22,Yes,No phone service,No,No internet service,No internet service,No internet service,No internet service,No internet service,No internet service,One year,Yes,Mailed check,99.83,2197.69,Yes
CUST_04363,Male,1,Yes,No,29,Yes,No,Fiber optic,Yes,Yes,Yes,No,No,No,Two year,Yes,Credit card (automatic),117.74,3452.65,No
CUST_04364,Male,0,No,No,35,Yes,Yes,Fiber optic,No,No,Yes,No,No,No,One year,Yes,Mailed check,25.32,910.45,No
CUST_04365,Male,0,Yes,Yes,24,Yes,No,Fiber optic,Yes,Yes,Yes,Yes,No,Yes,One year,Yes,Credit card (automatic),27.6,711.36,No
CUST_04366,Male,0,No,Yes,30,Yes,Yes,Fiber optic,No,Yes,Yes,No,Yes,No,Two year,Yes,Credit card (automatic),63.77,1935.03,Yes
CUST_04367,Male,0,No,No,42,Yes,Yes,No,No internet service,No internet service,No internet service,No internet service,No internet service,No internet service,Month-to-month,Yes,Mailed check,78.36,3333.21,No
CUST_04368,Male,0,No,Yes,71,No,No phone service,Fiber optic,No,Yes,No,Yes,Yes,No,Month-to-month,No,Electronic check,21.88,1601.81,Yes
CUST_04369,Female,0,Yes,Yes,50,Yes,No phone service,DSL,No,Yes,No,Yes,Yes,Yes,Month-to-month,No,Bank transfer (automatic),34.16,1708.91,Yes
CUST_04370,Female,1,Yes,Yes,71,Yes,No,Fiber optic,Yes,Yes,Yes,Yes,Yes,Yes,Month-to-month,No,Bank transfer (automatic),89.74,6376.82,No
CUST_04371,Female,0,No,Yes,60,Yes,No,No,No internet service,No internet service,No internet service,No internet service,No internet service,No internet service,Month-to-month,No,Mailed check,86.19,5188.86,No
CUST_04372,Female,0,No,Yes,30,Yes,Yes,DSL,No,No,No,Yes,No,Yes,Month-to-month,Yes,Credit card (automatic),27.15,857.95,No
CUST_04373,Female,0,No,Yes,12,Yes,No phone service,Fiber optic,No,Yes,No,Yes,No,Yes,Month-to-month,No,Bank transfer (automatic),113.03,1398.26,No
CUST_04374,Male,0,No,Yes,49,Yes,No phone service,DSL,No,Yes,No,No,No,No,Two year,Yes,Credit card (automatic),43.99,2173.65,No
CUST_04375,Male,1,No,Yes,46,Yes,Yes,DSL,No,Yes,No,Yes,Yes,No,Month-to-month,Yes,Credit card (automatic),108.5,5000.88,No
CUST_04376,Male,0,Yes,Yes,43,Yes,No phone service,No,No internet service,No internet service,No internet service,No internet service,No internet service,No internet service,Two year,No,Credit card (automatic),112.14,4862.34,No
CUST_04377,Male,0,Yes,No,2,Yes,No phone service,DSL,No,Yes,Yes,No,Yes,Yes,Month-to-month,Yes,Credit card (automatic),67.99,165.82,No
CUST_04378,Female,0,Yes,Yes,54,Yes,Yes,DSL,Yes,Yes,No,No,No,No,One year,No,Bank transfer (automatic),60.02,3242.69,No
CUST_04379,Male,0,No,Yes,35,Yes,No,DSL,Yes,Yes,Yes,Yes,No,Yes,Month-to-month,No,Mailed check,46.37,1663.16,Yes
CUST_04380,Male,0,No,Yes,52,Yes,No,No,No internet service,No internet service,No internet service,No internet service,No internet service,No internet service,One year,No,Mailed check,100.35,5266.2,No
CUST_04381,Female,0,Yes,Yes,33,Yes,No,DSL,Yes,Yes,Yes,No,No,No,Month-to-month,No,Credit card (automatic),38.05,1257.82,No
CUST_04382,Male,0,Yes,Yes,72,Yes,Yes,No,No internet service,No internet service,No internet service,No internet service,No internet service,No internet service,Month-to-month,No,Credit card (automatic),81.46,5879.18,No
CUST_04383,Male,0,No,No,51,Yes,No,DSL,Yes,Yes,No,No,No,Yes,Two year,No,Mailed check,75.85,3909.2,Yes
CUST_04384,Female,0,Yes,No,26,Yes,Yes,No,No internet service,No internet service,No internet service,No internet service,No internet service,No internet service,Two year,No,Electronic check,43.39,1157.3,No
CUST_04385,Male,1,Yes,Yes,62,Yes,Yes,No,No internet service,No internet service,No internet service,No internet service,No internet service,No internet service,Month-to-month,No,Credit card (automatic),118.27,7382.26,No
CUST_04386,Male,1,Yes,No,61,Yes,No phone service,DSL,Yes,No,No,Yes,Yes,No,Two year,Yes,Bank transfer (automatic),104.33,6409.6,No
CUST_04387,Male,0,No,Yes,26,Yes,No phone service,DSL,Yes,Yes,No,No,No,Yes,Month-to-month,No,Bank transfer (automatic),20.09,531.35,Yes
CUST_04388,Male,0,No,Yes,37,Yes,No,DSL,Yes,Yes,Yes,Yes,Yes,Yes,Month-to-month,Yes,Credit card (automatic),61.07,2293.28,No
CUST_04389,Male,0,Yes,No,30,Yes,Yes,Fiber optic,No,Yes,No,Yes,No,No,Two year,Yes,Credit card (automatic),54.62,1671.12,No
CUST_04390,Female,0,No,No,11,Yes,No,DSL,Yes,No,No,Yes,Yes,No,Month-to-month,No,Mailed check,108.05,1194.05,No
CUST_04391,Female,0,Yes,No,53,Yes,No,DSL,No,Yes,Yes,Yes,No,Yes,Month-to-month,No,Electronic check,44.98,2388.34,Yes
CUST_04392,Female,1,Yes,No,41,Yes,No phone service,DSL,Yes,Yes,Yes,No,No,Yes,Month-to-month,No,Mailed check,119.84,4941.99,Yes
CUST_04393,Female,1,No,No,5,Yes,No,DSL,Yes,Yes,No,Yes,Yes,Yes,Month-to-month,No,Electronic check,38.41,212.19,No
CUST_04394,Female,0,No,Yes,66,Yes,No,DSL,Yes,No,No,No,No,Yes,Month-to-month,No,Bank transfer (automatic),42.88,2857.1,No
CUST_04395,Female,0,No,Yes,13,Yes,No phone service,No,No internet service,No internet service,No internet service,No internet service,No internet service,No internet service,Month-to-month,Yes,Mailed check,85.94,1129.17,No
CUST_04396,Male,1,Yes,Yes,63,Yes,No,No,No internet service,No internet service,No internet service,No internet service,No internet service,No internet service,Two year,No,Mailed check,34.43,2196.78,No
CUST_04397,Female,0,Yes,No,25,Yes,No,Fiber optic,Yes,No,Yes,Yes,Yes,Yes,Month-to-month,No,Credit card (automatic),108.66,2735.62,No
CUST_04398,Female,0,Yes,Yes,44,Yes,Yes,Fiber optic,No,No,No,No,Yes,No,Month-to-month,Yes,Credit card (automatic),29.21,1329.74,Yes
CUST_04399,Male,0,No,No,14,Yes,No,Fiber optic,No,Yes,No,No,Yes,No,Two year,Yes,Bank transfer (automatic),118.3,1671.48,No
CUST_04400,Male,0,Yes,Yes,69,Yes,No phone service,Fiber optic,Yes,No,No,Yes,Yes,No,Month-to-month,Yes,Electronic check,107.21,7441.28,Yes
CUST_04401,Female,0,Yes,No,59,Yes,No phone service,Fiber optic,Yes,No,No,Yes,No,Yes,Month-to-month,Yes,Electronic check,103.64,6134.55,Yes
CUST_04402,Male,0,Yes,No,56,Yes,Yes,Fiber optic,Yes,No,No,Yes,No,Yes,Two year,Yes,Bank transfer (automatic),59.54,3362.93,No
CUST_04403,Female,0,Yes,Yes,52,No,No phone service,Fiber optic,Yes,No,No,Yes,Yes,No,Two year,No,Electronic check,70.39,3674.67,No
CUST_04404,Male,0,No,Yes,66,Yes,No phone service,Fiber optic,No,No,Yes,No,No,Yes,Month-to-month,No,Credit card (automatic),64.55,4300.66,No
CUST_04405,Female,0,No,Yes,68,Yes,No phone service,DSL,Yes,No,No,Yes,Yes,Yes,Two year,Yes,Bank transfer (automatic),118.72,8114.98,Yes
CUST_04406,Male,0,No,Yes,12,Yes,No,DSL,No,Yes,No,Yes,No,Yes,Two year,Yes,Credit card (automatic),21.55,299.08,No
CUST_04407,Male,0,Yes,No,68,Yes,Yes,DSL,Yes,Yes,Yes,No,No,No,One year,No,Bank transfer (automatic),56.93,3903.53,No
CUST_04408,Female,0,Yes,Yes,43,Yes,Yes,Fiber optic,Yes,No,Yes,Yes,No,No,One year,Yes,Bank transfer (automatic),116.78,5036.59,No
CUST_04409,Female,1,Yes,No,6,Yes,Yes,DSL,Yes,No,Yes,No,Yes,Yes,Month-to-month,Yes,Electronic check,55.68,365.89,No
CUST_04410,Female,0,No,Yes,15,Yes,Yes,Fiber optic,Yes,No,Yes,Yes,No,Yes,Month-to-month,Yes,Mailed check,58.64,927.5,No
CUST_04411,Female,0,No,Yes,42,No,No phone service,Fiber optic,Yes,No,Yes,Yes,Yes,Yes,One year,Yes,Bank transfer (automatic),82.39,3492.91,No
CUST_04412,Female,1,No,Yes,31,Yes,No,No,No internet service,No internet service,No internet service,No internet service,No internet service,No internet service,Two year,No,Electronic check,110.54,3474.6,No
CUST_04413,Male,0,No,Yes,53,No,No phone service,DSL,No,No,Yes,No,Yes,Yes,One year,Yes,Bank transfer (automatic),48.04,2561.42,No
CUST_04414,Female,0,No,Yes,6,Yes,No phone service,Fiber optic,No,Yes,Yes,Yes,No,No,Month-to-month,Yes,Electronic check,114.66,730.23,Yes
CUST_04415,Female,0,Yes,No,33,Yes,No phone service,Fiber optic,No,Yes,Yes,No,No,No,Month-to-month,Yes,Bank transfer (automatic),46.82,1581.03,No
CUST_04416,Male,0,No,Yes,29,Yes,No phone service,DSL,No,Yes,No,Yes,No,Yes,One year,Yes,Electronic check,101.17,2974.9,No
CUST_04417,Male,0,No,No,21,Yes,Yes,Fiber optic,No,Yes,No,Yes,Yes,No,One year,Yes,Bank transfer (automatic),46.14,1004.38,No
CUST_04418,Female,1,No,Yes,54,Yes,Yes,No,No internet service,No internet service,No internet service,No internet service,No internet service,No internet service,Month-to-month,No,Bank transfer (automatic),25.44,1398.01,Yes
CUST_04419,Male,0,Yes,No,56,Yes,No,DSL,No,Yes,Yes,No,Yes,Yes,One year,No,Bank transfer (automatic),100.85,5682.2,No
CUST_04420,Male,0,No,Yes,21,Yes,No phone service,No,No internet service,No internet service,No internet service,No internet service,No internet service,No internet service,One year,No,Electronic check,63.91,1388.67,No
CUST_04421,Female,1,No,Yes,55,No,No phone service,No,No internet service,No internet service,No internet service,No internet service,No internet service,No internet service,Month-to-month,No,Mailed check,57.86,3202.98,Yes
CUST_04422,Male,0,No,Yes,58,Yes,No,Fiber optic,Yes,Yes,Yes,Yes,Yes,No,Month-to-month,No,Bank transfer (automatic),61.85,3634.77,No
CUST_04423,Male,0,Yes,No,64,Yes,No phone service,Fiber optic,No,Yes,Yes,No,No,No,Month-to-month,Yes,Electronic check,80.38,5146.84,No
CUST_04424,Female,0,Yes,No,46,Yes,No phone service,Fiber optic,No,Yes,Yes,No,Yes,No,Two year,Yes,Credit card (automatic),44.79,2061.27,Yes
CUST_04425,Female,0,No,Yes,22,No,No phone service,Fiber optic,Yes,No,No,Yes,No,No,Month-to-month,No,Electronic check,42.2,953.13,No
CUST_04426,Male,0,No,Yes,60,Yes,No phone service,No,No internet service,No internet service,No internet service,No internet service,No internet service,No internet service,One year,No,Electronic check,67.31,4081.07,No
CUST_04427,Male,0,No,Yes,11,Yes,No phone service,DSL,Yes,No,Yes,No,Yes,Yes,One year,Yes,Mailed check,21.63,250.37,No
CUST_04428,Female,0,No,No,47,Yes,Yes,DSL,Yes,No,No,Yes,No,Yes,Month-to-month,No,Credit card (automatic),83.57,3962.49,Yes
CUST_04429,Male,0,Yes,Yes,31,Yes,No,DSL,Yes,No,No,No,No,Yes,Month-to-month,No,Credit card (automatic),101.93,3187.18,Yes
CUST_04430,Male,0,No,No,18,Yes,No,Fiber optic,No,No,Yes,No,No,Yes,One year,No,Mailed check,92.2,1674.08,No
CUST_04431,Male,0,Yes,Yes,22,Yes,Yes,DSL,Yes,Yes,No,No,No,No,One year,No,Mailed check,65.87,1463.4,No
CUST_04432,Female,0,No,No,56,Yes,Yes,No,No internet service,No internet service,No internet service,No internet service,No internet service,No internet service,Month-to-month,Yes,Bank transfer (automatic),75.67,4241.17,Yes
CUST_04433,Male,0,Yes,No,17,Yes,No,Fiber optic,Yes,Yes,No,Yes,No,Yes,Month-to-month,No,Bank transfer (automatic),20.67,378.21,No
CUST_04434,Male,0,Yes,No,38,Yes,No,No,No internet service,No internet service,No internet service,No internet service,No internet service,No internet service,One year,No,Electronic check,111.06,4242.79,No
CUST_04435,Female,1,No,Yes,25,Yes,Yes,DSL,Yes,Yes,No,Yes,Yes,No,One year,No,Electronic check,74.92,1887.53,No
CUST_04436,Male,0,Yes,No,32,No,No phone service,DSL,Yes,Yes,No,Yes,Yes,No,Month-to-month,No,Bank transfer (automatic),50.27,1657.28,No
CUST_04437,Male,0,No,Yes,15,Yes,Yes,DSL,Yes,No,Yes,Yes,Yes,No,One year,Yes,Credit card (automatic),47.95,760.1,No
CUST_04438,Female,0,Yes,No,13,Yes,No phone service,DSL,No,Yes,No,Yes,Yes,No,Two year,Yes,Electronic check,85.29,1134.95,No
CUST_04439,Female,0,Yes,Yes,58,Yes,Yes,Fiber optic,Yes,No,No,No,No,No,Month-to-month,Yes,Electronic check,77.6,4526.98,No
CUST_04440,Female,0,No,No,50,Yes,No phone service,No,No internet service,No internet service,No internet service,No internet service,No internet service,No internet service,One year,Yes,Mailed check,37.16,1867.68,Yes
CUST_04441,Female,0,No,No,11,Yes,No,DSL,No,No,Yes,Yes,Yes,No,One year,No,Bank transfer (automatic),59.81,690.39,No
CUST_04442,Male,1,Yes,Yes,13,Yes,No,Fiber optic,Yes,No,No,No,No,No,Month-to-month,Yes,Mailed check,86.97,1178.3,Yes
CUST_04443,Male,0,Yes,Yes,50,Yes,Yes,Fiber optic,No,Yes,Yes,No,Yes,Yes,Two year,No,Electronic check,48.36,2462.95,No
CUST_04444,Female,0,No,No,38,Yes,Yes,DSL,No,Yes,No,Yes,No,Yes,Two year,Yes,Bank transfer (automatic),69.95,2662.19,No
CUST_04445,Female,0,No,No,1,Yes,No,Fiber optic,No,No,Yes,Yes,Yes,Yes,Two year,Yes,Credit card (automatic),44.0,46.65,No
CUST_04446,Male,0,No,Yes,39,Yes,No,DSL,No,No,Yes,Yes,Yes,Yes,Month-to-month,No,Credit card (automatic),25.31,1035.21,No
CUST_04447,Female,0,Yes,No,27,Yes,No,No,No internet service,No internet service,No internet service,No internet service,No internet service,No internet service,Two year,No,Mailed check,57.6,1565.22,No
CUST_04448,Male,0,No,No,36,Yes,No,Fiber optic,No,No,No,Yes,No,Yes,Month-to-month,Yes,Bank transfer (automatic),92.67,3363.71,No
CUST_04449,Female,1,No,Yes,32,Yes,Yes,DSL,Yes,Yes,No,Yes,Yes,Yes,Month-to-month,Yes,Electronic check,39.81,1277.74,No
CUST_04450,Male,0,Yes,Yes,41,Yes,No phone service,Fiber optic,No,No,Yes,No,Yes,Yes,Month-to-month,No,Credit card (automatic),94.96,3935.5,No
CUST_04451,Female,0,No,Yes,15,No,No phone service,DSL,No,No,Yes,Yes,Yes,Yes,Two year,No,Credit card (automatic),86.29,1300.22,No
CUST_04452,Female,0,No,No,31,Yes,No,Fiber optic,Yes,Yes,No,No,No,No,Month-to-month,No,Credit card (automatic),69.75,2194.49,No
CUST_04453,Male,0,No,No,6,Yes,No phone service,No,No internet service,No internet service,No internet service,No internet service,No internet service,No internet service,Two year,No,Electronic check,117.09,705.36,Yes
CUST_04454,Female,0,No,No,52,Yes,Yes,No,No internet service,No internet service,No internet service,No internet service,No internet service,No internet service,Month-to-month,No,Electronic check,108.11,5629.46,No
CUST_04455,Male,0,Yes,Yes,22,Yes,No phone service,DSL,Yes,Yes,Yes,Yes,No,Yes,Two year,No,Credit card (automatic),75.44,1685.37,No
CUST_04456,Male,0,No,No,31,Yes,Yes,DSL,No,Yes,No,Yes,Yes,Yes,Month-to-month,No,Bank transfer (automatic),74.89,2323.98,No
CUST_04457,Male,0,No,Yes,46,Yes,Yes,Fiber optic,No,Yes,No,Yes,No,No,Month-to-month,No,Bank transfer (automatic),46.33,2141.08,Yes
CUST_04458,Male,0,No,Yes,67,No,No phone service,No,No internet service,No internet service,No internet service,No internet service,No internet service,No internet service,Two year,Yes,Mailed check,111.86,7501.44,No
CUST_04459,Male,0,No,No,43,Yes,Yes,No,No internet service,No internet service,No internet service,No internet service,No internet service,No internet service,Month-to-month,No,Bank transfer (automatic),109.38,4705.57,No
CUST_04460,Female,1,No,Yes,1,Yes,Yes,DSL,No,Yes,No,Yes,No,No,Month-to-month,No,Mailed check,93.69,142.24,Yes
CUST_04461,Female,0,No,No,44,Yes,No,Fiber optic,Yes,No,No,No,Yes,No,Two year,Yes,Mailed check,31.04,1388.44,Yes
CUST_04462,Male,0,Yes,Yes,57,Yes,Yes,No,No internet service,No internet service,No internet service,No internet service,No internet service,No internet service,Two year,No,Credit card (automatic),89.77,5159.94,Yes
CUST_04463,Female,1,Yes,Yes,9,Yes,No,DSL,No,Yes,Yes,Yes,Yes,Yes,Month-to-month,No,Mailed check,43.82,412.27,Yes
CUST_04464,Male,0,Yes,Yes,5,Yes,Yes,No,No internet service,No internet service,No internet service,No internet service,No internet service,No internet service,One year,No,Bank transfer (automatic),37.26,188.42,No
CUST_04465,Female,0,No,No,9,Yes,No,DSL,Yes,No,No,Yes,No,Yes,One year,Yes,Bank transfer (automatic),95.44,893.74,No
CUST_04466,Female,0,No,Yes,45,No,No phone service,DSL,Yes,No,Yes,No,Yes,Yes,Month-to-month,No,Bank transfer (automatic),115.89,5217.11,No
CUST_04467,Female,0,No,No,24,Yes,No phone service,DSL,No,No,No,Yes,No,Yes,Month-to-month,Yes,Credit card (automatic),29.11,726.24,No
CUST_04468,Female,0,Yes,Yes,42,Yes,No,Fiber optic,Yes,Yes,Yes,Yes,No,No,Month-to-month,No,Mailed check,34.73,1465.43,No
CUST_04469,Male,0,No,Yes,22,Yes,Yes,No,No internet service,No internet service,No internet service,No internet service,No internet service,No internet service,Month-to-month,Yes,Electronic check,40.36,921.5,No
CUST_04470,Male,0,Yes,Yes,60,Yes,No,Fiber optic,Yes,Yes,Yes,No,No,Yes,Month-to-month,Yes,Mailed check,116.22,7017.65,No
CUST_04471,Female,0,No,No,37,Yes,No,DSL,Yes,Yes,No,Yes,Yes,No,Month-to-month,No,Mailed check,89.03,3342.0,Yes
CUST_04472,Female,0,No,No,39,Yes,Yes,DSL,No,Yes,No,Yes,Yes,No,Month-to-month,Yes,Credit card (automatic),87.19,3426.62,Yes
CUST_04473,Male,0,Yes,No,53,Yes,No phone service,Fiber optic,No,No,Yes,No,No,Yes,Month-to-month,Yes,Mailed check,69.51,3710.81,No
CUST_04474,Female,0,Yes,No,28,Yes,No,Fiber optic,Yes,Yes,Yes,Yes,Yes,No,Month-to-month,Yes,Bank transfer (automatic),72.83,2041.29,No
CUST_04475,Male,0,Yes,No,15,Yes,No phone service,Fiber optic,Yes,Yes,Yes,Yes,No,No,Month-to-month,Yes,Mailed check,47.6,752.46,No
CUST_04476,Male,0,Yes,Yes,60,Yes,No phone service,DSL,Yes,No,No,Yes,No,Yes,Two year,Yes,Credit card (automatic),33.76,2073.64,No
CUST_04477,Male,0,Yes,Yes,60,Yes,No phone service,Fiber optic,No,No,Yes,Yes,Yes,No,Two year,No,Mailed check,97.59,5877.2,No
CUST_04478,Female,0,Yes,No,6,Yes,No,No,No internet service,No internet service,No internet service,No internet service,No internet service,No internet service,Month-to-month,No,Credit card (automatic),66.01,435.75,No
CUST_04479,Male,0,No,No,52,Yes,No,Fiber optic,Yes,Yes,No,Yes,Yes,No,Month-to-month,No,Credit card (automatic),44.11,2333.74,No
CUST_04480,Female,0,Yes,No,12,Yes,Yes,Fiber optic,No,No,No,No,No,No,One year,Yes,Credit card (automatic),82.54,1029.81,Yes
CUST_04481,Male,0,No,No,19,Yes,Yes,No,No internet service,No internet service,No internet service,No internet service,No internet service,No internet service,Two year,No,Mailed check,39.36,785.87,No
CUST_04482,Female,0,No,Yes,2,Yes,No,Fiber optic,No,No,No,Yes,Yes,No,Month-to-month,Yes,Electronic check,67.86,146.47,Yes
CUST_04483,Female,1,No,No,55,Yes,Yes,Fiber optic,No,No,No,Yes,Yes,No,Month-to-month,Yes,Credit card (automatic),37.4,2094.71,No
CUST_04484,Female,0,No,No,15,No,No phone service,Fiber optic,Yes,No,No,Yes,Yes,Yes,Month-to-month,Yes,Credit card (automatic),95.49,1439.52,No
CUST_04485,Male,0,No,No,64,Yes,No phone service,DSL,No,Yes,No,No,Yes,No,One year,Yes,Bank transfer (automatic),50.72,3281.82,No
CUST_04486,Male,0,Yes,No,69,No,No phone service,Fiber optic,Yes,Yes,No,Yes,Yes,No,Two year,Yes,Credit card (automatic),63.05,4350.85,No
CUST_04487,Female,0,Yes,Yes,15,Yes,No phone service,No,No internet service,No internet service,No internet service,No internet service,No internet service,No internet service,Two year,Yes,Mailed check,95.0,1470.91,No
CUST_04488,Female,0,Yes,Yes,43,Yes,No,DSL,Yes,No,No,Yes,No,Yes,One year,No,Mailed check,85.28,3708.36,No
CUST_04489,Female,0,No,No,17,Yes,No,No,No internet service,No internet service,No internet service,No internet service,No internet service,No internet service,One year,Yes,Electronic check,58.77,1033.23,No
CUST_04490,Male,0,Yes,Yes,24,Yes,No,Fiber optic,No,No,Yes,Yes,No,No,Month-to-month,No,Bank transfer (automatic),25.24,610.6,Yes
CUST_04491,Male,1,No,Yes,30,Yes,No phone service,Fiber optic,No,No,Yes,Yes,Yes,Yes,One year,No,Credit card (automatic),112.0,3401.37,No
CUST_04492,Male,0,No,No,67,No,No phone service,Fiber optic,Yes,No,No,No,Yes,No,Month-to-month,Yes,Mailed check,18.81,1303.92,Yes
CUST_04493,Male,0,No,No,51,Yes,No,Fiber optic,Yes,Yes,No,No,Yes,Yes,Month-to-month,Yes,Bank transfer (automatic),92.93,4773.76,Yes
CUST_04494,Female,0,No,Yes,60,No,No phone service,No,No internet service,No internet service,No internet service,No internet service,No internet service,No internet service,Month-to-month,Yes,Mailed check,114.43,6914.67,No
CUST_04495,Female,1,Yes,Yes,3,Yes,No phone service,Fiber optic,No,No,Yes,No,No,Yes,One year,No,Credit card (automatic),49.28,152.49,No
CUST_04496,Male,0,Yes,Yes,5,No,No phone service,No,No internet service,No internet service,No internet service,No internet service,No internet service,No internet service,Two year,Yes,Mailed check,25.7,163.91,No
CUST_04497,Male,0,Yes,Yes,28,Yes,Yes,Fiber optic,Yes,No,Yes,Yes,Yes,Yes,One year,Yes,Bank transfer (automatic),43.45,1242.94,No
CUST_04498,Female,1,Yes,Yes,11,No,No phone service,Fiber optic,No,Yes,Yes,Yes,Yes,Yes,Month-to-month,No,Electronic check,49.97,556.94,Yes
CUST_04499,Male,0,Yes,No,72,Yes,No phone service,No,No internet service,No internet service,No internet service,No internet service,No internet service,No internet service,Month-to-month,No,Credit card (automatic),64.03,4643.42,No
CUST_04500,Male,0,No,Yes,72,Yes,Yes,DSL,Yes,Yes,No,No,No,No,Month-to-month,Yes,Mailed check,71.57,5193.33,No
CUST_04501,Male,0,Yes,Yes,15,Yes,Yes,Fiber optic,Yes,No,Yes,No,No,Yes,Month-to-month,Yes,Bank transfer (automatic),91.98,1387.99,Yes
CUST_04502,Male,0,No,Yes,48,Yes,No,DSL,Yes,No,No,Yes,No,Yes,Month-to-month,No,Mailed check,109.89,5314.56,No
CUST_04503,Male,0,No,Yes,46,Yes,No,No,No internet service,No internet service,No internet service,No internet service,No internet service,No internet service,Month-to-month,Yes,Mailed check,65.41,3013.46,No
CUST_04504,Male,0,No,Yes,28,Yes,No phone service,Fiber optic,No,No,Yes,No,No,No,One year,No,Electronic check,94.13,2665.08,Yes
CUST_04505,Female,0,Yes,Yes,7,Yes,No phone service,No,No internet service,No internet service,No internet service,No internet service,No internet service,No internet service,One year,Yes,Electronic check,30.97,256.74,No
CUST_04506,Male,0,No,Yes,71,Yes,No,No,No internet service,No internet service,No internet service,No internet service,No internet service,No internet service,Month-to-month,No,Credit card (automatic),51.54,3666.35,No
CUST_04507,Male,0,No,Yes,6,Yes,Yes,DSL,No,Yes,No,No,No,No,One year,Yes,Credit card (automatic),30.04,208.84,No
CUST_04508,Female,0,Yes,No,58,Yes,No phone service,DSL,No,Yes,No,Yes,No,Yes,Month-to-month,No,Credit card (automatic),88.56,5157.58,No
CUST_04509,Female,0,No,No,68,Yes,No phone service,Fiber optic,No,No,Yes,Yes,Yes,No,Month-to-month,Yes,Credit card (automatic),110.58,7549.79,Yes
CUST_04510,Female,0,No,Yes,55,Yes,Yes,Fiber optic,No,Yes,No,No,No,No,Two year,No,Bank transfer (automatic),108.68,5998.83,Yes
CUST_04511,Male,0,No,No,67,Yes,No,DSL,Yes,Yes,Yes,Yes,No,Yes,One year,No,Credit card (automatic),51.3,3449.49,No
CUST_04512,Female,0,Yes,No,49,Yes,No phone service,DSL,No,No,No,No,No,No,Month-to-month,Yes,Credit card (automatic),41.89,2065.32,No
CUST_04513,Male,0,No,No,51,Yes,Yes,Fiber optic,No,No,No,No,No,Yes,Two year,No,Mailed check,45.95,2386.84,Yes
CUST_04514,Male,0,No,No,59,Yes,No phone service,DSL,No,No,Yes,Yes,Yes,No,One year,Yes,Mailed check,47.31,2799.0,No
CUST_04515,Male,0,Yes,No,6,Yes,Yes,No,No internet service,No internet service,No internet service,No internet service,No internet service,No internet service,Month-to-month,No,Bank transfer (automatic),26.39,164.49,No
CUST_04516,Female,1,Yes,No,51,Yes,No phone service,No,No internet service,No internet service,No internet service,No internet service,No internet service,No internet service,One year,No,Mailed check,31.6,1616.51,No
CUST_04517,Female,0,No,Yes,38,No,No phone service,Fiber optic,Yes,No,No,No,Yes,No,Month-to-month,Yes,Mailed check,39.88,1519.05,No
CUST_04518,Female,0,Yes,Yes,11,Yes,Yes,DSL,No,Yes,Yes,Yes,Yes,No,One year,No,Bank transfer (automatic),18.83,207.89,No
CUST_04519,Female,0,Yes,No,52,Yes,No phone service,DSL,No,No,No,Yes,No,Yes,One year,Yes,Electronic check,22.82,1194.53,No
CUST_04520,Female,0,Yes,Yes,20,Yes,No phone service,Fiber optic,No,Yes,Yes,No,No,No,Two year,Yes,Mailed check,89.25,1794.68,No
CUST_04521,Male,0,Yes,No,10,Yes,Yes,No,No internet service,No internet service,No internet service,No internet service,No internet service,No internet service,Month-to-month,Yes,Electronic check,81.17,825.2,Yes
CUST_04522,Male,0,Yes,Yes,26,Yes,Yes,DSL,Yes,Yes,No,Yes,Yes,No,Month-to-month,Yes,Electronic check,114.43,2981.46,No
CUST_04523,Male,1,Yes,Yes,48,Yes,No,DSL,No,Yes,No,Yes,No,Yes,Two year,No,Electronic check,58.98,2835.71,No
CUST_04524,Male,0,Yes,Yes,14,Yes,Yes,DSL,Yes,Yes,Yes,No,Yes,Yes,Month-to-month,Yes,Bank transfer (automatic),63.32,913.58,No
CUST_04525,Female,0,No,No,59,Yes,No phone service,Fiber optic,No,No,Yes,Yes,Yes,Yes,Two year,No,Credit card (automatic),24.91,1505.56,No
CUST_04526,Female,0,Yes,Yes,12,No,No phone service,Fiber optic,No,Yes,No,No,No,No,Month-to-month,No,Bank transfer (automatic),33.53,433.86,No
CUST_04527,Male,0,Yes,Yes,23,Yes,Yes,DSL,No,No,No,No,No,No,Month-to-month,No,Bank transfer (automatic),88.54,2064.35,No
CUST_04528,Female,1,Yes,No,72,Yes,No phone service,Fiber optic,No,Yes,Yes,Yes,No,Yes,Month-to-month,No,Credit card (automatic),41.97,3044.16,No
CUST_04529,Female,0,No,No,39,Yes,Yes,Fiber optic,No,No,Yes,No,No,Yes,Two year,Yes,Electronic check,96.87,3809.8,No
CUST_04530,Male,0,Yes,Yes,9,No,No phone service,Fiber optic,No,No,No,No,Yes,No,Month-to-month,Yes,Credit card (automatic),89.98,854.91,Yes
CUST_04531,Male,0,Yes,No,25,Yes,No phone service,Fiber optic,Yes,Yes,Yes,Yes,No,No,Month-to-month,Yes,Electronic check,94.22,2386.89,Yes
CUST_04532,Female,0,No,Yes,17,Yes,No,No,No internet service,No internet service,No internet service,No internet service,No internet service,No internet service,Month-to-month,Yes,Credit card (automatic),88.44,1506.51,Yes
CUST_04533,Female,0,Yes,Yes,42,Yes,No,Fiber optic,Yes,No,No,No,Yes,Yes,Month-to-month,No,Electronic check,90.18,3816.15,No
CUST_04534,Male,0,No,No,29,Yes,Yes,Fiber optic,Yes,No,Yes,No,No,No,One year,No,Mailed check,73.77,2165.64,Yes
CUST_04535,Male,0,No,No,60,Yes,No,No,No internet service,No internet service,No internet service,No internet service,No internet service,No internet service,Month-to-month,Yes,Electronic check,87.18,5253.41,Yes
CUST_04536,Male,0,Yes,Yes,67,No,No phone service,No,No internet service,No internet service,No internet service,No internet service,No internet service,No internet service,Month-to-month,No,Credit card (automatic),71.67,4830.35,No
CUST_04537,Female,0,No,No,57,Yes,No,DSL,No,No,Yes,Yes,No,Yes,Month-to-month,Yes,Mailed check,39.02,2257.83,No
CUST_04538,Male,0,Yes,Yes,72,Yes,No,DSL,Yes,Yes,No,Yes,Yes,Yes,One year,No,Electronic check,40.2,2895.97,No
CUST_04539,Male,0,Yes,No,14,Yes,Yes,No,No internet service,No internet service,No internet service,No internet service,No internet service,No internet service,Month-to-month,Yes,Mailed check,59.34,854.78,No
CUST_04540,Female,0,No,No,39,Yes,No,DSL,No,No,No,Yes,Yes,Yes,Month-to-month,No,Mailed check,19.42,798.22,No
CUST_04541,Female,0,No,No,16,Yes,No,No,No internet service,No internet service,No internet service,No internet service,No internet service,No internet service,Month-to-month,Yes,Bank transfer (automatic),108.71,1765.87,Yes
CUST_04542,Female,0,Yes,No,18,Yes,No,DSL,No,No,Yes,Yes,No,Yes,Month-to-month,Yes,Credit card (automatic),45.36,819.93,No
CUST_04543,Female,0,Yes,No,20,Yes,No,No,No internet service,No internet service,No internet service,No internet service,No internet service,No internet service,Two year,No,Bank transfer (automatic),23.26,503.89,No
CUST_04544,Female,0,No,Yes,46,Yes,Yes,Fiber optic,No,Yes,No,No,Yes,Yes,Two year,No,Credit card (automatic),61.29,2866.47,No
CUST_04545,Male,1,Yes,Yes,45,Yes,No phone service,Fiber optic,Yes,Yes,No,Yes,No,Yes,Month-to-month,No,Electronic check,101.19,4596.19,No
CUST_04546,Male,0,Yes,Yes,4,Yes,Yes,DSL,Yes,Yes,Yes,Yes,No,No,One year,No,Bank transfer (automatic),58.53,252.25,Yes
CUST_04547,Female,0,Yes,No,20,Yes,Yes,No,No internet service,No internet service,No internet service,No internet service,No internet service,No internet service,One year,No,Mailed check,44.79,922.61,No
CUST_04548,Female,0,No,Yes,11,Yes,Yes,DSL,No,Yes,No,Yes,Yes,No,Two year,Yes,Bank transfer (automatic),73.58,838.95,No
CUST_04549,Female,0,Yes,Yes,65,Yes,No,DSL,No,No,Yes,Yes,No,No,Two year,No,Bank transfer (automatic),76.59,5013.93,No
CUST_04550,Female,0,Yes,No,18,Yes,No,DSL,Yes,No,No,Yes,No,Yes,Month-to-month,Yes,Mailed check,95.44,1751.18,No
CUST_04551,Female,1,Yes,No,39,No,No phone service,No,No internet service,No internet service,No internet service,No internet service,No internet service,No internet service,Two year,No,Credit card (automatic),99.57,3893.37,Yes
CUST_04552,Male,0,No,No,44,Yes,No,Fiber optic,Yes,Yes,Yes,No,Yes,No,Two year,Yes,Electronic check,90.03,4003.61,Yes
CUST_04553,Male,1,No,Yes,18,Yes,No phone service,Fiber optic,No,Yes,Yes,No,No,Yes,One year,No,Electronic check,18.46,374.79,No
CUST_04554,Male,0,No,Yes,47,Yes,No phone service,Fiber optic,Yes,Yes,Yes,No,No,Yes,One year,No,Mailed check,18.21,876.18,Yes
CUST_04555,Male,0,Yes,No,31,Yes,No,No,No internet service,No internet service,No internet service,No internet service,No internet service,No internet service,One year,Yes,Credit card (automatic),117.7,3655.24,No
CUST_04556,Female,0,No,Yes,39,Yes,No phone service,Fiber optic,Yes,No,Yes,No,No,No,Month-to-month,No,Credit card (automatic),44.95,1783.44,Yes
CUST_04557,Male,0,Yes,Yes,38,Yes,Yes,Fiber optic,Yes,Yes,No,No,No,No,One year,No,Bank transfer (automatic),46.8,1796.25,No
CUST_04558,Female,0,No,No,47,Yes,Yes,Fiber optic,Yes,No,No,No,No,Yes,One year,Yes,Electronic check,92.69,4393.43,No
CUST_04559,Female,1,Yes,Yes,70,Yes,Yes,Fiber optic,Yes,Yes,Yes,No,Yes,No,Month-to-month,Yes,Credit card (automatic),77.32,5428.3,No
CUST_04560,Female,1,No,No,8,Yes,No phone service,DSL,Yes,Yes,No,No,Yes,Yes,Two year,Yes,Mailed check,65.28,535.42,No
CUST_04561,Male,1,Yes,Yes,65,Yes,No phone service,DSL,No,No,No,Yes,Yes,Yes,Two year,Yes,Electronic check,29.88,1985.38,No
CUST_04562,Female,0,Yes,No,13,Yes,Yes,DSL,Yes,Yes,Yes,No,Yes,No,Month-to-month,Yes,Mailed check,26.31,372.84,No
CUST_04563,Male,0,No,Yes,55,No,No phone service,DSL,No,Yes,Yes,Yes,No,Yes,Two year,Yes,Credit card (automatic),89.77,4941.63,Yes
CUST_04564,Male,0,Yes,Yes,43,No,No phone service,Fiber optic,No,No,Yes,No,Yes,No,Month-to-month,Yes,Bank transfer (automatic),30.71,1354.98,No
CUST_04565,Female,0,No,No,4,Yes,No,Fiber optic,No,Yes,Yes,No,Yes,Yes,One year,Yes,Electronic check,62.45,287.45,Yes
CUST_04566,Female,0,No,No,71,Yes,No,No,No internet service,No internet service,No internet service,No internet service,No internet service,No internet service,Month-to-month,No,Credit card (automatic),93.08,6620.79,No
CUST_04567,Female,0,Yes,No,60,No,No phone service,DSL,Yes,No,Yes,No,Yes,Yes,One year,Yes,Credit card (automatic),112.17,6778.36,No
CUST_04568,Male,0,Yes,No,12,Yes,No phone service,Fiber optic,No,Yes,No,Yes,No,Yes,Month-to-month,No,Mailed check,107.11,1303.91,No
CUST_04569,Female,0,No,Yes,59,Yes,No,Fiber optic,Yes,No,No,No,Yes,No,Two year,No,Electronic check,106.13,6308.78,No
CUST_04570,Male,0,No,No,54,Yes,No,DSL,Yes,No,Yes,Yes,No,Yes,One year,Yes,Credit card (automatic),54.57,2961.29,No
CUST_04571,Female,0,No,No,44,Yes,No,Fiber optic,No,Yes,No,No,Yes,Yes,Month-to-month,No,Bank transfer (automatic),112.57,4983.6,Yes
CUST_04572,Female,0,Yes,No,16,No,No phone service,No,No internet service,No internet service,No internet service,No internet service,No internet service,No internet service,One year,No,Electronic check,87.73,1429.62,Yes
CUST_04573,Male,0,No,No,6,Yes,Yes,DSL,No,Yes,No,No,Yes,Yes,Two year,No,Mailed check,108.42,700.14,No
CUST_04574,Male,0,Yes,No,14,Yes,No,Fiber optic,No,No,Yes,Yes,Yes,No,Month-to-month,No,Bank transfer (automatic),27.07,399.4,No
CUST_04575,Male,0,Yes,Yes,58,Yes,No phone service,DSL,No,No,Yes,No,Yes,No,Month-to-month,No,Credit card (automatic),22.03,1286.99,Yes
CUST_04576,Male,0,No,No,31,No,No phone service,DSL,No,Yes,Yes,No,No,No,Two year,No,Credit card (automatic),61.82,1958.2,Yes
CUST_04577,Male,0,No,No,41,Yes,No phone service,Fiber optic,No,No,Yes,Yes,Yes,Yes,One year,Yes,Credit card (automatic),102.46,4202.86,No
CUST_04578,Male,0,Yes,No,35,Yes,Yes,No,No internet service,No internet service,No internet service,No internet service,No internet service,No internet service,Two year,No,Credit card (automatic),59.67,2132.71,Yes
CUST_04579,Female,0,Yes,Yes,10,Yes,No phone service,Fiber optic,Yes,Yes,Yes,Yes,No,Yes,Month-to-month,No,Mailed check,108.23,1087.87,Yes
CUST_04580,Female,0,Yes,Yes,30,No,No phone service,Fiber optic,Yes,Yes,Yes,Yes,No,No,Two year,No,Bank transfer (automatic),41.95,1287.01,No
CUST_04581,Male,0,Yes,Yes,44,Yes,No,No,No internet service,No internet service,No internet service,No internet service,No internet service,No internet service,Two year,Yes,Electronic check,22.01,1004.25,No
CUST_04582,Female,0,No,No,55,Yes,No phone service,DSL,Yes,No,No,Yes,Yes,No,Two year,No,Credit card (automatic),95.65,5277.63,No
CUST_04583,Male,0,Yes,No,71,Yes,Yes,Fiber optic,No,No,No,Yes,Yes,Yes,One year,Yes,Bank transfer (automatic),81.87,5854.95,Yes
CUST_04584,Female,0,No,Yes,18,Yes,Yes,Fiber optic,No,Yes,No,No,Yes,No,Month-to-month,Yes,Bank transfer (automatic),62.89,1161.69,No
CUST_04585,Female,0,No,Yes,39,Yes,Yes,No,No internet service,No internet service,No internet service,No internet service,No internet service,No internet service,One year,No,Bank transfer (automatic),104.22,4084.19,No
CUST_04586,Male,0,No,No,42,Yes,No,Fiber optic,Yes,Yes,Yes,Yes,No,Yes,Month-to-month,No,Bank transfer (automatic),102.07,4303.04,No
CUST_04587,Male,0,Yes,No,54,Yes,No phone service,No,No internet service,No internet service,No internet service,No internet service,No internet service,No internet service,One year,Yes,Mailed check,51.1,2765.13,No
CUST_04588,Male,0,Yes,No,30,Yes,Yes,DSL,No,Yes,No,No,Yes,No,One year,Yes,Bank transfer (automatic),103.47,3136.22,No
CUST_04589,Female,0,No,Yes,20,Yes,No,Fiber optic,No,No,No,Yes,Yes,No,One year,No,Mailed check,53.21,1082.33,No
CUST_04590,Male,0,No,No,42,Yes,No,Fiber optic,Yes,No,Yes,No,No,Yes,Month-to-month,Yes,Mailed check,81.43,3436.26,Yes
CUST_04591,Female,0,No,No,5,Yes,No,Fiber optic,Yes,No,Yes,No,Yes,No,One year,Yes,Credit card (automatic),37.63,235.67,No
CUST_04592,Male,1,No,Yes,50,Yes,No,Fiber optic,No,No,No,No,Yes,Yes,Month-to-month,Yes,Electronic check,44.95,2261.02,No
CUST_04593,Female,0,Yes,Yes,41,Yes,No,DSL,No,No,No,No,Yes,Yes,Month-to-month,No,Electronic check,63.68,2654.85,No
CUST_04594,Female,0,No,Yes,39,Yes,No,DSL,No,No,No,No,Yes,Yes,Month-to-month,No,Bank transfer (automatic),50.09,2002.21,No
CUST_04595,Male,0,Yes,No,57,Yes,No,DSL,Yes,Yes,Yes,No,No,No,Two year,No,Bank transfer (automatic),31.17,1817.97,Yes
CUST_04596,Female,0,Yes,Yes,57,Yes,No phone service,No,No internet service,No internet service,No internet service,No internet service,No internet service,No internet service,Two year,No,Electronic check,67.2,3831.2,No
CUST_04597,Female,0,Yes,Yes,37,Yes,No phone service,No,No internet service,No internet service,No internet service,No internet service,No internet service,No internet service,One year,No,Electronic check,70.16,2639.29,No
CUST_04598,Male,0,Yes,No,7,Yes,No,DSL,Yes,Yes,No,Yes,No,Yes,Two year,Yes,Mailed check,34.19,249.99,No
CUST_04599,Female,0,No,No,5,Yes,Yes,No,No internet service,No internet service,No internet service,No internet service,No internet service,No internet service,Month-to-month,No,Bank transfer (automatic),35.78,196.56,No
CUST_04600,Male,1,Yes,Yes,51,Yes,Yes,DSL,Yes,Yes,No,Yes,No,No,Two year,Yes,Electronic check,20.99,1120.24,No
CUST_04601,Male,0,No,No,8,Yes,Yes,Fiber optic,Yes,Yes,Yes,No,Yes,No,Two year,No,Electronic check,21.1,189.02,Yes
CUST_04602,Male,0,Yes,Yes,56,Yes,No,DSL,Yes,Yes,Yes,No,No,No,One year,Yes,Mailed check,54.58,3089.24,No
CUST_04603,Male,1,No,No,11,Yes,Yes,No,No internet service,No internet service,No internet service,No internet service,No internet service,No internet service,Month-to-month,Yes,Credit card (automatic),32.96,378.08,Yes
CUST_04604,Female,0,No,No,22,Yes,No phone service,Fiber optic,No,Yes,Yes,Yes,Yes,Yes,Month-to-month,No,Mailed check,111.75,2476.91,No
CUST_04605,Female,0,No,Yes,11,Yes,No phone service,DSL,Yes,Yes,Yes,Yes,No,Yes,Month-to-month,No,Electronic check,38.34,451.62,Yes
CUST_04606,Female,0,No,Yes,60,Yes,No phone service,Fiber optic,Yes,Yes,Yes,Yes,No,No,One year,Yes,Bank transfer (automatic),24.73,1531.1,No
CUST_04607,Male,0,No,Yes,15,Yes,No phone service,DSL,No,Yes,Yes,Yes,No,No,Month-to-month,No,Credit card (automatic),59.23,902.5,No
CUST_04608,Female,0,Yes,No,38,Yes,No,DSL,No,No,Yes,No,Yes,No,Month-to-month,Yes,Mailed check,37.63,1442.37,No
CUST_04609,Female,1,No,Yes,1,No,No phone service,DSL,No,No,Yes,No,No,Yes,Month-to-month,Yes,Credit card (automatic),24.3,25.61,Yes
CUST_04610,Male,0,Yes,No,46,Yes,Yes,DSL,Yes,Yes,No,No,Yes,No,Month-to-month,Yes,Credit card (automatic),94.78,4369.9,Yes
CUST_04611,Male,0,No,No,43,Yes,Yes,No,No internet service,No internet service,No internet service,No internet service,No internet service,No internet service,Month-to-month,No,Mailed check,74.82,3230.55,No
CUST_04612,Female,1,Yes,Yes,22,No,No phone service,Fiber optic,Yes,No,Yes,No,No,Yes,Month-to-month,Yes,Bank transfer (automatic),23.82,527.08,No
CUST_04613,Male,0,Yes,No,3,Yes,No phone service,DSL,Yes,No,Yes,Yes,No,No,One year,Yes,Electronic check,65.74,225.39,No
CUST_04614,Male,0,Yes,No,14,Yes,No phone service,DSL,Yes,No,Yes,No,Yes,No,Month-to-month,No,Electronic check,21.96,313.79,Yes
CUST_04615,Male,0,No,Yes,2,Yes,Yes,DSL,No,No,Yes,Yes,No,No,One year,Yes,Bank transfer (automatic),54.14,133.83,No
CUST_04616,Male,1,Yes,No,61,Yes,Yes,DSL,No,Yes,No,No,Yes,No,One year,Yes,Credit card (automatic),55.06,3367.82,No
CUST_04617,Female,0,No,No,32,Yes,No phone service,Fiber optic,Yes,No,Yes,No,No,Yes,Month-to-month,Yes,Bank transfer (automatic),101.94,3309.0,No
CUST_04618,Male,0,No,Yes,38,Yes,Yes,DSL,Yes,Yes,Yes,No,Yes,Yes,Month-to-month,No,Credit card (automatic),93.0,3549.32,No
CUST_04619,Male,0,Yes,Yes,46,Yes,Yes,Fiber optic,No,No,No,No,No,Yes,One year,No,Mailed check,109.49,5041.11,No
CUST_04620,Male,0,Yes,No,42,Yes,No,Fiber optic,Yes,Yes,Yes,Yes,No,Yes,Two year,No,Credit card (automatic),32.33,1399.78,No
CUST_04621,Male,1,No,No,6,Yes,No phone service,DSL,No,No,No,No,No,No,Month-to-month,Yes,Electronic check,72.44,454.77,No
CUST_04622,Male,0,No,No,41,Yes,No phone service,No,No internet service,No internet service,No internet service,No internet service,No internet service,No internet service,One year,No,Electronic check,20.06,863.44,No
CUST_04623,Male,0,No,No,25,Yes,No,DSL,No,No,Yes,No,No,Yes,Two year,No,Credit card (automatic),102.2,2570.71,No
CUST_04624,Male,1,No,Yes,11,Yes,No,DSL,No,No,No,No,No,Yes,Two year,No,Electronic check,55.39,634.3,Yes
CUST_04625,Male,0,No,No,41,Yes,Yes,DSL,No,Yes,No,No,Yes,Yes,Two year,No,Bank transfer (automatic),25.07,1050.11,No
CUST_04626,Female,0,No,No,71,Yes,No,DSL,No,Yes,Yes,Yes,No,No,Month-to-month,Yes,Credit card (automatic),51.12,3657.06,No
CUST_04627,Male,0,Yes,No,57,Yes,No phone service,DSL,No,No,Yes,No,No,Yes,Month-to-month,No,Bank transfer (automatic),47.27,2714.19,No
CUST_04628,Female,0,No,No,46,Yes,No phone service,DSL,No,Yes,No,No,Yes,No,Two year,Yes,Electronic check,96.13,4446.92,Yes
CUST_04629,Male,0,No,Yes,48,Yes,No phone service,No,No internet service,No internet service,No internet service,No internet service,No internet service,No internet service,Month-to-month,Yes,Bank transfer (automatic),30.91,1517.86,Yes
CUST_04630,Male,1,Yes,No,63,No,No phone service,Fiber optic,No,No,Yes,Yes,No,No,Month-to-month,No,Credit card (automatic),74.69,4726.15,No
CUST_04631,Male,0,Yes,Yes,39,Yes,Yes,Fiber optic,No,No,Yes,No,Yes,Yes,One year,No,Bank transfer (automatic),98.98,3894.43,No
CUST_04632,Male,0,Yes,Yes,10,Yes,No phone service,Fiber optic,No,No,Yes,Yes,Yes,No,One year,No,Bank transfer (automatic),93.43,970.04,No
CUST_04633,Female,0,No,Yes,70,Yes,No phone service,Fiber optic,No,Yes,Yes,No,No,Yes,One year,Yes,Electronic check,113.46,7979.81,No
CUST_04634,Male,0,Yes,Yes,65,Yes,Yes,DSL,No,No,Yes,Yes,Yes,Yes,Month-to-month,Yes,Electronic check,18.06,1197.72,No
CUST_04635,Male,0,Yes,Yes,59,Yes,Yes,DSL,Yes,No,No,Yes,No,No,Two year,Yes,Credit card (automatic),54.09,3191.37,No
CUST_04636,Female,0,No,No,36,Yes,No,DSL,No,Yes,No,Yes,Yes,No,Month-to-month,No,Credit card (automatic),55.7,2042.79,Yes
CUST_04637,Female,1,No,Yes,27,Yes,Yes,Fiber optic,Yes,Yes,No,Yes,Yes,No,Month-to-month,No,Electronic check,21.4,623.19,Yes
CUST_04638,Male,0,No,Yes,55,Yes,Yes,DSL,No,No,No,Yes,Yes,No,One year,Yes,Mailed check,101.36,5607.5,No
CUST_04639,Female,0,No,Yes,70,Yes,No phone service,DSL,No,Yes,Yes,Yes,No,No,Two year,Yes,Electronic check,88.27,6204.91,No
CUST_04640,Female,0,Yes,No,53,Yes,No phone service,DSL,Yes,Yes,No,No,No,No,One year,No,Mailed check,71.86,3836.79,No
CUST_04641,Female,1,No,Yes,60,Yes,No phone service,DSL,Yes,No,No,No,No,Yes,One year,No,Bank transfer (automatic),59.31,3590.76,No
CUST_04642,Male,0,Yes,No,61,Yes,No,DSL,No,Yes,No,Yes,No,Yes,One year,Yes,Credit card (automatic),109.33,6719.2,No
CUST_04643,Male,0,No,Yes,36,Yes,Yes,DSL,No,Yes,Yes,Yes,No,No,Month-to-month,Yes,Bank transfer (automatic),44.98,1622.22,No
CUST_04644,Male,0,Yes,Yes,27,Yes,No,DSL,Yes,Yes,Yes,No,No,Yes,One year,Yes,Bank transfer (automatic),52.12,1408.39,No
CUST_04645,Female,1,No,No,41,No,No phone service,DSL,Yes,No,Yes,Yes,Yes,Yes,Month-to-month,No,Electronic check,115.17,4770.11,Yes
CUST_04646,Male,0,No,No,28,No,No phone service,DSL,No,Yes,Yes,No,Yes,Yes,Two year,No,Credit card (automatic),24.59,710.59,Yes
CUST_04647,Female,0,No,No,16,Yes,No phone service,DSL,Yes,No,No,Yes,No,Yes,Month-to-month,Yes,Mailed check,97.62,1592.58,Yes
CUST_04648,Male,0,Yes,Yes,35,No,No phone service,DSL,Yes,No,No,No,Yes,Yes,Month-to-month,No,Electronic check,91.24,3231.15,No
CUST_04649,Male,0,Yes,No,36,Yes,No,Fiber optic,Yes,Yes,No,Yes,No,No,One year,Yes,Electronic check,109.99,3996.84,Yes
CUST_04650,Female,0,Yes,No,56,Yes,No phone service,DSL,Yes,No,No,Yes,No,No,Month-to-month,Yes,Bank transfer (automatic),27.24,1557.66,No
CUST_04651,Male,0,No,No,19,Yes,No,DSL,Yes,No,No,No,Yes,Yes,Month-to-month,Yes,Mailed check,116.99,2246.31,No
CUST_04652,Female,0,Yes,No,57,Yes,No,DSL,No,No,No,No,Yes,Yes,Month-to-month,Yes,Electronic check,20.94,1222.47,No
CUST_04653,Female,1,No,No,33,No,No phone service,DSL,No,Yes,No,Yes,No,No,Month-to-month,Yes,Credit card (automatic),52.45,1767.19,Yes
CUST_04654,Male,1,No,Yes,23,Yes,Yes,DSL,No,No,No,No,No,No,Two year,Yes,Mailed check,26.65,655.54,No
CUST_04655,Female,0,No,No,63,Yes,No,No,No internet service,No internet service,No internet service,No internet service,No internet service,No internet service,Month-to-month,Yes,Electronic check,23.22,1469.22,No
CUST_04656,Male,0,Yes,Yes,70,Yes,Yes,No,No internet service,No internet service,No internet service,No internet service,No internet service,No internet service,One year,No,Bank transfer (automatic),116.4,8162.01,No
CUST_04657,Male,0,No,No,22,Yes,No phone service,DSL,No,No,No,Yes,Yes,No,One year,Yes,Electronic check,91.41,2030.82,No
CUST_04658,Female,0,Yes,No,67,Yes,Yes,Fiber optic,Yes,No,Yes,Yes,No,Yes,One year,No,Mailed check,69.58,4695.16,No
CUST_04659,Male,0,No,Yes,59,Yes,Yes,DSL,Yes,No,No,No,No,Yes,One year,Yes,Bank transfer (automatic),29.04,1732.87,Yes
CUST_04660,Female,0,No,Yes,25,Yes,No phone service,DSL,Yes,No,No,Yes,No,No,One year,Yes,Electronic check,71.65,1803.3,No
CUST_04661,Male,0,No,Yes,17,Yes,Yes,Fiber optic,No,Yes,Yes,Yes,No,Yes,Month-to-month,Yes,Mailed check,50.65,862.63,No
CUST_04662,Male,0,Yes,Yes,39,Yes,No,DSL,Yes,Yes,Yes,No,No,Yes,One year,Yes,Mailed check,45.7,1824.5,No
CUST_04663,Male,0,Yes,No,39,Yes,No,Fiber optic,Yes,Yes,No,No,Yes,Yes,Month-to-month,Yes,Bank transfer (automatic),81.05,3181.76,Yes
CUST_04664,Male,0,No,Yes,24,Yes,No,Fiber optic,Yes,No,Yes,Yes,No,Yes,One year,Yes,Bank transfer (automatic),98.67,2384.65,Yes
CUST_04665,Male,0,Yes,No,38,No,No phone service,Fiber optic,Yes,No,Yes,Yes,No,No,Month-to-month,No,Credit card (automatic),63.21,2428.61,No
CUST_04666,Female,0,Yes,No,57,Yes,No,No,No internet service,No internet service,No internet service,No internet service,No internet service,No internet service,Month-to-month,Yes,Credit card (automatic),68.32,3900.18,No
CUST_04667,Female,1,No,No,44,Yes,Yes,Fiber optic,No,No,Yes,Yes,Yes,No,One year,Yes,Electronic check,84.45,3735.48,No
CUST_04668,Female,0,No,Yes,36,Yes,Yes,Fiber optic,No,No,No,No,No,Yes,Month-to-month,No,Credit card (automatic),30.71,1143.26,Yes
CUST_04669,Female,0,Yes,Yes,70,Yes,Yes,DSL,Yes,Yes,Yes,Yes,Yes,Yes,Two year,No,Credit card (automatic),102.52,7213.06,Yes
CUST_04670,Female,0,No,Yes,45,Yes,Yes,DSL,Yes,No,Yes,No,No,Yes,Month-to-month,No,Bank transfer (automatic),103.37,4690.14,Yes
CUST_04671,Female,0,No,No,26,No,No phone service,Fiber optic,No,Yes,No,Yes,No,Yes,Two year,Yes,Electronic check,73.19,1926.23,No
CUST_04672,Male,1,Yes,Yes,11,Yes,No,No,No internet service,No internet service,No internet service,No internet service,No internet service,No internet service,Month-to-month,Yes,Mailed check,37.13,426.89,No
CUST_04673,Male,0,Yes,Yes,52,No,No phone service,Fiber optic,Yes,No,Yes,No,Yes,Yes,Month-to-month,No,Bank transfer (automatic),69.08,3633.62,Yes
CUST_04674,Female,0,No,No,25,No,No phone service,No,No internet service,No internet service,No internet service,No internet service,No internet service,No internet service,Month-to-month,No,Mailed check,28.81,728.81,No
CUST_04675,Female,0,Yes,Yes,31,Yes,No phone service,DSL,No,No,No,No,Yes,Yes,Month-to-month,Yes,Credit card (automatic),95.86,3007.78,No
CUST_04676,Male,0,Yes,No,45,Yes,Yes,DSL,No,No,Yes,No,Yes,No,Month-to-month,No,Credit card (automatic),49.74,2282.59,No
CUST_04677,Male,1,No,Yes,67,Yes,No,DSL,Yes,Yes,Yes,No,Yes,No,Month-to-month,Yes,Credit card (automatic),49.73,3346.33,No
CUST_04678,Male,0,No,Yes,40,Yes,No,Fiber optic,Yes,No,Yes,No,No,No,Month-to-month,No,Mailed check,114.39,4585.69,Yes
CUST_04679,Female,0,No,Yes,46,Yes,No phone service,Fiber optic,No,No,Yes,Yes,No,No,Month-to-month,Yes,Electronic check,61.03,2832.99,No
CUST_04680,Female,0,No,Yes,54,Yes,Yes,DSL,Yes,Yes,Yes,No,No,No,Month-to-month,Yes,Bank transfer (automatic),98.54,5331.8,No
CUST_04681,Female,0,Yes,Yes,41,Yes,No phone service,No,No internet service,No internet service,No internet service,No internet service,No internet service,No internet service,Month-to-month,No,Credit card (automatic),82.99,3446.15,Yes
CUST_04682,Male,0,Yes,No,38,Yes,Yes,Fiber optic,Yes,No,No,No,Yes,Yes,One year,Yes,Credit card (automatic),50.25,1921.72,No
CUST_04683,Male,0,No,Yes,36,Yes,No phone service,Fiber optic,Yes,Yes,Yes,Yes,No,Yes,Month-to-month,No,Electronic check,30.63,1118.26,Yes
CUST_04684,Female,0,No,Yes,44,Yes,No,Fiber optic,No,No,No,Yes,Yes,Yes,Two year,Yes,Bank transfer (automatic),99.37,4416.69,No
CUST_04685,Female,0,No,Yes,57,Yes,No phone service,DSL,Yes,No,No,No,No,No,One year,No,Electronic check,95.78,5469.48,No
CUST_04686,Male,1,No,Yes,66,Yes,No,Fiber optic,Yes,No,No,Yes,No,No,One year,No,Electronic check,35.25,2371.05,Yes
CUST_04687,Male,0,Yes,Yes,30,Yes,No,DSL,No,Yes,No,No,Yes,No,Month-to-month,No,Credit card (automatic),43.41,1312.78,No
CUST_04688,Male,0,Yes,Yes,10,Yes,Yes,DSL,No,Yes,Yes,Yes,No,No,One year,No,Credit card (automatic),96.16,1007.15,No
CUST_04689,Male,0,No,Yes,61,Yes,No phone service,Fiber optic,No,Yes,Yes,No,No,Yes,Month-to-month,No,Electronic check,118.33,7234.03,No
CUST_04690,Female,0,No,No,63,Yes,No phone service,No,No internet service,No internet service,No internet service,No internet service,No internet service,No internet service,Two year,Yes,Mailed check,104.05,6567.55,No
CUST_04691,Male,0,Yes,No,36,Yes,No phone service,Fiber optic,No,Yes,Yes,Yes,Yes,Yes,Two year,No,Credit card (automatic),87.78,3184.06,No
CUST_04692,Male,0,Yes,Yes,54,Yes,No phone service,Fiber optic,No,Yes,Yes,Yes,No,No,One year,Yes,Bank transfer (automatic),111.37,6032.63,No
CUST_04693,Male,0,Yes,No,65,Yes,Yes,Fiber optic,No,Yes,Yes,No,Yes,No,Two year,Yes,Credit card (automatic),47.09,3071.2,No
CUST_04694,Female,0,Yes,Yes,4,Yes,Yes,DSL,No,Yes,No,No,Yes,Yes,One year,No,Mailed check,18.98,92.86,No
CUST_04695,Female,0,No,No,55,Yes,Yes,No,No internet service,No internet service,No internet service,No internet service,No internet service,No internet service,Month-to-month,Yes,Mailed check,50.74,2826.29,No
CUST_04696,Male,0,Yes,Yes,54,Yes,No,Fiber optic,No,Yes,Yes,No,No,Yes,One year,Yes,Electronic check,117.14,6367.01,No
CUST_04697,Male,0,Yes,Yes,64,No,No phone service,DSL,Yes,No,No,Yes,No,No,Month-to-month,Yes,Electronic check,107.96,6950.54,Yes
CUST_04698,Male,0,Yes,No,22,Yes,No,DSL,Yes,Yes,Yes,Yes,No,No,One year,No,Mailed check,23.14,546.84,No
CUST_04699,Female,1,No,Yes,25,Yes,Yes,DSL,No,No,No,Yes,Yes,Yes,Month-to-month,Yes,Bank transfer (automatic),69.2,1730.27,Yes
CUST_04700,Female,1,No,No,59,Yes,No,DSL,No,Yes,Yes,Yes,Yes,No,Month-to-month,Yes,Electronic check,26.06,1558.81,Yes
CUST_04701,Female,0,Yes,Yes,57,Yes,No phone service,DSL,No,No,Yes,No,No,Yes,One year,Yes,Mailed check,98.48,5621.88,No
CUST_04702,Male,0,Yes,Yes,54,Yes,No,DSL,Yes,Yes,No,No,No,Yes,Month-to-month,No,Bank transfer (automatic),56.01,3028.04,No
CUST_04703,Female,0,No,Yes,44,Yes,Yes,Fiber optic,No,No,Yes,Yes,No,Yes,One year,No,Bank transfer (automatic),111.02,4921.6,No
CUST_04704,Male,0,No,Yes,52,Yes,Yes,Fiber optic,No,Yes,Yes,No,Yes,No,One year,No,Mailed check,23.55,1264.49,No
CUST_04705,Male,1,Yes,No,16,Yes,Yes,Fiber optic,No,No,No,No,No,No,Two year,No,Mailed check,92.87,1526.61,No
CUST_04706,Male,0,No,Yes,16,Yes,Yes,DSL,Yes,Yes,Yes,Yes,No,No,Month-to-month,No,Bank transfer (automatic),58.74,984.28,No
CUST_04707,Female,0,Yes,No,55,Yes,No phone service,Fiber optic,No,No,Yes,Yes,No,No,One year,No,Bank transfer (automatic),45.36,2524.25,No
CUST_04708,Male,0,No,No,61,Yes,No,DSL,Yes,Yes,Yes,Yes,Yes,No,Two year,No,Mailed check,70.78,4367.48,No
CUST_04709,Female,0,Yes,Yes,40,No,No phone service,Fiber optic,Yes,No,Yes,Yes,Yes,Yes,Month-to-month,No,Mailed check,67.52,2724.97,No
CUST_04710,Female,0,Yes,Yes,21,Yes,Yes,DSL,Yes,Yes,No,Yes,No,Yes,Two year,No,Credit card (automatic),53.58,1169.33,No
CUST_04711,Male,0,No,No,66,Yes,No,Fiber optic,No,Yes,No,Yes,Yes,No,Month-to-month,No,Bank transfer (automatic),84.18,5561.75,No
CUST_04712,Male,0,Yes,No,8,Yes,No phone service,DSL,No,Yes,No,Yes,No,No,Month-to-month,Yes,Electronic check,85.45,691.08,No
CUST_04713,Female,0,No,Yes,71,Yes,Yes,Fiber optic,Yes,No,No,No,No,Yes,Month-to-month,No,Credit card (automatic),25.87,1866.15,Yes
CUST_04714,Male,0,No,No,10,Yes,No,No,No internet service,No internet service,No internet service,No internet service,No internet service,No internet service,One year,Yes,Credit card (automatic),78.73,793.53,No
CUST_04715,Female,0,No,No,57,Yes,No,Fiber optic,Yes,Yes,Yes,No,No,No,Month-to-month,Yes,Bank transfer (automatic),90.49,5161.98,Yes
CUST_04716,Male,0,Yes,No,4,Yes,No,DSL,No,Yes,Yes,Yes,Yes,No,Month-to-month,Yes,Bank transfer (automatic),25.74,112.77,No
CUST_04717,Female,0,Yes,Yes,43,Yes,No,DSL,No,No,No,Yes,Yes,No,Month-to-month,Yes,Credit card (automatic),85.23,3704.32,No
CUST_04718,Female,0,Yes,No,63,Yes,Yes,No,No internet service,No internet service,No internet service,No internet service,No internet service,No internet service,Month-to-month,Yes,Bank transfer (automatic),100.01,6346.73,Yes
CUST_04719,Female,1,No,No,43,Yes,Yes,Fiber optic,Yes,Yes,Yes,No,No,No,One year,Yes,Bank transfer (automatic),102.86,4439.58,No
CUST_04720,Female,1,Yes,No,67,Yes,No phone service,No,No internet service,No internet service,No internet service,No internet service,No internet service,No internet service,Month-to-month,No,Electronic check,22.25,1539.36,No
CUST_04721,Male,1,Yes,No,51,Yes,Yes,DSL,Yes,No,No,No,No,No,Month-to-month,Yes,Mailed check,89.14,4586.44,No
CUST_04722,Male,0,Yes,Yes,56,Yes,No,No,No internet service,No internet service,No internet service,No internet service,No internet service,No internet service,Month-to-month,Yes,Credit card (automatic),99.29,5571.64,No
CUST_04723,Female,0,Yes,Yes,43,Yes,No,No,No internet service,No internet service,No internet service,No internet service,No internet service,No internet service,One year,No,Bank transfer (automatic),58.48,2543.77,Yes
CUST_04724,Female,0,No,No,24,Yes,No,Fiber optic,No,Yes,No,No,Yes,Yes,Two year,Yes,Mailed check,73.37,1809.96,Yes
CUST_04725,Male,1,Yes,No,34,Yes,No phone service,DSL,No,Yes,No,Yes,Yes,No,One year,Yes,Mailed check,45.04,1573.86,No
CUST_04726,Male,1,No,No,59,Yes,Yes,Fiber optic,Yes,No,Yes,Yes,Yes,Yes,Two year,No,Mailed check,49.64,2947.2,No
CUST_04727,Male,1,No,Yes,2,No,No phone service,No,No internet service,No internet service,No internet service,No internet service,No internet service,No internet service,Month-to-month,Yes,Bank transfer (automatic),69.17,153.65,No
CUST_04728,Male,0,No,Yes,2,Yes,Yes,No,No internet service,No internet service,No internet service,No internet service,No internet service,No internet service,One year,No,Credit card (automatic),33.42,107.79,No
CUST_04729,Male,1,No,No,10,Yes,No,DSL,Yes,No,Yes,Yes,Yes,No,One year,No,Credit card (automatic),55.79,585.39,No
CUST_04730,Male,0,Yes,No,23,Yes,No,DSL,Yes,No,No,Yes,No,No,One year,Yes,Bank transfer (automatic),48.75,1129.34,No
CUST_04731,Female,0,Yes,Yes,15,Yes,No,No,No internet service,No internet service,No internet service,No internet service,No internet service,No internet service,Two year,Yes,Bank transfer (automatic),42.3,650.91,No
CUST_04732,Male,0,Yes,No,17,Yes,No phone service,Fiber optic,No,Yes,No,Yes,Yes,No,Month-to-month,Yes,Credit card (automatic),67.36,1178.15,No
CUST_04733,Male,0,No,No,14,No,No phone service,No,No internet service,No internet service,No internet service,No internet service,No internet service,No internet service,Month-to-month,Yes,Credit card (automatic),103.55,1457.29,Yes
CUST_04734,Female,0,Yes,Yes,16,Yes,No,No,No internet service,No internet service,No internet service,No internet service,No internet service,No internet service,Two year,No,Credit card (automatic),42.71,718.31,No
CUST_04735,Male,0,No,Yes,32,No,No phone service,No,No internet service,No internet service,No internet service,No internet service,No internet service,No internet service,Month-to-month,No,Electronic check,85.29,2764.86,Yes
CUST_04736,Male,0,Yes,Yes,23,Yes,No phone service,DSL,Yes,No,No,Yes,No,No,Month-to-month,No,Mailed check,43.93,1023.87,No
CUST_04737,Male,0,Yes,Yes,34,Yes,No phone service,DSL,Yes,Yes,No,No,No,Yes,Month-to-month,Yes,Electronic check,32.49,1124.65,No
CUST_04738,Male,1,Yes,Yes,16,Yes,Yes,DSL,No,Yes,No,Yes,Yes,Yes,Month-to-month,Yes,Electronic check,114.22,1874.27,Yes
CUST_04739,Male,0,No,No,34,Yes,No phone service,No,No internet service,No internet service,No internet service,No internet service,No internet service,No internet service,Month-to-month,Yes,Bank transfer (automatic),82.59,2845.52,No
CUST_04740,Female,0,Yes,Yes,71,Yes,No,Fiber optic,No,No,No,Yes,No,Yes,Two year,Yes,Mailed check,28.67,2074.88,No
CUST_04741,Male,0,No,Yes,33,Yes,Yes,DSL,Yes,No,Yes,Yes,Yes,Yes,Month-to-month,Yes,Mailed check,82.53,2749.29,No
CUST_04742,Female,1,No,Yes,68,Yes,No phone service,DSL,No,No,No,Yes,No,No,One year,No,Credit card (automatic),35.99,2457.8,No
CUST_04743,Female,0,No,Yes,43,Yes,No,DSL,No,Yes,No,Yes,No,Yes,Month-to-month,No,Bank transfer (automatic),108.56,4697.44,Yes
CUST_04744,Male,0,Yes,Yes,64,Yes,No phone service,No,No internet service,No internet service,No internet service,No internet service,No internet service,No internet service,Month-to-month,No,Bank transfer (automatic),43.24,2806.09,No
CUST_04745,Female,0,Yes,Yes,71,Yes,No,Fiber optic,Yes,No,No,Yes,No,No,Month-to-month,No,Credit card (automatic),100.29,7121.02,No
CUST_04746,Male,0,No,No,18,Yes,No,Fiber optic,No,Yes,No,Yes,Yes,No,One year,No,Credit card (automatic),38.32,695.41,No
CUST_04747,Female,0,No,Yes,68,Yes,No phone service,DSL,Yes,No,Yes,Yes,Yes,Yes,Month-to-month,Yes,Electronic check,74.95,5120.02,No
CUST_04748,Female,1,No,No,61,Yes,No phone service,No,No internet service,No internet service,No internet service,No internet service,No internet service,No internet service,One year,No,Credit card (automatic),111.06,6796.37,No
CUST_04749,Male,0,No,No,20,Yes,Yes,DSL,No,No,No,No,No,Yes,One year,No,Credit card (automatic),48.19,1012.96,No
CUST_04750,Male,0,No,Yes,11,Yes,No phone service,Fiber optic,No,Yes,No,Yes,Yes,Yes,Month-to-month,No,Bank transfer (automatic),26.3,293.94,Yes
CUST_04751,Male,1,Yes,Yes,46,Yes,No,DSL,Yes,Yes,No,No,No,No,Month-to-month,Yes,Electronic check,74.36,3436.95,Yes
CUST_04752,Male,1,Yes,No,64,Yes,Yes,DSL,No,No,Yes,Yes,No,Yes,Month-to-month,Yes,Mailed check,35.58,2317.73,No
CUST_04753,Male,0,Yes,No,28,Yes,No,DSL,Yes,No,No,Yes,Yes,Yes,One year,No,Electronic check,92.29,2614.77,No
CUST_04754,Female,1,No,No,48,Yes,No,Fiber optic,No,No,Yes,No,Yes,Yes,Two year,Yes,Bank transfer (automatic),78.26,3784.74,No
CUST_04755,Female,0,No,Yes,35,Yes,No phone service,Fiber optic,Yes,Yes,No,Yes,Yes,No,One year,Yes,Mailed check,53.33,1903.62,No
CUST_04756,Female,0,Yes,No,8,No,No phone service,DSL,No,No,No,Yes,Yes,Yes,Month-to-month,No,Electronic check,89.98,721.81,Yes
CUST_04757,Female,0,Yes,Yes,22,No,No phone service,DSL,No,No,No,Yes,Yes,Yes,Two year,Yes,Credit card (automatic),42.33,978.63,No
CUST_04758,Female,0,No,Yes,24,No,No phone service,No,No internet service,No internet service,No internet service,No internet service,No internet service,No internet service,Month-to-month,Yes,Electronic check,111.54,2686.47,No
CUST_04759,Female,0,No,No,66,Yes,Yes,DSL,Yes,Yes,No,Yes,No,No,Month-to-month,Yes,Mailed check,53.38,3527.34,No
CUST_04760,Female,0,No,Yes,64,Yes,No phone service,DSL,No,Yes,No,No,No,No,One year,No,Electronic check,95.82,6149.6,No
CUST_04761,Male,0,Yes,Yes,65,Yes,Yes,Fiber optic,No,No,Yes,Yes,Yes,No,Month-to-month,No,Electronic check,44.37,2919.1,No
CUST_04762,Male,0,No,No,14,Yes,No phone service,No,No internet service,No internet service,No internet service,No internet service,No internet service,No internet service,Two year,No,Electronic check,90.91,1284.34,No
CUST_04763,Female,0,No,No,25,Yes,Yes,DSL,Yes,No,No,Yes,Yes,No,Month-to-month,Yes,Credit card (automatic),21.22,532.89,No
CUST_04764,Female,0,No,Yes,3,Yes,No phone service,No,No internet service,No internet service,No internet service,No internet service,No internet service,No internet service,Month-to-month,No,Bank transfer (automatic),48.14,147.3,No
CUST_04765,Male,0,Yes,No,5,No,No phone service,DSL,Yes,No,Yes,No,Yes,Yes,Month-to-month,Yes,Bank transfer (automatic),27.47,150.2,Yes
CUST_04766,Male,0,No,Yes,65,Yes,Yes,DSL,Yes,Yes,No,No,No,No,One year,Yes,Bank transfer (automatic),64.02,4168.36,No
CUST_04767,Male,0,Yes,No,54,Yes,No phone service,DSL,Yes,No,Yes,Yes,Yes,Yes,One year,No,Electronic check,62.38,3387.2,No
CUST_04768,Male,0,No,No,19,Yes,No phone service,Fiber optic,No,Yes,No,Yes,No,Yes,Two year,No,Mailed check,54.62,1046.41,No
CUST_04769,Female,0,No,No,54,Yes,No,DSL,No,Yes,Yes,Yes,Yes,Yes,One year,Yes,Electronic check,118.08,6393.49,No
CUST_04770,Male,0,Yes,No,10,Yes,No,Fiber optic,No,Yes,Yes,Yes,No,Yes,One year,Yes,Electronic check,42.9,451.2,No
CUST_04771,Female,0,No,Yes,16,Yes,No phone service,DSL,No,No,No,Yes,No,Yes,Month-to-month,No,Bank transfer (automatic),98.69,1616.12,Yes
CUST_04772,Female,1,Yes,No,46,Yes,No phone service,DSL,Yes,Yes,No,No,Yes,No,Month-to-month,No,Bank transfer (automatic),63.64,2938.79,No
CUST_04773,Female,0,No,Yes,29,Yes,Yes,No,No internet service,No internet service,No internet service,No internet service,No internet service,No internet service,One year,Yes,Credit card (automatic),52.15,1536.12,No
CUST_04774,Male,0,Yes,Yes,15,Yes,Yes,Fiber optic,Yes,No,Yes,No,Yes,Yes,Two year,Yes,Electronic check,38.75,622.07,No
CUST_04775,Male,0,No,No,48,Yes,No,DSL,Yes,Yes,No,No,No,Yes,One year,No,Credit card (automatic),82.61,4014.46,Yes
CUST_04776,Female,1,Yes,No,11,Yes,No,Fiber optic,Yes,No,No,No,Yes,Yes,Month-to-month,Yes,Credit card (automatic),52.04,600.25,Yes
CUST_04777,Female,0,Yes,No,34,Yes,No,Fiber optic,No,Yes,No,Yes,Yes,Yes,One year,Yes,Credit card (automatic),100.92,3452.82,No
CUST_04778,Female,0,No,No,36,Yes,Yes,DSL,No,Yes,Yes,Yes,No,Yes,Month-to-month,Yes,Bank transfer (automatic),116.78,4235.78,No
CUST_04779,Male,0,Yes,No,30,Yes,Yes,Fiber optic,No,Yes,No,No,No,Yes,Month-to-month,Yes,Credit card (automatic),41.17,1259.34,Yes
CUST_04780,Female,0,No,Yes,19,Yes,Yes,DSL,Yes,Yes,No,No,Yes,No,One year,No,Electronic check,31.12,599.6,No
CUST_04781,Male,0,Yes,No,68,Yes,No,Fiber optic,Yes,No,Yes,No,Yes,No,One year,No,Credit card (automatic),50.18,3435.4,No
CUST_04782,Female,0,No,Yes,70,No,No phone service,Fiber optic,No,Yes,No,No,Yes,No,Month-to-month,No,Bank transfer (automatic),65.65,4644.13,Yes
CUST_04783,Female,0,No,Yes,33,Yes,No,DSL,Yes,No,No,No,Yes,Yes,One year,Yes,Electronic check,48.7,1639.08,No
CUST_04784,Female,0,No,Yes,22,Yes,Yes,DSL,Yes,No,No,Yes,Yes,No,Month-to-month,Yes,Electronic check,116.99,2587.9,No
CUST_04785,Male,0,No,Yes,36,Yes,No,DSL,Yes,Yes,No,No,Yes,No,Month-to-month,No,Mailed check,97.48,3556.59,No
CUST_04786,Male,0,Yes,No,23,Yes,No,No,No internet service,No internet service,No internet service,No internet service,No internet service,No internet service,One year,Yes,Bank transfer (automatic),116.55,2700.0,No
CUST_04787,Female,0,No,No,63,Yes,No,Fiber optic,No,Yes,No,Yes,No,No,Month-to-month,Yes,Mailed check,56.07,3551.95,No
CUST_04788,Male,0,No,Yes,26,Yes,No,DSL,No,Yes,No,No,No,Yes,One year,Yes,Bank transfer (automatic),49.08,1306.83,No
CUST_04789,Female,1,No,Yes,60,Yes,Yes,Fiber optic,Yes,Yes,No,No,No,Yes,One year,No,Bank transfer (automatic),59.55,3601.51,No
CUST_04790,Male,0,No,No,5,Yes,No,DSL,No,No,No,No,No,Yes,Two year,Yes,Bank transfer (automatic),71.33,371.17,Yes
CUST_04791,Male,0,No,Yes,54,Yes,Yes,Fiber optic,No,Yes,No,No,Yes,Yes,Two year,Yes,Mailed check,93.64,5079.84,Yes
CUST_04792,Male,0,Yes,No,38,Yes,No,Fiber optic,Yes,No,Yes,Yes,Yes,No,Month-to-month,No,Credit card (automatic),107.87,4115.78,No
CUST_04793,Female,0,No,Yes,62,Yes,Yes,No,No internet service,No internet service,No internet service,No internet service,No internet service,No internet service,Month-to-month,No,Bank transfer (automatic),65.24,4082.04,No
CUST_04794,Male,0,Yes,No,25,Yes,No phone service,DSL,No,No,No,No,No,No,One year,No,Electronic check,47.5,1193.53,No
CUST_04795,Male,0,Yes,Yes,12,Yes,Yes,Fiber optic,No,Yes,No,No,Yes,No,Month-to-month,Yes,Electronic check,50.52,643.78,No
CUST_04796,Female,1,No,Yes,22,Yes,Yes,Fiber optic,No,No,Yes,No,Yes,Yes,One year,No,Bank transfer (automatic),89.09,1968.01,No
CUST_04797,Female,0,No,Yes,9,Yes,No phone service,No,No internet service,No internet service,No internet service,No internet service,No internet service,No internet service,Month-to-month,Yes,Bank transfer (automatic),75.89,698.32,Yes
CUST_04798,Female,0,Yes,No,29,Yes,No phone service,Fiber optic,No,No,Yes,Yes,No,Yes,One year,No,Bank transfer (automatic),67.62,1977.72,No
CUST_04799,Female,0,Yes,No,44,Yes,No phone service,Fiber optic,Yes,Yes,No,Yes,No,Yes,Month-to-month,No,Credit card (automatic),38.68,1751.57,No
CUST_04800,Male,0,Yes,No,27,Yes,No phone service,DSL,No,No,No,Yes,No,Yes,Month-to-month,No,Bank transfer (automatic),107.3,2926.5,No
CUST_04801,Male,0,No,Yes,55,Yes,No phone service,Fiber optic,No,Yes,Yes,No,Yes,No,Two year,No,Credit card (automatic),97.66,5410.4,Yes
CUST_04802,Male,0,Yes,Yes,5,Yes,No phone service,No,No internet service,No internet service,No internet service,No internet service,No internet service,No internet service,Month-to-month,Yes,Credit card (automatic),32.35,189.49,No
CUST_04803,Male,0,Yes,Yes,52,Yes,No,No,No internet service,No internet service,No internet service,No internet service,No internet service,No internet service,One year,Yes,Bank transfer (automatic),55.47,2933.79,No
CUST_04804,Male,1,No,Yes,13,Yes,No,Fiber optic,Yes,Yes,Yes,No,No,No,One year,Yes,Bank transfer (automatic),73.3,961.74,Yes
CUST_04805,Female,0,Yes,Yes,42,Yes,No phone service,DSL,No,Yes,No,Yes,Yes,Yes,Month-to-month,No,Credit card (automatic),64.34,2732.63,Yes
CUST_04806,Male,1,No,Yes,15,No,No phone service,No,No internet service,No internet service,No internet service,No internet service,No internet service,No internet service,One year,Yes,Mailed check,58.58,918.5,No
CUST_04807,Male,0,Yes,No,18,Yes,Yes,DSL,No,No,No,Yes,Yes,No,Month-to-month,No,Credit card (automatic),91.32,1675.2,No
CUST_04808,Male,0,No,No,50,Yes,No phone service,DSL,No,Yes,Yes,Yes,No,No,Two year,No,Electronic check,23.56,1222.81,No
CUST_04809,Female,0,Yes,No,2,Yes,No,Fiber optic,No,No,Yes,No,No,Yes,One year,Yes,Bank transfer (automatic),66.08,162.2,Yes
CUST_04810,Female,0,No,Yes,13,No,No phone service,DSL,Yes,Yes,No,Yes,Yes,Yes,Month-to-month,No,Mailed check,44.74,622.97,No
CUST_04811,Male,1,No,No,68,Yes,Yes,No,No internet service,No internet service,No internet service,No internet service,No internet service,No internet service,Month-to-month,No,Mailed check,26.63,1819.7,No
CUST_04812,Female,0,Yes,Yes,47,Yes,No phone service,Fiber optic,No,Yes,Yes,No,Yes,Yes,One year,No,Bank transfer (automatic),65.42,3087.77,Yes
CUST_04813,Female,0,No,Yes,50,Yes,No,Fiber optic,Yes,No,No,Yes,No,Yes,One year,No,Mailed check,35.48,1796.18,No
CUST_04814,Female,0,Yes,No,12,Yes,No phone service,Fiber optic,No,Yes,No,Yes,No,No,One year,No,Electronic check,44.34,574.65,No
CUST_04815,Female,0,No,Yes,13,Yes,No phone service,Fiber optic,Yes,No,Yes,Yes,No,No,Month-to-month,Yes,Bank transfer (automatic),69.71,927.62,No
CUST_04816,Female,1,No,Yes,9,No,No phone service,Fiber optic,No,No,Yes,Yes,Yes,No,Two year,Yes,Credit card (automatic),117.32,1087.24,No
CUST_04817,Female,0,No,Yes,59,Yes,No phone service,DSL,No,Yes,Yes,Yes,No,Yes,Month-to-month,No,Bank transfer (automatic),87.79,5199.64,Yes
CUST_04818,Female,0,No,Yes,45,Yes,No phone service,Fiber optic,Yes,No,No,No,Yes,Yes,One year,No,Electronic check,46.52,2133.75,No
CUST_04819,Male,0,No,Yes,70,Yes,Yes,DSL,Yes,No,No,No,No,Yes,Month-to-month,Yes,Mailed check,57.01,4000.39,No
CUST_04820,Male,1,No,No,43,Yes,No,DSL,No,No,Yes,Yes,Yes,Yes,Month-to-month,No,Bank transfer (automatic),59.43,2584.99,No
CUST_04821,Female,0,No,No,23,No,No phone service,Fiber optic,Yes,Yes,No,Yes,No,No,One year,Yes,Electronic check,33.67,803.33,No
CUST_04822,Male,0,Yes,Yes,45,Yes,Yes,DSL,No,Yes,No,Yes,Yes,No,Month-to-month,Yes,Credit card (automatic),34.39,1567.56,No
CUST_04823,Male,0,Yes,Yes,23,Yes,No,No,No internet service,No internet service,No internet service,No internet service,No internet service,No internet service,Two year,No,Electronic check,33.14,797.39,No
CUST_04824,Female,0,No,No,34,Yes,No phone service,Fiber optic,Yes,No,No,No,No,No,One year,No,Bank transfer (automatic),71.21,2422.56,Yes
CUST_04825,Male,0,No,No,16,Yes,No,No,No internet service,No internet service,No internet service,No internet service,No internet service,No internet service,Two year,No,Electronic check,86.77,1430.35,No
CUST_04826,Female,0,No,No,63,Yes,Yes,DSL,Yes,Yes,No,Yes,No,No,Month-to-month,Yes,Credit card (automatic),78.25,4947.37,No
CUST_04827,Female,0,Yes,Yes,51,Yes,No phone service,No,No internet service,No internet service,No internet service,No internet service,No internet service,No internet service,Month-to-month,Yes,Bank transfer (automatic),117.73,6044.0,Yes
CUST_04828,Female,0,No,No,32,Yes,Yes,DSL,No,Yes,No,Yes,Yes,No,One year,No,Mailed check,30.84,1002.11,No
CUST_04829,Male,0,Yes,No,38,Yes,Yes,DSL,No,Yes,Yes,Yes,No,No,Month-to-month,No,Bank transfer (automatic),118.62,4516.97,No
CUST_04830,Male,0,No,Yes,56,Yes,No phone service,DSL,Yes,No,Yes,Yes,Yes,Yes,Month-to-month,Yes,Credit card (automatic),65.6,3693.12,Yes
CUST_04831,Male,0,No,Yes,69,Yes,Yes,Fiber optic,No,Yes,No,No,No,Yes,One year,Yes,Credit card (automatic),40.3,2820.61,No
CUST_04832,Male,1,No,No,17,Yes,No,DSL,Yes,No,Yes,No,No,Yes,One year,Yes,Bank transfer (automatic),114.21,1976.82,No
CUST_04833,Female,1,No,Yes,39,Yes,Yes,Fiber optic,No,No,No,Yes,Yes,Yes,Month-to-month,Yes,Credit card (automatic),65.8,2586.2,No
CUST_04834,Female,0,No,No,41,No,No phone service,DSL,Yes,No,No,Yes,No,No,Two year,No,Electronic check,53.43,2237.5,No
CUST_04835,Male,0,Yes,No,48,Yes,No phone service,DSL,Yes,No,Yes,Yes,No,Yes,Month-to-month,Yes,Electronic check,39.81,1931.25,No
CUST_04836,Female,0,No,Yes,28,Yes,No,Fiber optic,No,Yes,Yes,No,No,No,One year,No,Mailed check,45.32,1286.59,No
CUST_04837,Female,0,Yes,Yes,50,Yes,No phone service,DSL,Yes,Yes,Yes,No,No,No,Month-to-month,Yes,Bank transfer (automatic),117.88,5901.26,No
CUST_04838,Male,0,Yes,No,1,Yes,Yes,Fiber optic,No,Yes,Yes,Yes,No,No,Month-to-month,Yes,Mailed check,49.01,52.52,Yes
CUST_04839,Female,0,No,Yes,50,Yes,Yes,Fiber optic,Yes,Yes,No,Yes,No,No,One year,Yes,Electronic check,117.74,5904.31,No
CUST_04840,Male,0,No,Yes,19,Yes,No phone service,No,No internet service,No internet service,No internet service,No internet service,No internet service,No internet service,Two year,Yes,Mailed check,51.68,986.56,Yes
CUST_04841,Female,1,No,Yes,59,Yes,No,DSL,Yes,Yes,Yes,Yes,Yes,Yes,Month-to-month,No,Credit card (automatic),41.6,2477.81,No
CUST_04842,Male,0,Yes,Yes,68,No,No phone service,No,No internet service,No internet service,No internet service,No internet service,No internet service,No internet service,One year,No,Bank transfer (automatic),36.7,2538.81,No
CUST_04843,Female,0,Yes,Yes,67,Yes,No phone service,Fiber optic,Yes,No,Yes,No,Yes,No,Month-to-month,No,Bank transfer (automatic),60.01,4044.42,No
CUST_04844,Female,0,Yes,Yes,41,Yes,Yes,No,No internet service,No internet service,No internet service,No internet service,No internet service,No internet service,Two year,Yes,Bank transfer (automatic),42.15,1752.35,No
CUST_04845,Male,0,No,Yes,10,Yes,No phone service,DSL,No,Yes,Yes,Yes,No,Yes,One year,No,Electronic check,89.09,903.55,No
CUST_04846,Male,0,Yes,No,28,Yes,No phone service,Fiber optic,No,No,No,No,No,No,Two year,No,Credit card (automatic),42.46,1197.1,No
CUST_04847,Male,0,Yes,Yes,34,Yes,No,No,No internet service,No internet service,No internet service,No internet service,No internet service,No internet service,Month-to-month,No,Electronic check,103.21,3520.27,Yes
CUST_04848,Male,0,Yes,No,39,No,No phone service,DSL,Yes,Yes,Yes,No,Yes,No,Month-to-month,No,Credit card (automatic),103.07,4048.1,No
CUST_04849,Female,0,No,Yes,56,Yes,No,Fiber optic,Yes,No,No,Yes,No,Yes,Month-to-month,Yes,Credit card (automatic),47.12,2668.52,No
CUST_04850,Female,1,Yes,No,52,Yes,No,No,No internet service,No internet service,No internet service,No internet service,No internet service,No internet service,Month-to-month,Yes,Bank transfer (automatic),94.86,4943.79,Yes
CUST_04851,Male,0,Yes,Yes,3,Yes,Yes,Fiber optic,Yes,Yes,No,No,No,No,Month-to-month,Yes,Electronic check,105.47,336.36,Yes
CUST_04852,Female,0,No,No,23,Yes,Yes,DSL,No,No,Yes,Yes,Yes,No,Month-to-month,Yes,Mailed check,78.19,1826.89,No
CUST_04853,Male,0,No,Yes,17,Yes,Yes,Fiber optic,No,No,Yes,Yes,Yes,No,Two year,No,Mailed check,55.37,979.24,No
CUST_04854,Male,0,No,No,71,Yes,No phone service,DSL,No,Yes,No,Yes,No,No,Month-to-month,Yes,Bank transfer (automatic),62.98,4487.47,Yes
CUST_04855,Female,0,Yes,Yes,26,Yes,Yes,No,No internet service,No internet service,No internet service,No internet service,No internet service,No internet service,Two year,Yes,Electronic check,98.2,2566.65,No
CUST_04856,Female,0,Yes,Yes,18,Yes,No phone service,DSL,No,No,No,No,No,No,Month-to-month,Yes,Credit card (automatic),47.92,899.05,No
CUST_04857,Male,1,Yes,No,46,Yes,No,DSL,No,No,Yes,Yes,No,Yes,Two year,No,Bank transfer (automatic),52.12,2422.99,No
CUST_04858,Male,1,No,No,70,Yes,Yes,DSL,Yes,No,No,No,Yes,Yes,Two year,Yes,Mailed check,34.4,2450.84,No
CUST_04859,Male,0,Yes,Yes,31,Yes,No phone service,Fiber optic,Yes,No,Yes,Yes,Yes,Yes,Month-to-month,Yes,Mailed check,58.7,1830.35,No
CUST_04860,Female,1,No,No,9,No,No phone service,No,No internet service,No internet service,No internet service,No internet service,No internet service,No internet service,Two year,Yes,Credit card (automatic),26.82,279.97,No
CUST_04861,Female,0,No,No,35,Yes,No phone service,DSL,Yes,No,No,No,Yes,Yes,Two year,Yes,Electronic check,50.75,1784.19,No
CUST_04862,Female,0,Yes,Yes,60,Yes,No phone service,DSL,Yes,No,Yes,Yes,No,No,Month-to-month,No,Mailed check,56.09,3394.93,Yes
CUST_04863,Female,0,Yes,No,63,Yes,No,DSL,Yes,No,No,Yes,Yes,Yes,Two year,No,Electronic check,44.06,2789.89,No
CUST_04864,Male,0,Yes,Yes,52,Yes,Yes,No,No internet service,No internet service,No internet service,No internet service,No internet service,No internet service,Month-to-month,No,Electronic check,28.34,1478.66,Yes
CUST_04865,Male,0,No,No,48,Yes,Yes,Fiber optic,No,No,Yes,No,Yes,Yes,Month-to-month,Yes,Mailed check,71.21,3448.92,No
CUST_04866,Male,0,No,Yes,61,Yes,Yes,DSL,No,Yes,Yes,Yes,Yes,No,One year,Yes,Mailed check,106.24,6505.87,No
CUST_04867,Male,0,Yes,No,24,Yes,Yes,Fiber optic,No,Yes,Yes,Yes,Yes,No,Month-to-month,No,Bank transfer (automatic),52.24,1277.96,No
CUST_04868,Male,0,No,Yes,58,Yes,Yes,DSL,Yes,Yes,No,Yes,No,No,Month-to-month,Yes,Electronic check,42.15,2474.54,No
CUST_04869,Male,0,Yes,Yes,64,Yes,Yes,Fiber optic,Yes,Yes,No,No,Yes,No,Two year,No,Bank transfer (automatic),47.07,3031.35,Yes
CUST_04870,Female,1,Yes,No,30,Yes,No phone service,DSL,No,No,No,No,Yes,Yes,Two year,No,Electronic check,105.91,3210.88,No
CUST_04871,Female,0,Yes,No,29,Yes,Yes,No,No internet service,No internet service,No internet service,No internet service,No internet service,No internet service,Two year,Yes,Mailed check,71.84,2089.8,No
CUST_04872,Male,0,No,Yes,10,Yes,No phone service,No,No internet service,No internet service,No internet service,No internet service,No internet service,No internet service,One year,No,Electronic check,31.34,349.15,No
CUST_04873,Male,0,No,Yes,39,Yes,No,Fiber optic,Yes,No,Yes,No,Yes,No,Two year,No,Bank transfer (automatic),90.34,3552.27,Yes
CUST_04874,Female,0,Yes,No,55,Yes,No phone service,Fiber optic,No,No,No,Yes,Yes,No,Month-to-month,Yes,Electronic check,33.75,1880.33,No
CUST_04875,Female,0,Yes,No,28,Yes,No,Fiber optic,No,No,No,Yes,No,Yes,Two year,Yes,Mailed check,24.14,682.44,No
CUST_04876,Female,0,No,No,18,Yes,Yes,DSL,Yes,No,No,Yes,No,No,Month-to-month,Yes,Bank transfer (automatic),44.08,807.35,Yes
CUST_04877,Female,0,Yes,No,41,No,No phone service,Fiber optic,Yes,Yes,No,Yes,No,Yes,Two year,No,Electronic check,35.15,1455.72,No
CUST_04878,Male,0,No,No,65,Yes,No,Fiber optic,Yes,Yes,Yes,No,No,No,One year,Yes,Electronic check,79.71,5192.82,No
CUST_04879,Male,0,Yes,No,46,Yes,No phone service,No,No internet service,No internet service,No internet service,No internet service,No internet service,No internet service,Two year,Yes,Electronic check,67.43,3149.29,No
CUST_04880,Male,0,No,Yes,60,Yes,No phone service,DSL,No,No,Yes,Yes,No,No,Two year,Yes,Electronic check,91.85,5557.06,Yes
CUST_04881,Male,0,Yes,No,9,Yes,No,Fiber optic,No,Yes,Yes,No,No,No,Two year,Yes,Credit card (automatic),70.18,658.93,No
CUST_04882,Male,0,No,No,45,Yes,No,Fiber optic,No,Yes,Yes,No,No,Yes,One year,Yes,Electronic check,60.74,2743.52,No
CUST_04883,Female,1,Yes,No,60,Yes,Yes,DSL,No,No,Yes,No,Yes,No,Two year,Yes,Mailed check,71.67,4346.02,No
CUST_04884,Male,0,No,No,28,Yes,No phone service,Fiber optic,No,No,Yes,No,Yes,Yes,Two year,Yes,Mailed check,62.32,1782.36,No
CUST_04885,Female,0,No,Yes,3,Yes,No,No,No internet service,No internet service,No internet service,No internet service,No internet service,No internet service,Month-to-month,Yes,Bank transfer (automatic),21.78,67.29,No
CUST_04886,Male,0,No,Yes,51,Yes,No phone service,No,No internet service,No internet service,No internet service,No internet service,No internet service,No internet service,One year,Yes,Electronic check,87.43,4483.53,No
CUST_04887,Male,0,No,Yes,8,Yes,Yes,Fiber optic,No,No,No,No,No,Yes,Month-to-month,Yes,Credit card (automatic),116.14,959.35,Yes
CUST_04888,Male,1,Yes,Yes,70,Yes,Yes,DSL,Yes,Yes,No,Yes,Yes,Yes,Two year,No,Credit card (automatic),61.05,4276.64,No
CUST_04889,Male,0,No,No,59,Yes,No,No,No internet service,No internet service,No internet service,No internet service,No internet service,No internet service,Month-to-month,No,Mailed check,61.22,3614.52,No
CUST_04890,Male,0,No,Yes,61,Yes,Yes,Fiber optic,Yes,No,No,No,No,Yes,Two year,No,Credit card (automatic),22.67,1405.95,No
CUST_04891,Female,0,Yes,No,58,Yes,No,DSL,Yes,No,Yes,Yes,No,Yes,Month-to-month,No,Mailed check,108.82,6311.58,Yes
CUST_04892,Female,0,No,No,70,Yes,No phone service,DSL,No,Yes,No,No,Yes,No,Month-to-month,Yes,Electronic check,112.77,7896.27,No
CUST_04893,Female,0,Yes,Yes,12,Yes,No phone service,DSL,Yes,Yes,No,Yes,Yes,Yes,Two year,Yes,Bank transfer (automatic),100.94,1219.54,Yes
CUST_04894,Male,0,No,Yes,9,Yes,No,DSL,No,Yes,No,No,No,No,Month-to-month,No,Electronic check,28.85,305.12,Yes
CUST_04895,Male,0,No,No,49,Yes,No,Fiber optic,Yes,No,No,No,Yes,Yes,Month-to-month,Yes,Credit card (automatic),109.82,5419.63,No
CUST_04896,Female,0,No,Yes,17,Yes,No,DSL,No,Yes,No,No,Yes,Yes,Two year,Yes,Bank transfer (automatic),20.44,370.06,No
CUST_04897,Male,0,No,Yes,54,Yes,No phone service,DSL,Yes,Yes,No,No,Yes,Yes,Month-to-month,Yes,Bank transfer (automatic),63.35,3444.68,No
CUST_04898,Male,1,No,No,44,Yes,No phone service,DSL,No,Yes,No,No,Yes,No,One year,Yes,Mailed check,69.06,3073.1,No
CUST_04899,Female,0,No,No,32,Yes,Yes,Fiber optic,No,No,No,No,Yes,Yes,One year,Yes,Bank transfer (automatic),103.07,3321.9,No
CUST_04900,Male,0,Yes,No,35,Yes,Yes,DSL,No,No,Yes,Yes,No,Yes,Two year,No,Mailed check,94.59,3313.76,Yes
CUST_04901,Female,0,Yes,No,49,Yes,No phone service,DSL,Yes,Yes,Yes,Yes,No,No,Month-to-month,No,Credit card (automatic),99.3,4902.83,Yes
CUST_04902,Male,0,No,No,54,Yes,No phone service,DSL,No,No,Yes,Yes,Yes,No,Month-to-month,No,Mailed check,106.53,5755.29,Yes
CUST_04903,Female,0,No,Yes,16,Yes,No,Fiber optic,No,Yes,No,Yes,No,No,One year,No,Electronic check,66.56,1089.25,No
CUST_04904,Male,0,Yes,No,12,Yes,No phone service,DSL,No,Yes,Yes,Yes,No,No,Month-to-month,No,Credit card (automatic),97.59,1214.11,No
CUST_04905,Male,0,Yes,No,8,Yes,No phone service,Fiber optic,No,Yes,Yes,Yes,Yes,No,Month-to-month,No,Electronic check,24.94,205.38,No
CUST_04906,Female,0,No,No,21,Yes,Yes,DSL,Yes,No,No,No,Yes,No,Month-to-month,No,Credit card (automatic),63.34,1365.55,No
CUST_04907,Male,0,No,Yes,48,Yes,Yes,DSL,Yes,Yes,Yes,No,No,No,One year,No,Bank transfer (automatic),21.07,1013.85,No
CUST_04908,Male,1,No,No,8,Yes,No,DSL,Yes,No,Yes,Yes,No,Yes,Two year,No,Credit card (automatic),111.36,940.55,No
CUST_04909,Female,0,No,No,28,Yes,Yes,DSL,No,No,No,No,No,Yes,Month-to-month,Yes,Electronic check,115.76,3275.33,No
CUST_04910,Male,0,No,Yes,10,Yes,No,DSL,Yes,Yes,No,Yes,Yes,Yes,Month-to-month,Yes,Credit card (automatic),26.56,314.07,No
CUST_04911,Female,0,No,No,52,Yes,No phone service,DSL,Yes,No,Yes,Yes,Yes,No,One year,Yes,Electronic check,72.33,3794.46,No
CUST_04912,Male,0,Yes,No,15,Yes,No phone service,DSL,Yes,Yes,No,No,No,Yes,Month-to-month,No,Bank transfer (automatic),51.16,779.58,No
CUST_04913,Male,0,No,No,4,Yes,No,Fiber optic,Yes,Yes,No,No,Yes,No,One year,No,Electronic check,52.94,258.07,No
CUST_04914,Male,0,No,Yes,62,Yes,Yes,DSL,Yes,Yes,Yes,Yes,No,Yes,Month-to-month,No,Mailed check,63.97,3997.56,No
CUST_04915,Male,0,Yes,Yes,4,Yes,Yes,No,No internet service,No internet service,No internet service,No internet service,No internet service,No internet service,Month-to-month,No,Credit card (automatic),30.76,151.82,No
CUST_04916,Female,0,Yes,No,41,Yes,No phone service,No,No internet service,No internet service,No internet service,No internet service,No internet service,No internet service,Month-to-month,No,Electronic check,36.44,1515.44,No
CUST_04917,Male,0,Yes,No,55,Yes,Yes,Fiber optic,No,Yes,No,Yes,Yes,Yes,Month-to-month,No,Electronic check,76.89,4243.27,Yes
CUST_04918,Female,0,Yes,No,28,No,No phone service,DSL,Yes,Yes,No,Yes,No,No,Two year,No,Electronic check,19.91,584.07,No
CUST_04919,Male,0,No,Yes,47,Yes,No phone service,No,No internet service,No internet service,No internet service,No internet service,No internet service,No internet service,Two year,Yes,Mailed check,79.18,3739.75,No
CUST_04920,Male,0,Yes,Yes,9,Yes,Yes,DSL,No,Yes,No,Yes,Yes,No,One year,Yes,Bank transfer (automatic),50.53,497.47,No
CUST_04921,Male,0,Yes,Yes,2,Yes,No phone service,DSL,No,No,No,No,Yes,No,One year,No,Mailed check,102.89,207.21,Yes
CUST_04922,Male,0,No,Yes,67,Yes,No phone service,DSL,No,No,Yes,Yes,Yes,No,Month-to-month,No,Bank transfer (automatic),79.2,5332.95,No
CUST_04923,Female,0,Yes,Yes,48,Yes,Yes,No,No internet service,No internet service,No internet service,No internet service,No internet service,No internet service,One year,Yes,Mailed check,90.23,4372.64,Yes
CUST_04924,Female,0,Yes,Yes,69,Yes,No,DSL,Yes,No,No,No,No,Yes,One year,No,Electronic check,29.67,2048.7,No
CUST_04925,Female,0,No,No,28,Yes,Yes,No,No internet service,No internet service,No internet service,No internet service,No internet service,No internet service,Month-to-month,Yes,Mailed check,45.12,1277.42,No
CUST_04926,Female,0,No,Yes,14,Yes,Yes,DSL,No,Yes,No,No,Yes,Yes,Month-to-month,No,Credit card (automatic),119.66,1677.82,No
CUST_04927,Male,0,No,No,46,Yes,Yes,No,No internet service,No internet service,No internet service,No internet service,No internet service,No internet service,Month-to-month,Yes,Bank transfer (automatic),62.23,2892.45,Yes
CUST_04928,Female,0,No,Yes,13,Yes,Yes,No,No internet service,No internet service,No internet service,No internet service,No internet service,No internet service,Month-to-month,Yes,Electronic check,54.6,725.69,Yes
CUST_04929,Female,0,No,No,16,Yes,Yes,No,No internet service,No internet service,No internet service,No internet service,No internet service,No internet service,One year,No,Bank transfer (automatic),107.13,1762.12,No
CUST_04930,Male,0,No,Yes,40,Yes,Yes,Fiber optic,Yes,No,No,No,Yes,No,Two year,No,Electronic check,21.37,885.76,No
CUST_04931,Male,0,No,No,72,Yes,No,No,No internet service,No internet service,No internet service,No internet service,No internet service,No internet service,Two year,No,Electronic check,72.55,5251.47,Yes
CUST_04932,Male,0,Yes,No,30,Yes,No phone service,No,No internet service,No internet service,No internet service,No internet service,No internet service,No internet service,Month-to-month,No,Credit card (automatic),39.45,1229.25,Yes
CUST_04933,Male,0,Yes,No,65,Yes,No,DSL,Yes,No,Yes,Yes,Yes,Yes,Month-to-month,Yes,Mailed check,55.55,3622.03,Yes
CUST_04934,Female,0,No,Yes,58,Yes,Yes,Fiber optic,No,Yes,No,No,Yes,No,Month-to-month,Yes,Credit card (automatic),38.38,2253.99,No
CUST_04935,Female,0,Yes,Yes,48,Yes,No,Fiber optic,No,No,Yes,Yes,Yes,No,One year,Yes,Bank transfer (automatic),21.86,1076.32,No
CUST_04936,Male,1,No,Yes,49,Yes,No phone service,DSL,No,No,Yes,No,Yes,Yes,Month-to-month,No,Mailed check,60.48,2967.83,No
CUST_04937,Male,0,Yes,No,2,Yes,No,Fiber optic,Yes,No,Yes,No,No,Yes,Month-to-month,Yes,Bank transfer (automatic),98.5,243.6,No
CUST_04938,Male,0,No,No,14,Yes,Yes,DSL,No,No,Yes,No,Yes,No,One year,Yes,Mailed check,115.1,1646.4,No
CUST_04939,Female,0,Yes,No,17,Yes,No phone service,Fiber optic,Yes,Yes,No,Yes,Yes,Yes,Month-to-month,No,Credit card (automatic),81.63,1432.17,No
CUST_04940,Female,0,No,Yes,31,No,No phone service,DSL,No,Yes,Yes,No,No,No,Month-to-month,No,Electronic check,57.66,1836.63,No
CUST_04941,Male,0,Yes,Yes,10,Yes,Yes,DSL,No,Yes,No,Yes,Yes,No,Month-to-month,Yes,Bank transfer (automatic),96.53,989.24,No
CUST_04942,Male,0,No,No,70,Yes,No phone service,DSL,Yes,Yes,No,No,No,Yes,Month-to-month,Yes,Bank transfer (automatic),69.53,4907.48,Yes
CUST_04943,Female,0,Yes,Yes,37,Yes,No phone service,No,No internet service,No internet service,No internet service,No internet service,No internet service,No internet service,One year,Yes,Credit card (automatic),55.5,2082.28,Yes
CUST_04944,Male,0,Yes,Yes,64,Yes,Yes,DSL,Yes,Yes,Yes,No,No,Yes,Month-to-month,No,Credit card (automatic),36.27,2369.95,Yes
CUST_04945,Male,0,No,Yes,30,Yes,No,No,No internet service,No internet service,No internet service,No internet service,No internet service,No internet service,Month-to-month,Yes,Mailed check,99.21,2988.52,No
CUST_04946,Female,0,Yes,Yes,34,No,No phone service,Fiber optic,No,No,Yes,No,No,Yes,Month-to-month,No,Bank transfer (automatic),69.04,2348.17,No
CUST_04947,Male,0,Yes,No,18,Yes,No,Fiber optic,Yes,No,No,Yes,No,No,Month-to-month,No,Credit card (automatic),116.31,2102.84,No
CUST_04948,Female,0,Yes,Yes,63,Yes,No,DSL,No,Yes,Yes,Yes,Yes,No,Two year,No,Mailed check,99.79,6293.47,No
CUST_04949,Male,0,Yes,Yes,49,Yes,No phone service,DSL,No,Yes,No,No,Yes,No,Month-to-month,Yes,Mailed check,60.84,3003.09,No
CUST_04950,Male,0,Yes,No,56,Yes,No,Fiber optic,No,No,No,Yes,No,Yes,Month-to-month,No,Bank transfer (automatic),93.57,5243.61,No
CUST_04951,Female,0,No,No,58,Yes,No phone service,DSL,No,No,Yes,Yes,No,No,One year,Yes,Mailed check,64.25,3737.27,No
CUST_04952,Female,0,No,Yes,27,Yes,No phone service,Fiber optic,No,Yes,Yes,No,No,No,Month-to-month,No,Credit card (automatic),26.15,710.76,Yes
CUST_04953,Male,0,Yes,Yes,55,Yes,No phone service,No,No internet service,No internet service,No internet service,No internet service,No internet service,No internet service,One year,Yes,Credit card (automatic),70.7,3912.92,No
CUST_04954,Female,0,No,Yes,19,No,No phone service,DSL,Yes,No,Yes,No,No,Yes,Month-to-month,Yes,Credit card (automatic),106.3,2033.12,Yes
CUST_04955,Male,1,Yes,Yes,23,Yes,No,Fiber optic,Yes,No,No,No,Yes,Yes,Two year,Yes,Bank transfer (automatic),105.26,2444.42,Yes
CUST_04956,Male,1,No,No,47,No,No phone service,No,No internet service,No internet service,No internet service,No internet service,No internet service,No internet service,Two year,Yes,Credit card (automatic),76.65,3606.84,No
CUST_04957,Female,0,Yes,No,66,Yes,No phone service,No,No internet service,No internet service,No internet service,No internet service,No internet service,No internet service,One year,No,Electronic check,56.76,3772.16,No
CUST_04958,Male,0,Yes,No,51,Yes,No phone service,No,No internet service,No internet service,No internet service,No internet service,No internet service,No internet service,One year,Yes,Mailed check,19.03,977.05,No
CUST_04959,Male,0,Yes,Yes,28,Yes,No phone service,No,No internet service,No internet service,No internet service,No internet service,No internet service,No internet service,Month-to-month,No,Electronic check,49.76,1398.35,No
CUST_04960,Female,0,Yes,Yes,57,Yes,No phone service,DSL,Yes,No,No,Yes,No,No,Two year,No,Mailed check,118.96,6796.25,No
CUST_04961,Female,0,No,No,58,Yes,Yes,No,No internet service,No internet service,No internet service,No internet service,No internet service,No internet service,Month-to-month,No,Bank transfer (automatic),92.1,5385.64,Yes
CUST_04962,Male,0,No,Yes,15,Yes,No,No,No internet service,No internet service,No internet service,No internet service,No internet service,No internet service,Month-to-month,No,Credit card (automatic),91.19,1407.34,Yes
CUST_04963,Female,1,No,No,16,Yes,No,Fiber optic,No,Yes,No,No,No,Yes,Month-to-month,No,Mailed check,95.63,1578.05,Yes
CUST_04964,Female,0,Yes,No,47,Yes,No phone service,DSL,Yes,Yes,No,No,No,No,Month-to-month,Yes,Mailed check,81.25,3841.83,Yes
CUST_04965,Female,0,No,No,63,Yes,Yes,Fiber optic,No,Yes,Yes,No,Yes,No,One year,No,Credit card (automatic),77.76,4914.35,No
CUST_04966,Female,0,No,No,12,Yes,Yes,DSL,No,Yes,Yes,No,No,No,Month-to-month,Yes,Bank transfer (automatic),64.27,819.78,No
CUST_04967,Male,0,Yes,No,43,Yes,Yes,DSL,No,Yes,No,Yes,No,Yes,One year,Yes,Electronic check,63.28,2740.18,No
CUST_04968,Male,0,Yes,No,29,No,No phone service,Fiber optic,No,No,No,No,Yes,No,Month-to-month,Yes,Bank transfer (automatic),106.83,3098.42,No
CUST_04969,Male,0,Yes,No,49,Yes,Yes,Fiber optic,Yes,Yes,No,No,No,Yes,Two year,Yes,Credit card (automatic),58.13,2889.5,No
CUST_04970,Female,0,No,Yes,3,No,No phone service,Fiber optic,Yes,No,Yes,Yes,Yes,No,One year,No,Electronic check,103.71,319.59,No
CUST_04971,Female,0,No,No,69,Yes,Yes,DSL,No,Yes,Yes,No,No,No,One year,No,Credit card (automatic),103.45,7173.87,No
CUST_04972,Female,0,Yes,No,60,Yes,No phone service,Fiber optic,No,No,Yes,Yes,Yes,Yes,One year,No,Electronic check,96.63,5798.65,No
CUST_04973,Female,1,No,Yes,66,Yes,No phone service,DSL,No,Yes,No,Yes,Yes,No,Two year,Yes,Mailed check,21.84,1446.96,No
CUST_04974,Female,0,Yes,No,26,Yes,No,DSL,Yes,Yes,Yes,No,No,Yes,Month-to-month,Yes,Credit card (automatic),33.09,884.6,No
CUST_04975,Female,0,No,Yes,71,Yes,No phone service,Fiber optic,No,No,No,Yes,Yes,No,Month-to-month,No,Credit card (automatic),50.1,3560.49,No
CUST_04976,Female,0,Yes,No,69,Yes,Yes,DSL,Yes,No,Yes,Yes,No,Yes,One year,No,Mailed check,104.45,7251.37,No
CUST_04977,Male,0,No,Yes,47,Yes,No,DSL,Yes,No,No,Yes,Yes,No,Two year,Yes,Credit card (automatic),107.07,5069.9,No
CUST_04978,Male,0,No,Yes,42,No,No phone service,DSL,No,No,Yes,No,No,Yes,Month-to-month,No,Electronic check,22.24,950.44,No
CUST_04979,Female,1,No,Yes,31,Yes,No phone service,Fiber optic,No,No,No,Yes,Yes,Yes,Month-to-month,Yes,Credit card (automatic),51.12,1614.66,Yes
CUST_04980,Female,0,Yes,No,22,Yes,No,Fiber optic,No,Yes,No,Yes,Yes,Yes,Month-to-month,Yes,Bank transfer (automatic),104.74,2340.04,Yes
CUST_04981,Female,0,Yes,Yes,17,Yes,No phone service,DSL,No,Yes,No,Yes,No,Yes,Month-to-month,No,Electronic check,43.47,776.74,No
CUST_04982,Male,0,Yes,No,20,Yes,No phone service,DSL,No,Yes,Yes,Yes,No,Yes,Two year,No,Credit card (automatic),117.55,2370.83,No
CUST_04983,Male,0,No,No,8,Yes,Yes,Fiber optic,No,No,Yes,Yes,Yes,Yes,Month-to-month,Yes,Mailed check,67.91,588.21,No
CUST_04984,Female,0,Yes,No,49,Yes,Yes,No,No internet service,No internet service,No internet service,No internet service,No internet service,No internet service,One year,Yes,Bank transfer (automatic),113.61,5613.78,No
CUST_04985,Female,0,No,No,38,Yes,Yes,Fiber optic,Yes,No,No,Yes,Yes,No,Two year,No,Bank transfer (automatic),61.74,2355.92,No
CUST_04986,Male,0,Yes,No,53,Yes,No,No,No internet service,No internet service,No internet service,No internet service,No internet service,No internet service,Month-to-month,No,Mailed check,51.03,2750.02,No
CUST_04987,Male,0,Yes,No,28,Yes,Yes,Fiber optic,Yes,No,No,No,Yes,Yes,Month-to-month,No,Bank transfer (automatic),54.97,1574.68,No
CUST_04988,Male,1,No,No,29,Yes,No phone service,Fiber optic,No,No,No,Yes,Yes,No,Month-to-month,No,Bank transfer (automatic),108.2,3182.17,Yes
CUST_04989,Male,0,No,Yes,72,No,No phone service,No,No internet service,No internet service,No internet service,No internet service,No internet service,No internet service,One year,Yes,Electronic check,51.73,3745.82,No
CUST_04990,Female,0,Yes,No,11,Yes,Yes,Fiber optic,Yes,No,No,Yes,Yes,No,Month-to-month,Yes,Credit card (automatic),86.27,982.07,Yes
CUST_04991,Male,0,Yes,No,47,Yes,Yes,No,No internet service,No internet service,No internet service,No internet service,No internet service,No internet service,Month-to-month,Yes,Electronic check,65.92,3110.19,No
CUST_04992,Male,0,No,Yes,45,Yes,Yes,Fiber optic,Yes,Yes,No,No,No,Yes,Month-to-month,Yes,Mailed check,114.05,5169.83,Yes
CUST_04993,Female,0,No,No,18,Yes,No phone service,No,No internet service,No internet service,No internet service,No internet service,No internet service,No internet service,Month-to-month,Yes,Electronic check,34.26,645.68,No
CUST_04994,Male,0,Yes,Yes,50,Yes,Yes,Fiber optic,Yes,Yes,No,Yes,No,Yes,Month-to-month,No,Bank transfer (automatic),61.72,3110.2,No
CUST_04995,Male,1,No,Yes,49,Yes,No phone service,No,No internet service,No internet service,No internet service,No internet service,No internet service,No internet service,Month-to-month,Yes,Mailed check,30.71,1539.55,Yes
CUST_04996,Male,0,Yes,No,22,No,No phone service,DSL,No,No,No,No,Yes,No,Month-to-month,Yes,Credit card (automatic),76.97,1720.96,No
CUST_04997,Female,0,Yes,No,45,Yes,Yes,Fiber optic,No,Yes,No,No,No,No,One year,No,Mailed check,59.1,2697.58,No
CUST_04998,Male,1,Yes,Yes,61,Yes,No phone service,No,No internet service,No internet service,No internet service,No internet service,No internet service,No internet service,Month-to-month,Yes,Mailed check,24.22,1520.07,Yes
CUST_04999,Female,0,No,No,21,Yes,Yes,DSL,No,No,No,No,Yes,Yes,One year,No,Bank transfer (automatic),104.68,2238.38,No
CUST_05000,Female,0,Yes,Yes,71,Yes,Yes,Fiber optic,Yes,Yes,No,No,No,No,One year,No,Electronic check,56.3,4012.85,No
